user_input,retrieved_contexts,response,reference,nv_accuracy,faithfulness,nv_context_relevance
¿Que ha supuesto el compromiso de Atresmedia con la seguridad vial extendida a sus empleados?,"['El compromiso de Atresmedia con la seguridad vial también se extiende a sus empleados, por ello en 2017 se ha celebrado la segunda Semana de la Educación Vial, con el objetivo de formar y sensibilizar a la plantilla en esta materia.', 'Atresmedia es consciente de la decisiva labor de las empresas para la consecución de estas importantes metas y, por ese motivo, apoya con sus políticas, iniciativas y capacidad de difusión, la consecución de aquellos ODS en los que la contribución de la Compañía puede ser mayor y de especial incidencia.', 'El evento fue posible gracias a la colaboración de Atresmedia y una de las principales distribuidoras con las que trabaja, Warner Bros.', 'Esta estrategia marcará, previsiblemente, la pauta del posicionamiento futuro en este complejo sector respecto al resto de operadores audiovisuales, dado que permite una mayor especialización y una significativa disminución del riesgo de negocio para Atresmedia.', 'Atresmedia, primer grupo de comunicación audiovisual socio de Forética Atresmedia ha firmado un convenio de colaboración con Forética en virtud del cual la compañía audiovisual se convierte en el primer grupo de comunicación en ser socio de una de las entidades de referencia en RSE y sostenibilidad de España y Latinoamérica.']","en 2017 se ha celebrado la segunda Semana de la Educación Vial, con el objetivo de formar y sensibilizar a la plantilla en esta materia","en 2017 se ha celebrado la segunda Semana de la Educación Vial, con el objetivo de formar y sensibilizar a la plantilla en esta materia",1.0,1.0,1.0
¿Por qué se buscan procesos más eficientes para lograr un entorno más sostenible?,"['Somos conscientes del impacto de nuestra actividad en la sociedad y, por ello, buscamos procesos más eficientes e innovadores, apoyándonos en las nuevas tecnologías, que nos permitan contribuir de forma positiva a lograr un entorno más sostenible.', 'El Grupo ACS considera prioritaria la eficiencia del consumo de recursos y la reducción de la generación de residuos, ya que una estrategia efectiva en estos aspectos implica beneficios en una doble vertiente. Por un lado, se reduce el impacto ambiental sobre el entorno y, por otro, se reduce el gasto necesario para la compra o tratamiento de los mismos.', 'Gracias a la introducción de tecnologías innovadoras y el desarrollo de nuevas soluciones y procesos de negocio, buscamos convertirnos en un Grupo más efectivo, eficiente y orientado al cliente.', 'Llevamos años siendo cada vez más y más eficientes, por eso también cada vez es más difícil mejorar.', 'En 2015, a pesar de avanzar en la certificación de nuevos sistemas de gestión ambiental conforme a ISO 14001 y a los requisitos internos, se ha registrado una disminución del porcentaje de ebitda certificado, como consecuencia de la incorporación de nuevas actividades en Chile donde se está trabajando en adaptarlas a los referenciales internacionales y a los requerimientos internos en materia de gestión ambiental. En materia de cambio climático este año se ha mantenido el avance de los diferentes proyectos encaminados a la determinación de nuestra huella de carbono e identificación de los riesgos y oportunidades derivados del cambio climático.']",Somos conscientes del impacto de nuestra actividad en la sociedad,Somos conscientes del impacto de nuestra actividad en la sociedad,1.0,1.0,1.0
¿Cuál es la consecuencia de la adquisición?,"['Como resultado de la adquisición, Vidrala incrementará su notoriedad en el mercado de envases de vidrio europeo, aportando tamaño, diversificación y futuro a una base de negocio de solidez demostrada.', 'Esto redunda en una mejora de la autoestima, incrementando el orgullo de pertenencia a la empresa, y, por consiguiente, en la atracción y retención del talento.', 'Los cambios también han afectado a la distribución que debe adaptarse a los nuevos gustos. Aparecen nuevas opciones frente a la distribución tradicional como la compra por internet (super on line) donde el crecimiento es muy relevante y las posiciones de los principales actores en muchas ocasiones es distinta a la que tiene la distribución tradicional. Como resultado, hemos asistido a operaciones de fusión/concentración en algunos mercados relevantes.', 'Esta operación es positiva para los accionistas, ya que se estima que mejora el beneficio por acción (BPA) desde 2016.', 'Cuando el grupo actúa como arrendador de un bien, la suma de los valores actuales de los importes que recibirá del arrendatario se registra como una financiación prestada a terceros, por lo que se incluye en el epígrafe de ""Préstamos y partidas a cobrar"" del balance consolidado. Esta financiación incorpora el precio de ejercicio de la opción de compra a favor del arrendatario al vencimiento del contrato en los casos en que dicho precio de ejercicio sea suficientemente inferior al valor razonable del bien a la fecha de vencimiento de la opción, de modo que sea razonablemente probable que vaya a ejercerse.']","Vidrala incrementará su notoriedad en el mercado de envases de vidrio europeo, aportando tamaño, diversificación y futuro a una base de negocio de solidez demostrada","Vidrala incrementará su notoriedad en el mercado de envases de vidrio europeo, aportando tamaño, diversificación y futuro a una base de negocio de solidez demostrada",1.0,1.0,1.0
¿Qué efecto produce la existencia de transacciones relevantes en moneda extranjera?,"['Asimismo, y tal y como se describe en la nota 31.2.o, el Grupo aplica la contabilidad de coberturas al objeto de mitigar la volatilidad que se produciría en la cuenta de pérdidas y ganancias consolidada como consecuencia de la existencia de transacciones relevantes en moneda extranjera.', 'La entidad mantiene políticas de cobertura con el objetivo prioritario de minimizar el impacto negativo debido a movimientos adversos de los mercados de los cambios de divisas sobre las ratios de capital, así como sobre los resultados generados en su negocio en divisa. Las operaciones de cobertura cubren el riesgo de cambio de las inversiones realizadas en las sociedades del grupo radicadas en países cuya moneda funcional no es el euro (véase nota 4.4.3.1 apartado Riesgo estructural de tipo de cambio).', 'Otro factor que ha influido en esta caída de la rentabilidad ha sido la devaluación en un 23% del dólar canadiense ya que aproximadamente un 25% de los recursos de este subgrupo se generan en esta moneda (Catelli).', 'Como consecuencia de la intervención del BCe en los mercados, la excepcionalidad en el área euro es tal que los tipos de interés negativos de la deuda pública se han convertido en habituales.', 'El impacto de esta reforma global sobre la actividad económica es objeto de interés creciente, ya que representa un posible freno para el crecimiento económico.']",la volatilidad que se produciría en la cuenta de pérdidas y ganancias consolidada,el Grupo aplica la contabilidad de coberturas al objeto de mitigar la volatilidad que se produciría en la cuenta de pérdidas y ganancias consolidada ,0.5,1.0,1.0
"¿Por qué lo más destacable entre las bolsas europeas fue el positivo comportamiento de la bolsa británica?, ya que el índice Footsie 100 mostró una subida sustancial en la segunda mitad del año, una vez conocido el resultado del referéndum donde se acordó su salida de la Unión Europea","['Sin embargo, lo más destacable entre las bolsas europeas fue el positivo comportamiento de la bolsa británica, ya que el índice Footsie 100 mostró una subida sustancial en la segunda mitad del año, una vez conocido el resultado del referéndum donde se acordó su salida de la Unión Europea.', 'En los tres últimos años, la Compañía ha logrado unos sólidos resultados financieros que han hecho que el BPA ajustado de 2016 alcance los 90,2 céntimos de euro. En consecuencia, los derechos asignados en 2014 bajo el plan de acciones por desempeño, se consolidarán en 2016 en su nivel máximo en lo que respecta al parámetro de BPA. El precio de la acción registró un fuerte crecimiento en los dos primeros años y medio de los tres que integran el período de desempeño, aunque sufrió una importante caída tras el resultado del referéndum sobre la UE celebrado en el Reino Unido.', 'Europa ha tenido una primera mitad del año con fuerte incremento del consumo aparente, debido al incremento en la utilización por parte de los clientes finales pero también debido a la recuperación de stocks en la cadena de suministro.', 'otros movimientos que se han producido a lo largo del año han sido la reducción de las rentabilidades de la curvas de los países periféricos de la eurozona, con la excepción de Grecia, cuyas rentabilidades han aumentado sustancialmente en la última parte del año debido a la inestabilidad política.', 'La región EMEA se espera que continúe presentando resultados positivos de cara a los próximos meses, ya que las dinámicas de mercado en Europa siguen siendo buenas tanto en los segmentos vacacional, como urbano.']","el índice Footsie 100 mostró una subida sustancial en la segunda mitad del año, una vez conocido el resultado del referéndum donde se acordó su salida de la Unión Europea","el índice Footsie 100 mostró una subida sustancial en la segunda mitad del año, una vez conocido el resultado del referéndum donde se acordó su salida de la Unión Europea",1.0,1.0,1.0
¿Por qué se dan crecimientos generalizados por unidades?,"['Por unidades, crecimientos generalizados, ya que nueve de la diez principales unidades suben, y seis de ellas lo hacen a doble dígito.', 'Los estímulos gubernamentales parecen estar fomentando el crecimiento por medio tanto del consumo privado, que está redundando en una mejora de la confianza de los consumidores, como de la inversión, la cual está aumentando gracias a las facilidades de acceso al crédito impulsadas por el Fondo de Garantía del Crédito (CGF, por su siglas en inglés).', 'Importante crecimiento de los ROF (+15,9% interanual), gracias al muy buen desempeño de la Unidad de Global Markets, fundamentalmente durante la primera parte del ejercicio.', 'En un entorno de crecimiento económico tanto a nivel nacional como global – el PIB de España repuntó un 3,1% en 2017 en tasa interanual y el de la economía mundial un 3,7%- hemos sabido avanzar de forma firme pero no podemos olvidar que las incertidumbres del entorno pueden afectar a cualquier compañía de dimensión internacional y por ello, es importante contar con una relativa diversificación de la actividad.', 'Desde la fusión, sigue creciendo todos los meses respecto al mismo mes del año anterior, con lo que encadena, a cierre del Ejercicio 2014, 27 meses de crecimiento ininterrumpido.']","nueve de la diez principales unidades suben, y seis de ellas lo hacen a doble dígito","nueve de la diez principales unidades suben, y seis de ellas lo hacen a doble dígito",1.0,1.0,1.0
Con la revisión del estado actual de las instalaciones ¿qué se ha conseguido?,"['Además, se ha procedido a revisar el estado actual de las instalaciones obteniendo como resultado unas propuestas de mejora de ahorro y eficiencia energética.', 'Como consecuencia de las conclusiones que ofreció este informe, se han identificado los puntos significativos y las mejoras que deben abordarse en los próximos años.', 'Gracias a estas y otras mejoras, las incidencias en todas las plataformas se han reducido en un 61% con respecto al año anterior.', 'Nuestra evolución en los últimos años y nuestras fortalezas nos permiten acelerar nuestra transformación', 'Gran parte de las líneas están en proceso de ejecución, dado que muchos de los objetivos propuestos se han trazado a 2015.']",se ha procedido a revisar el estado actual de las instalaciones obteniendo como resultado unas propuestas de mejora de ahorro y eficiencia energética,unas propuestas de mejora de ahorro y eficiencia energética,0.75,1.0,1.0
¿Qué implica el hecho de que esta nueva revolución esté creando también nuevos desafíos sociales y de sostenibilidad? ,"['Esta nueva revolución está creando también nuevos desafíos sociales y de sostenibilidad, por lo que debemos estar preparados para hacerles frente.', 'Somos conscientes del impacto de nuestra actividad en la sociedad y, por ello, buscamos procesos más eficientes e innovadores, apoyándonos en las nuevas tecnologías, que nos permitan contribuir de forma positiva a lograr un entorno más sostenible.', 'Simultáneamente, hemos comenzado a trabajar en la cuarta edición, que supondrá una importante ampliación del alcance del programa, ya que también abarcará cuestiones adicionales de sostenibilidad ambiental.', 'La revolución digital, y sus implicaciones en términos de cambio de los procesos productivos, está llegando cada vez a un mayor número de sectores. Por ello, Dominion ofrece hoy soluciones y servicios a empresas en un amplio abanico de sectores y es previsible que este número se incremente en el futuro próximo.', 'Nuestra evolución en los últimos años y nuestras fortalezas nos permiten acelerar nuestra transformación']",debemos estar preparados para hacerles frente,debemos estar preparados para hacerles frente,1.0,1.0,1.0
¿A qué se debe que hayan participado personas con discapacidad?,"['Participando personas con discapacidad gracias a una beca David Feduchy.', 'Personas a las que quiero hacer llegar desde aquí mi más sincero agradecimiento, pues su contribución y compromiso han sido, y son, piedra angular para la consecución de nuestros objetivos y para nuestro futuro.', 'El evento fue posible gracias a la colaboración de Atresmedia y una de las principales distribuidoras con las que trabaja, Warner Bros.', 'Gracias a esta intervención, se ha atendido a cerca de 70.000 personas en consultas externas y de salud mental.', 'Applus+ cuenta con profesionales de gran talento, comprometidos y apasionados, que han contribuido al crecimiento y a la diversificación del negocio durante muchos años y por este motivo me gustaría expresarles mi agradecimiento por la gran labor que han realizado.']",a una beca David Feduchy,a una beca David Feduchy,1.0,1.0,0.5
¿En qué se han traducido los compromisos adquiridos en el Plan de Recapitalization?,"['Como consecuencia de los compromisos adquiridos en el Plan de Recapitalización, la actividad de la entidad en los mercados financieros se mantuvo reducida.', '2014 ha sido el primer año de la ejecución del Plan Estratégico a cinco años, un ejercicio en el que la Compañía ha vivido una profunda transformación gracias a la puesta en marcha de las iniciativas del Plan y sus positivos resultados.', 'Gran parte de las líneas están en proceso de ejecución, dado que muchos de los objetivos propuestos se han trazado a 2015.', 'En los tres últimos años, la Compañía ha logrado unos sólidos resultados financieros que han hecho que el BPA ajustado de 2016 alcance los 90,2 céntimos de euro. En consecuencia, los derechos asignados en 2014 bajo el plan de acciones por desempeño, se consolidarán en 2016 en su nivel máximo en lo que respecta al parámetro de BPA. El precio de la acción registró un fuerte crecimiento en los dos primeros años y medio de los tres que integran el período de desempeño, aunque sufrió una importante caída tras el resultado del referéndum sobre la UE celebrado en el Reino Unido.', 'Los equipos han seguido trabajando en la homogeneización de la flota en tres ámbitos: configuración de la cabina, sistemas de aviónica y equipamiento para casos de emergencia. La homogeneización se ha extendido a todas las nuevas aeronaves, incluidos los nuevos Airbus A320neo y los Airbus A350. El objetivo del programa sigue siendo reducir los gastos de explotación gracias a la simplificación de la flota y a inversiones en inmovilizado ágiles y flexibles.']",la actividad de la entidad en los mercados financieros se mantuvo reducida,la actividad de la entidad en los mercados financieros se mantuvo reducida,1.0,1.0,1.0
¿Por qué considera prioritario el Grupo ACS hacer eficiente el consumo de recursos y reducir la generación de residuos?,"['El Grupo ACS considera prioritaria la eficiencia del consumo de recursos y la reducción de la generación de residuos, ya que una estrategia efectiva en estos aspectos implica beneficios en una doble vertiente. Por un lado, se reduce el impacto ambiental sobre el entorno y, por otro, se reduce el gasto necesario para la compra o tratamiento de los mismos.', 'Gracias a la introducción de tecnologías innovadoras y el desarrollo de nuevas soluciones y procesos de negocio, buscamos convertirnos en un Grupo más efectivo, eficiente y orientado al cliente.', 'Somos conscientes del impacto de nuestra actividad en la sociedad y, por ello, buscamos procesos más eficientes e innovadores, apoyándonos en las nuevas tecnologías, que nos permitan contribuir de forma positiva a lograr un entorno más sostenible.', 'Lingotes Especiales apuesta decididamente por la Economía Circular ya que esta permite diseñar productos sin desechos que faciliten su desmontaje y su reutilización y convertir residuos en recursos, incorporándolos de nuevo al ciclo de la economía productiva y reduciendo, a la vez, el impacto ambiental de los procesos.', 'A pesar de los esfuerzos, este año el consumo energético fue superior al de 2015 debido a una mayor producción.']","una estrategia efectiva en estos aspectos implica beneficios en una doble vertiente. Por un lado, se reduce el impacto ambiental sobre el entorno y, por otro, se reduce el gasto necesario para la compra o tratamiento de los mismos",una estrategia efectiva en estos aspectos implica beneficios en una doble vertiente,0.75,1.0,1.0
¿Por qué supone una ventaja competitiva la firma de más de un centenar de acuerdos estratégicos en 2015?,"['La firma de más de un centenar de acuerdos estratégicos en 2015 supone una ventaja competitiva, ya que asegura unos niveles de competitividad en la adquisición de productos y servicios y garantiza el desarrollo de proyectos de innovación en materiales y procesos, que redundará en beneficio tanto de CIE Automotive como de sus proveedores y clientes a medio plazo. No obstante, estos acuerdos pueden suponer también un riesgo para la compañía, tal y como se muestra en el Top 15.', 'Operamos en una industria global y altamente competitiva por lo que no sólo debemos adaptarnos de forma continuada a los requisitos de nuestros clientes sino que consideramos el desarrollo conjunto una oportunidad de ventaja competitiva.', 'Operamos en una industria global y altamente competitiva por lo que no sólo debemos adaptarnos de forma continuada a los requisitos de nuestros clientes sino que consideramos el I+D una oportunidad de ventaja competitiva.', 'Gran parte de las líneas están en proceso de ejecución, dado que muchos de los objetivos propuestos se han trazado a 2015.', 'El beneficio antes de impuestos en 2015 fue de 31 millones de euros, gracias a la muy escasa morosidad (un 1%, diez veces menos que el promedio del sector), un balance equilibrado y un nivel de gastos de estructura muy bajo.']","asegura unos niveles de competitividad en la adquisición de productos y servicios y garantiza el desarrollo de proyectos de innovación en materiales y procesos, que redundará en beneficio tanto de CIE Automotive como de sus proveedores y clientes a medio plazo","asegura unos niveles de competitividad en la adquisición de productos y servicios y garantiza el desarrollo de proyectos de innovación en materiales y procesos, que redundará en beneficio tanto de CIE Automotive como de sus proveedores y clientes a medio plazo",1.0,0.6,1.0
¿Qué se consigue con el análisis y marcado de todas las sesiones con un valor de confianza?,"['Este procedimiento monitoriza en tiempo real operaciones de movimientos de fondos ordenadas desde las webs puestas al servicio del cliente, ya que todas sus sesiones son analizadas y marcadas con un valor de confianza.', 'Las reuniones celebradas con inversores institucionales, tanto presenciales como a través de conference calls, han aumentado durante este periodo, habiéndose celebrado 307 reuniones. Gracias a ellas, se ha mantenido un contacto directo con más de 791 compañías de inversión, cifra superior al de años anteriores. Además, se han realizado reuniones y numerosas conference calls con los analistas de los diferentes brokers que cubren la compañía.', 'En los últimos ejercicios el Grupo ha desarrollado e implantado las mejoras estructurales y operativas necesarias para reforzar y consolidar la visión integral de los riesgos, basada en información completa, precisa y recurrente, permitiéndole a la alta dirección valorar y decidir en consecuencia.', 'Una de las grandes ventajas de este sistema es su transparencia, ya que estas ideas son visibles de forma inmediata para toda la plantilla de modo que pueden ser votadas o enriquecidas con opiniones o aportaciones complementarias.', 'Vivimos una parte cada vez más importante de nuestra vida a través de la conectividad y los servicios digitales, por eso, sabemos que la responsabilidad que asumimos en este ámbito condiciona el éxito a futuro. Así lo ven también nuestros grupos de interés, en particular inversores y analistas, que consideran que la seguridad y la privacidad es una de las temáticas más importantes en nuestro compromiso hacia el cliente (ver capítulo Materialidad).']","se ha mantenido un contacto directo con más de 791 compañías de inversión, cifra superior al de años anteriores. Además, se han realizado reuniones y numerosas conference calls con los analistas de los diferentes brokers que cubren la compañía",Este procedimiento monitoriza en tiempo real operaciones de movimientos de fondos ordenadas desde las webs puestas al servicio del cliente,0.0,1.0,1.0
¿A qué se debe que Santander muestre gran resistencia ante el stress test de la EBA?,"['En el stress test de la EBA: Santander muestra una gran resistencia debido a su modelo de banca comercial y a su diversificación geográfica. En el escenario adverso, Santander es el banco que menos capital destruye entre los competidores', 'Santander es uno de los bancos más rentables y eficientes gracias al talento y trabajo de nuestros equipos, que han conseguido unos resultados excelentes, haciendo las cosas de manera más sencilla, personal y justa.', 'Quiero felicitar a los más de 200.000 profesionales que trabajan en el Grupo Santander, puesto que los logros alcanzados en 2017 no hubieran sido posibles sin la aportación de cada uno de ellos. tenemos el objetivo de consolidarnos como el mejor banco comercial para nuestros empleados, clientes, accionistas y la sociedad.', 'La morosidad y el coste de crédito permanecen en niveles moderados gracias a las políticas de admisión de nueva producción más estrictas en SC USA, y el buen comportamiento en las carteras de particulares y empresas en Santander Bank.', 'En un entorno económico y financiero complicado, pero con una leve y paulatina mejora a lo largo del año, la estrategia en 2014 se centró en: Lanzar el proyecto Santander Advance dirigido a las pymes con una oferta financiera y no financiera que ha proporcionado una importante notoriedad al Banco gracias a las actividades organizadas con clientes. Captar nuevos clientes y vincular a los existentes.']",a su modelo de banca comercial y a su diversificación geográfica,a su modelo de banca comercial y a su diversificación geográfica,1.0,1.0,1.0
¿Qué consecuencia han tenido las medidas de eficiencia y ahorro de agua?,"['Este año hemos podido seguir con nuestra tendencia descendente del consumo de agua relativo por prenda en un 1%, gracias a las medidas de eficiencia y ahorro de agua llevadas a cabo en nuestros centros.', 'Gracias a los diversos esfuerzos que se realizaron durante 2016, hemos reducido nuestro consumo global de agua en un 4,4% con respecto a 2015.', 'El total del alcance 1 y 2, foco principal de las emisiones de la entidad y que representan el 64% de su huella total, han experimentado un descenso del 1% gracias a las diferentes medidas de eficiencia energética que se han ido implantando durante 2014, como el cambio de luminarias a LED, las mejoras en domótica y climatización y la renovación del parque de equipos informáticos más ecoeficientes, entre otras.', 'El total del alcance 1 y 2, foco principal de las emisiones de la entidad al representar el 63,4% de su huella total, han experimentado un descenso del 5% gracias a las diferentes medidas de eficiencia energética que se han ido implantando durante los últimos años, como el cambio de luminarias a sistema LED, las mejoras en domótica y climatización, y la renovación de equipamientos por otros más ecoeficientes, entre otras.', 'Además, se ha procedido a revisar el estado actual de las instalaciones obteniendo como resultado unas propuestas de mejora de ahorro y eficiencia energética.']",Este año hemos podido seguir con nuestra tendencia descendente del consumo de agua relativo por prenda en un 1%,Este año hemos podido seguir con nuestra tendencia descendente del consumo de agua relativo por prenda en un 1%,1.0,0.75,1.0
"¿Qué ha permitido que no solo se encuentren hoy en una mejor posición para conseguir este objetivo, sino que puedan hacerlo escuchando mejor las aportaciones de los pacientes, los médicos y la comunidad científica?","['Además de las acciones que llevamos a cabo con nuestros interlocutores, los pacientes y la comunidad sanitaria, 2015 nos sirvió para reorientar toda nuestra organización al objetivo de ofrecer soluciones innovadoras para los pacientes en Dermatología a través de nuestro know-how acumulado y nuestra competencia técnica en este campo. Gracias a una amplia gama de acciones internas y externas, no solo nos encontramos hoy en una mejor posición para conseguir este objetivo, sino que podemos hacerlo escuchando mejor las aportaciones de los pacientes, los médicos y la comunidad científica.', 'Creemos firmemente que estamos bien preparados para afrontar este reto y marcar la diferencia. Entre otros motivos, porque gestionamos el ciclo de vida completo de los medicamentos, desde la formulación hasta la adherencia, lo que nos sitúa en una posición excelente para diseñar medicamentos que funcionan, ayudan y se adaptan a las necesidades de los pacientes.', 'Personas a las que quiero hacer llegar desde aquí mi más sincero agradecimiento, pues su contribución y compromiso han sido, y son, piedra angular para la consecución de nuestros objetivos y para nuestro futuro.', 'Nuestra evolución en los últimos años y nuestras fortalezas nos permiten acelerar nuestra transformación', 'Gracias a esta intervención, se ha atendido a cerca de 70.000 personas en consultas externas y de salud mental.']",una amplia gama de acciones internas y externas,una amplia gama de acciones internas y externas,1.0,0.125,1.0
¿Qué efecto tienen para el Banco los objetivos alcanzados en 2017?,"['Como consecuencia de los objetivos alcanzados en 2017, el Banco se sitúa en una posición sólida para encarar el Plan Director 2018-2020.', 'Quiero felicitar a los más de 200.000 profesionales que trabajan en el Grupo Santander, puesto que los logros alcanzados en 2017 no hubieran sido posibles sin la aportación de cada uno de ellos. tenemos el objetivo de consolidarnos como el mejor banco comercial para nuestros empleados, clientes, accionistas y la sociedad.', 'Por otro lado, los gastos financieros se han reducido significativamente como resultado de fructíferas negociaciones con los bancos que permitieron minorar el tipo de interés medio satisfecho por la Compañía, el cual se situó en 3,2% frente al 3,5% del año 2016, así como incrementar los plazos de vencimiento de los instrumentos de deuda con los que actualmente se financia.', 'Esta operación es positiva para los accionistas, ya que se estima que mejora el beneficio por acción (BPA) desde 2016.', 'Así, Bankia cerró el ejercicio 2018 con un elevado descenso de los riesgos dudosos del 31% (3.702 millones de euros) lo que permitió reducir la tasa de morosidad al 6,5%.']",se sitúa en una posición sólida para encarar el Plan Director 2018-2020,se sitúa en una posición sólida para encarar el Plan Director 2018-2020,0.75,1.0,1.0
Gracias a qué medida aplica Dominion su know how en diversos campos de actividad y zonas geográficas con una filosofía plug and play para promover el cross-selling y la capacidad de adaptación? ,"['Manteniendo su experiencia tecnológica y la inteligencia de los procesos a nivel central, Dominion aplica su know how en diversos campos de actividad y zonas geográficas con una filosofía plug and play para promover el cross-selling y la capacidad de adaptación gracias a la reducción de su dependencia de cualquier cliente o negocio individual.', 'La revolución digital, y sus implicaciones en términos de cambio de los procesos productivos, está llegando cada vez a un mayor número de sectores. Por ello, Dominion ofrece hoy soluciones y servicios a empresas en un amplio abanico de sectores y es previsible que este número se incremente en el futuro próximo.', 'Durante muchas generaciones hemos aplicado nuestro conocimiento y experiencia para innovar y reinventar la manera de hacer banca, manteniendo las fortalezas que nos han acompañado siempre. Estoy convencida de que lograremos el éxito porque:  nuestro crecimiento, rentabilidad y fortaleza de balance demuestran que nuestra estrategia está funcionando;  nuestro tamaño, diversificación y predictibilidad nos aportan una base sólida para innovar;  nuestra cultura —nuestro foco constante en ser un banco responsable— reforzará la confianza de las personas en nuestra marca.', 'Operamos en una industria global y altamente competitiva por lo que no sólo debemos adaptarnos de forma continuada a los requisitos de nuestros clientes sino que consideramos el I+D una oportunidad de ventaja competitiva.', 'La compañía ha ido ganando volumen merced a un modelo de negocio único en su sector, que le ha permitido aumentar su rentabilidad pese a los ciclos económicos adversos y ganarse la confianza del mercado.']",a la reducción de su dependencia de cualquier cliente o negocio individual,a la reducción de su dependencia de cualquier cliente o negocio individual,1.0,1.0,1.0
¿Qué efectos ha tenido la actividad de Gestamp?,"['importante, a la generación de riqueza y empleo, no solo de forma directa, sino concepto de impuestos. también a través de los flujos económicos indirectos e inducidos que se producen como consecuencia de la actividad de Gestamp.', 'Los proveedores de equipos y componentes, como Gestamp, son un elemento clave del sector ya que sus piezas suponen el 70-75% del total del vehículo. La tendencia hace prever que el porcentaje aumente en el futuro.', 'Todos los empleados de Gestamp tienen la obligación de conocer, comprender y aplicar el Código. Por ello, en el plan de bienvenida de los nuevos empleados se incluye un curso de formación específico obligatorio.', 'El impacto de esta reforma global sobre la actividad económica es objeto de interés creciente, ya que representa un posible freno para el crecimiento económico.', 'otros movimientos que se han producido a lo largo del año han sido la reducción de las rentabilidades de la curvas de los países periféricos de la eurozona, con la excepción de Grecia, cuyas rentabilidades han aumentado sustancialmente en la última parte del año debido a la inestabilidad política.']",también a través de los flujos económicos indirectos e inducidos que se producen como consecuencia de la actividad de Gestamp,los flujos económicos indirectos e inducidos que se producen,0.75,1.0,1.0
"Santander es uno de los bancos más rentables y eficiente, ¿gracias a qué?","['Santander es uno de los bancos más rentables y eficientes gracias al talento y trabajo de nuestros equipos, que han conseguido unos resultados excelentes, haciendo las cosas de manera más sencilla, personal y justa.', 'Quiero felicitar a los más de 200.000 profesionales que trabajan en el Grupo Santander, puesto que los logros alcanzados en 2017 no hubieran sido posibles sin la aportación de cada uno de ellos. tenemos el objetivo de consolidarnos como el mejor banco comercial para nuestros empleados, clientes, accionistas y la sociedad.', 'En el stress test de la EBA: Santander muestra una gran resistencia debido a su modelo de banca comercial y a su diversificación geográfica. En el escenario adverso, Santander es el banco que menos capital destruye entre los competidores', 'La morosidad y el coste de crédito permanecen en niveles moderados gracias a las políticas de admisión de nueva producción más estrictas en SC USA, y el buen comportamiento en las carteras de particulares y empresas en Santander Bank.', 'Durante muchas generaciones hemos aplicado nuestro conocimiento y experiencia para innovar y reinventar la manera de hacer banca, manteniendo las fortalezas que nos han acompañado siempre. Estoy convencida de que lograremos el éxito porque:  nuestro crecimiento, rentabilidad y fortaleza de balance demuestran que nuestra estrategia está funcionando;  nuestro tamaño, diversificación y predictibilidad nos aportan una base sólida para innovar;  nuestra cultura —nuestro foco constante en ser un banco responsable— reforzará la confianza de las personas en nuestra marca.']","al talento y trabajo de nuestros equipos, que han conseguido unos resultados excelentes, haciendo las cosas de manera más sencilla, personal y justa","al talento y trabajo de nuestros equipos, que han conseguido unos resultados excelentes, haciendo las cosas de manera más sencilla, personal y justa",1.0,0.8333333333333334,1.0
"La caída en las unidades físicas vendidas y el menor precio medio de venta, ¿qué han propiciado?","['Estas ventas han supuesto un ingreso de 2.412 millones de euros en el ejercicio 2016, un 16,4% inferior al del ejercicio 2015 como consecuencia de la caída en las unidades físicas vendidas y del menor precio medio de venta.', 'Estas ventas han supuesto un ingreso de 2.885 millones de euros en el ejercicio 2015, un 5,3% menor al del ejercicio 2014 ya que la caída en las ventas físicas como consecuencia de la reducción en el número de clientes a precio regulado (–9,5%) y el incremento del coste de la energía no se ha visto compensada por el incremento del precio medio de venta.', 'En 2014 ha continuado la caída en ventas como consecuencia de la situación general económica y en particular del sector de la construcción.', 'Las ventas netas aumentaron un 25,7% en moneda local, pero descendieron un 1,5% en euros hasta los 3.122 millones debido a la depreciación de las divisas registradas en el año (-4,8% real brasileño, -37,4% peso argentino y -5,2% yuan chino)', 'Este nivel es el inferior al del año pasado debido a la incorporación del perímetro de banca mayorista global.']","Estas ventas han supuesto un ingreso de 2.412 millones de euros en el ejercicio 2016, un 16,4% inferior al del ejercicio 2015","Estas ventas han supuesto un ingreso de 2.412 millones de euros en el ejercicio 2016, un 16,4% inferior al del ejercicio 2015",1.0,1.0,1.0
¿Cuál ha sido el resultado del firme compromiso con la transformación digital?,"['Los clientes digitales aumentaron en el año 2017 un 10%, hasta los 4,4 millones de clientes, como resultado de nuestro firme compromiso con la transformación digital.', 'La transformación digital está impactada por los cambios en los hábitos de los consumidores, y por ello se ha iniciado un nuevo modelo de relación con los clientes, buscando nuevas formas de acercarse, allí donde ellos estén, para ser más convenientes. El objetivo ha sido mejorar la propuesta de valor y servicio del Grupo, asegurando la metodología y sistemática comercial, adaptándose a los diferentes segmentos y llevando la relación con el cliente donde más lo necesita en cada momento.', 'Santander quiere proporcionar a sus clientes una experiencia de servicio excelente y, por ello, durante este año ha puesto en marcha nuevas iniciativas que pretenden mejorar los procesos desde la visión del cliente incorporando los beneficios que supone la transformación digital.', 'Gracias a nuestra visión estratégica y a un importante rigor en la gestión, acompañada por unos sólidos valores, aquilatados por el fuerte componente familiar, hemos superado con éxito una compleja etapa en la que hemos logrado alcanzar la mayor parte de los objetivos propuestos, afrontando el futuro con solvencia y optimismo.', 'Nuestra evolución en los últimos años y nuestras fortalezas nos permiten acelerar nuestra transformación']","Los clientes digitales aumentaron en el año 2017 un 10%, hasta los 4,4 millones de clientes","Los clientes digitales aumentaron en el año 2017 un 10%, hasta los 4,4 millones de clientes",1.0,1.0,1.0
¿A raíz de qué subió ligeramente el consumo total de electricidad y gasóleo en 2015?,"['Sin embargo el consumo total de electricidad y de gasóleo ha subido ligeramente en 2015 como consecuencia del incremento del número de coberturas y de la producción de programas especiales informativos derivados de la actualidad y especialmente de las elecciones Municipales, Autonómicas y Generales celebradas en 2015.', 'A pesar de los esfuerzos, este año el consumo energético fue superior al de 2015 debido a una mayor producción.', 'Gracias a los diversos esfuerzos que se realizaron durante 2016, hemos reducido nuestro consumo global de agua en un 4,4% con respecto a 2015.', 'Estas ventas han supuesto un ingreso de 2.885 millones de euros en el ejercicio 2015, un 5,3% menor al del ejercicio 2014 ya que la caída en las ventas físicas como consecuencia de la reducción en el número de clientes a precio regulado (–9,5%) y el incremento del coste de la energía no se ha visto compensada por el incremento del precio medio de venta.', 'En diciembre de 2015, la inflación interanual se situó próxima a cero (0,2%), debido a los bajos precios de la energía y de los alimentos, mientras que la inflación, excluidos la energía y los alimentos, repuntó hasta el 1,4%.']","del incremento del número de coberturas y de la producción de programas especiales informativos derivados de la actualidad y especialmente de las elecciones Municipales, Autonómicas y Generales celebradas en 2015","del incremento del número de coberturas y de la producción de programas especiales informativos derivados de la actualidad y especialmente de las elecciones Municipales, Autonómicas y Generales celebradas en 2015",1.0,0.16666666666666666,1.0
"¿Por qué los derechos asignados en 2014 bajo el plan de acciones por desempeño, se consolidarán en 2016 en su nivel máximo en lo que respecta al parámetro de BPA?","['En los tres últimos años, la Compañía ha logrado unos sólidos resultados financieros que han hecho que el BPA ajustado de 2016 alcance los 90,2 céntimos de euro. En consecuencia, los derechos asignados en 2014 bajo el plan de acciones por desempeño, se consolidarán en 2016 en su nivel máximo en lo que respecta al parámetro de BPA. El precio de la acción registró un fuerte crecimiento en los dos primeros años y medio de los tres que integran el período de desempeño, aunque sufrió una importante caída tras el resultado del referéndum sobre la UE celebrado en el Reino Unido.', 'Esta operación es positiva para los accionistas, ya que se estima que mejora el beneficio por acción (BPA) desde 2016.', 'Gran parte de las líneas están en proceso de ejecución, dado que muchos de los objetivos propuestos se han trazado a 2015.', 'En ellos se incluye la ampliación de capital con derecho de suscripción preferente por 1.607 millones de euros llevada a cabo en el mes de abril de 2015, como consecuencia de la adquisición de TSB (T16).', 'Como consecuencia de los objetivos alcanzados en 2017, el Banco se sitúa en una posición sólida para encarar el Plan Director 2018-2020.']","En los tres últimos años, la Compañía ha logrado unos sólidos resultados financieros que han hecho que el BPA ajustado de 2016 alcance los 90,2 céntimos de euro","En los tres últimos años, la Compañía ha logrado unos sólidos resultados financieros que han hecho que el BPA ajustado de 2016 alcance los 90,2 céntimos de euro",0.75,,1.0
¿Por qué razón Lingotes Especiales apuesta decididamente por la Economía Circular? ,"['Lingotes Especiales apuesta decididamente por la Economía Circular ya que esta permite diseñar productos sin desechos que faciliten su desmontaje y su reutilización y convertir residuos en recursos, incorporándolos de nuevo al ciclo de la economía productiva y reduciendo, a la vez, el impacto ambiental de los procesos.', 'La compañía ha ido ganando volumen merced a un modelo de negocio único en su sector, que le ha permitido aumentar su rentabilidad pese a los ciclos económicos adversos y ganarse la confianza del mercado.', 'El Grupo ACS considera prioritaria la eficiencia del consumo de recursos y la reducción de la generación de residuos, ya que una estrategia efectiva en estos aspectos implica beneficios en una doble vertiente. Por un lado, se reduce el impacto ambiental sobre el entorno y, por otro, se reduce el gasto necesario para la compra o tratamiento de los mismos.', 'Nuestro objetivo es ser la aerolínea líder en precio y servicio a través del Atlántico Norte gracias a una red de corto radio rentable y sostenible. Nuestra estrategia tiene como pilares fundamentales una marca y un servicio sólidos y enfocados en el cliente, una red con atractivas conexiones y una base de costes competitiva y resiliente. Creemos que Aer Lingus está bien posicionada para seguir creciendo exitosamente aprovechando las ventajas de formar parte del Grupo IAG y para alcanzar nuestros objetivos.', 'Su reutilización no es posible pero sí su reciclaje, por lo que el 97% son reciclados por empresas especializadas.']","permite diseñar productos sin desechos que faciliten su desmontaje y su reutilización y convertir residuos en recursos, incorporándolos de nuevo al ciclo de la economía productiva y reduciendo, a la vez, el impacto ambiental de los procesos","esta permite diseñar productos sin desechos que faciliten su desmontaje y su reutilización y convertir residuos en recursos, incorporándolos de nuevo al ciclo de la economía productiva y reduciendo, a la vez, el impacto ambiental de los procesos",0.75,1.0,1.0
"¿Qué implicó que el mínimo de cierre de 15,57 euros por acción se registrara el 5 de enero?","['El mínimo de cierre, 15,57 euros por acción, se registró el día 5 de enero, por lo que el valor cotizó en todo momento por encima de los 13,5 euros por acción al que se entregaron las acciones de la OPV que la Compañía llevó a cabo en noviembre de 2014.', 'En ellos se incluye la ampliación de capital con derecho de suscripción preferente por 1.607 millones de euros llevada a cabo en el mes de abril de 2015, como consecuencia de la adquisición de TSB (T16).', 'El ebitda disminuye un 20,9% debido al impacto de una menor demanda y un efecto negativo de los tipos de cambio (–46 millones de euros).', 'Estas ventas han supuesto un ingreso de 2.412 millones de euros en el ejercicio 2016, un 16,4% inferior al del ejercicio 2015 como consecuencia de la caída en las unidades físicas vendidas y del menor precio medio de venta.', 'Estas ventas han supuesto un ingreso de 2.885 millones de euros en el ejercicio 2015, un 5,3% menor al del ejercicio 2014 ya que la caída en las ventas físicas como consecuencia de la reducción en el número de clientes a precio regulado (–9,5%) y el incremento del coste de la energía no se ha visto compensada por el incremento del precio medio de venta.']","el valor cotizó en todo momento por encima de los 13,5 euros por acción al que se entregaron las acciones de la OPV que la Compañía llevó a cabo en noviembre de 2014","el valor cotizó en todo momento por encima de los 13,5 euros por acción al que se entregaron las acciones de la OPV que la Compañía llevó a cabo en noviembre de 2014",0.75,1.0,1.0
¿Cuál es la consecuencia del Laudo dictado por la Corte Internacional de Arbitraje de París el día 9 de agosto de 2010?,"['Se reconoce como coste del sistema el desvío correspondiente a la retribución del gas natural destinado al mercado a tarifa procedente del contrato de Argelia y suministrado a través del gasoducto del Magreb, como consecuencia del Laudo dictado por la Corte Internacional de Arbitraje de París el día 9 de agosto de 2010.', 'El ebitda disminuye un 20,9% debido al impacto de una menor demanda y un efecto negativo de los tipos de cambio (–46 millones de euros).', 'Como consecuencia de las conclusiones que ofreció este informe, se han identificado los puntos significativos y las mejoras que deben abordarse en los próximos años.', 'Como consecuencia de los compromisos adquiridos en el Plan de Recapitalización, la actividad de la entidad en los mercados financieros se mantuvo reducida.', 'En los tres últimos años, la Compañía ha logrado unos sólidos resultados financieros que han hecho que el BPA ajustado de 2016 alcance los 90,2 céntimos de euro. En consecuencia, los derechos asignados en 2014 bajo el plan de acciones por desempeño, se consolidarán en 2016 en su nivel máximo en lo que respecta al parámetro de BPA. El precio de la acción registró un fuerte crecimiento en los dos primeros años y medio de los tres que integran el período de desempeño, aunque sufrió una importante caída tras el resultado del referéndum sobre la UE celebrado en el Reino Unido.']",Se reconoce como coste del sistema el desvío correspondiente a la retribución del gas natural destinado al mercado a tarifa procedente del contrato de Argelia y suministrado a través del gasoducto del Magreb,Se reconoce como coste del sistema el desvío correspondiente a la retribución del gas natural destinado al mercado a tarifa procedente del contrato de Argelia y suministrado a través del gasoducto del Magreb,1.0,1.0,1.0
¿Por qué la metodología utilizada para la realización de la auditoría es la misma al margen de quién las realice y de la puntuación obtenida por el proveedor o la fábrica?,"['La metodología utilizada para la realización de la auditoría es la misma al margen de quién las realice y de la puntuación obtenida por el proveedor o la fábrica, ya que en Inditex contamos con una metodología de auditoría social propia.', 'Como se ha señalado, esta fase de implantación es otra de las posibles fuentes de riesgo de modelo, por lo que es requisito indispensable que se realicen pruebas por parte de los equipos técnicos y los propietarios del modelo, certificando que se ha implementado de acuerdo a la definición metodológica y funciona de acuerdo a lo esperado.', 'La homologación de proveedores es imprescindible para todas las empresas que deseen contratar con MAPFRE, ya que garantiza la capacidad técnica, financiera y de calidad para cumplir con los compromisos que suscriben.', 'Los tipos de residuos generados en cada fábrica no coinciden al 100%, por ello se han reducido a un grupo homogéneo para su comparación.', 'Logista continúa disfrutando de la confianza de los fabricantes, gracias a su especializado y completo servicio de distribución y a los servicios de valor añadido que ofrece, así como a su neutralidad operativa.']",en Inditex contamos con una metodología de auditoría social propia,en Inditex contamos con una metodología de auditoría social propia,0.75,0.5,1.0
¿Por qué el desarrollo de un disco de freno para una versión deportiva supone una apuesta por el saber hacer de la compañía?,"['Durante 2017 hemos seguido desarrollando, para un importante fabricante, un disco de freno para una versión deportiva de próxima generación. Este trabajo supone una apuesta por nuestro saber hacer ya que, además de la producción, somos responsables del diseño y de los test de validación del citado disco.', 'La compañía ha ido ganando volumen merced a un modelo de negocio único en su sector, que le ha permitido aumentar su rentabilidad pese a los ciclos económicos adversos y ganarse la confianza del mercado.', 'Operamos en una industria global y altamente competitiva por lo que no sólo debemos adaptarnos de forma continuada a los requisitos de nuestros clientes sino que consideramos el I+D una oportunidad de ventaja competitiva.', 'Estoy segura de que lo conseguiremos porque contamos con un equipo dispuesto a esforzarse al máximo para dar el mejor servicio a los clientes.', 'Durante muchas generaciones hemos aplicado nuestro conocimiento y experiencia para innovar y reinventar la manera de hacer banca, manteniendo las fortalezas que nos han acompañado siempre. Estoy convencida de que lograremos el éxito porque:  nuestro crecimiento, rentabilidad y fortaleza de balance demuestran que nuestra estrategia está funcionando;  nuestro tamaño, diversificación y predictibilidad nos aportan una base sólida para innovar;  nuestra cultura —nuestro foco constante en ser un banco responsable— reforzará la confianza de las personas en nuestra marca.']","además de la producción, somos responsables del diseño y de los test de validación del citado disco","además de la producción, somos responsables del diseño y de los test de validación del citado disco",1.0,0.75,1.0
¿Cuál es la causa de que surja esta diferencia negativa de consolidación? ,"['A-2) Diferencia negativa de consolidación La incorporación al perímetro de consolidación de la Sociedad Hispania Fides, S.L. ha supuesto una diferencia negativa de consolidación, que se recoge en la cuenta de pérdidas y ganancias del Grupo. Esta diferencia negativa de consolidación surge fundamentalmente como consecuencia de la diferencia entre los activos netos aportados a valor de mercado y la contraprestación pagada por el 90% del capital de Hispania Fides, S.L.', 'Según los datos presentados, los ingresos de pasaje del Grupo descendieron un 2,0%, con un efecto cambiario adverso de 5,6 puntos, mientras que la capacidad se incrementó un 9,4%. A tipos de cambio constantes, los ingresos unitarios de pasaje (ingresos de pasaje por AKO) descendieron un 5,4% a causa de la caída del yield (ingresos de pasaje/pasajeros-kilómetro transportados), con un ligero incremento de 0,2 puntos en el coeficiente de ocupación.', 'Este nivel es el inferior al del año pasado debido a la incorporación del perímetro de banca mayorista global.', 'El beneficio antes de impuestos crece menos que los anteriores márgenes, debido a (i)n un aumento de los costes financieros asociados a la elevada volatilidad de tipo de cambio del US$ durante el ejercicio (el Grupo realiza una parte significativa de sus compras en US$) y (ii) a una peor evolución de los resultados no recurrentes, con una menor generación de ingresos procedente de la venta activos frente a las que se verificaron en 2016 (venta de inmuebles y venta del negocio de Puerto Rico, principalmente).', 'otros movimientos que se han producido a lo largo del año han sido la reducción de las rentabilidades de la curvas de los países periféricos de la eurozona, con la excepción de Grecia, cuyas rentabilidades han aumentado sustancialmente en la última parte del año debido a la inestabilidad política.']","la diferencia entre los activos netos aportados a valor de mercado y la contraprestación pagada por el 90% del capital de Hispania Fides, S.L.","la diferencia entre los activos netos aportados a valor de mercado y la contraprestación pagada por el 90% del capital de Hispania Fides, S.L.",1.0,0.5,1.0
¿Por qué el Consejo de Administración se compone de 13 miembros?,"['El Consejo de Administración a 31 de diciembre 2016, se compone de 13 miembros, ya que después de celebrada la Junta General se produjo la dimisión de dos Consejeros dominicales, éstas bajas están pendientes de cubrir a finales de diciembre.', 'El Consejo de Administración es el órgano responsable del establecimiento de las directrices generales sobre la distribución organizativa de las funciones de gestión y control de riesgos así como de determinar las principales líneas estratégicas al respecto. Por ello, es el órgano responsable de aprobar el marco estratégico de riesgos (desarrollado en colaboración entre el consejero delegado, director de riesgos y director financiero) y de asegurar que éste es consistente con los objetivos estratégicos de la entidad a corto y largo plazo, así como con el plan de negocio, la planificación de capital, la capacidad de riesgo y los programas de compensación.', 'Igualmente la Junta General de Accionistas acordó a propuesta del Consejo de Administración y, previa propuesta de la Comisión de Nombramientos y Retribuciones, ratificar y nombrar Consejeros por un plazo de cuatro años, tal y como se recoge en los Estatutos Sociales a las siguientes personas: Rafael Miranda Robredo, que fue nombrado Consejero Externo Independiente por cooptación, y Presidente de Acerinox, el día 23 de abril de 2014 en sustitución del anterior Presidente Rafael Naranjo Olmedo, que dejo el cargo el día 21 de abril de 2014 por motivos de salud.', 'Como consecuencia de este cambio, se procedió al nombramiento de doña Patricia Estany como Consejera Coordinadora, a la que se han atribuido, además de las funciones previstas legalmente, todas las que recoge el artículo 15 del Reglamento del Consejo de Administración, cuyo contenido se ajusta a la Recomendación 34 del Código de Buen Gobierno.', 'El número de consejeros independientes debe representar al menos un tercio del total, ya que hay un accionista que controla más del 30 % del capital social.']","después de celebrada la Junta General se produjo la dimisión de dos Consejeros dominicales, éstas bajas están pendientes de cubrir a finales de diciembre","después de celebrada la Junta General se produjo la dimisión de dos Consejeros dominicales, éstas bajas están pendientes de cubrir a finales de diciembre",0.75,0.75,1.0
¿Por qué pueden afirmar que están en la mejor de las posiciones para llegar al consumidor multipantalla?,"['En la variable de las audiencias televisivas, que marcan la pauta a los anunciantes para realizar sus inversiones, Mediaset España ha sido el grupo audiovisual líder con el dato más alto de su historia, un 30,7% de share.Telecinco ha sido por tercer año consecutivo la cadena más vista con su mejor dato de los últimos cuatro años, Cuatro ha cerrado el año también con su mejor dato anual desde esa misma fecha y los temáticos han vuelto a crecer, siendo Factoría de Ficción el canal de nicho más visto de 2014 y el resto -Divinity, Energy y Boingliderando en sus respectivos targets objetivos. Respecto a nuestra presencia en internet y redes sociales, podemos afirmar que estamos en la mejor de las posiciones para llegar al consumidor multipantalla, porque la interactividad y la transversalidad de nuestros contenidos televisivos nos colocan en una posición incontestable, como el grupo audiovisual con mayor tráfico en internet con un promedio mensual de 10 millones de usuarios únicos y 54,1 millones de comentarios en las redes sociales en 2014.', 'Estoy segura de que lo conseguiremos porque contamos con un equipo dispuesto a esforzarse al máximo para dar el mejor servicio a los clientes.', 'En este sentido, me gustaría enfatizar que nuestro retorno más inmediato se produce hacia los 37 millones de clientes que confían en nosotros, porque una aseguradora más eficaz siempre ofrece mejores productos y servicios.', 'El Grupo es uno de los mayores fabricantes en Europa, el mayor de Estados Unidos, el único en el continente africano, y en la actualidad está aumentado sus cuotas de mercado en Asia y Oceanía gracias a las ventas de los productos fabricados en la nueva planta de Malasia.', 'Quiero felicitar a los más de 200.000 profesionales que trabajan en el Grupo Santander, puesto que los logros alcanzados en 2017 no hubieran sido posibles sin la aportación de cada uno de ellos. tenemos el objetivo de consolidarnos como el mejor banco comercial para nuestros empleados, clientes, accionistas y la sociedad.']","la interactividad y la transversalidad de nuestros contenidos televisivos nos colocan en una posición incontestable, como el grupo audiovisual con mayor tráfico en internet con un promedio mensual de 10 millones de usuarios únicos y 54,1 millones de comentarios en las redes sociales en 2014","la interactividad y la transversalidad de nuestros contenidos televisivos nos colocan en una posición incontestable, como el grupo audiovisual con mayor tráfico en internet con un promedio mensual de 10 millones de usuarios únicos y 54,1 millones de comentarios en las redes sociales en 2014",1.0,1.0,1.0
¿Qué ha permitido esta medida?,"['Gracias a esta medida, hemos mejorado la densidad de dichos envíos en un 1,5% respecto al año anterior.', 'Gracias a esta intervención, se ha atendido a cerca de 70.000 personas en consultas externas y de salud mental.', 'Esta tendencia favorable se produjo a pesar de haberse generado menores comisiones de mantenimiento de cuentas debido a la suspensión de su cobro al segmento retail, impuesta por el Consejo de Estado turco, y de los altos ingresos generados en el 2016 por el programa de millas Miles & Smiles.', 'Esta operación es positiva para los accionistas, ya que se estima que mejora el beneficio por acción (BPA) desde 2016.', 'Gracias a estas y otras mejoras, las incidencias en todas las plataformas se han reducido en un 61% con respecto al año anterior.']","hemos mejorado la densidad de dichos envíos en un 1,5% respecto al año anterior",en 2017 hemos evitado el consumo de 1.700 toneladas de papel virgen y 1.500 toneladas de plástico en los pedidos de Zara.com,0.25,1.0,1.0
"¿Gracias a qué medidas el total del alcance 1 y 2, foco principal de las emisiones de la entidad y que representan el 64% de su huella total, han experimentado un descenso del 1%?","['El total del alcance 1 y 2, foco principal de las emisiones de la entidad y que representan el 64% de su huella total, han experimentado un descenso del 1% gracias a las diferentes medidas de eficiencia energética que se han ido implantando durante 2014, como el cambio de luminarias a LED, las mejoras en domótica y climatización y la renovación del parque de equipos informáticos más ecoeficientes, entre otras.', 'El total del alcance 1 y 2, foco principal de las emisiones de la entidad al representar el 63,4% de su huella total, han experimentado un descenso del 5% gracias a las diferentes medidas de eficiencia energética que se han ido implantando durante los últimos años, como el cambio de luminarias a sistema LED, las mejoras en domótica y climatización, y la renovación de equipamientos por otros más ecoeficientes, entre otras.', 'Gracias a estas y otras mejoras, las incidencias en todas las plataformas se han reducido en un 61% con respecto al año anterior.', 'Gracias a esta medida, hemos mejorado la densidad de dichos envíos en un 1,5% respecto al año anterior.', 'Estricto control de costes, con una disminución del 0,6% gracias al plan de eficiencia y de productividad.']","a las diferentes medidas de eficiencia energética que se han ido implantando durante 2014, como el cambio de luminarias a LED, las mejoras en domótica y climatización y la renovación del parque de equipos informáticos más ecoeficientes, entre otras","a las diferentes medidas de eficiencia energética que se han ido implantando durante 2014, como el cambio de luminarias a LED, las mejoras en domótica y climatización y la renovación del parque de equipos informáticos más ecoeficientes, entre otras",1.0,0.3333333333333333,1.0
"¿A qué se achaca que los otros gastos por operaciones hayan crecido un 19,9% interanual en el año?","['Los otros gastos por operaciones (3.918 millones de euros) crecen un 19,9% interanual en el año debido al incremento generalizado de precios en algún país de la región comentado anteriormente así como a la mayor actividad comercial y los gastos asociados a la mayor capacidad de tráfico, tanto de voz como de datos.', 'Los gastos de mantenimiento y otros costes de flota aumentaron un 19,2%, excluyendo los efectos cambiarios, como consecuencia del incremento de la actividad de MRO (en torno a 7 puntos). Los costes de mantenimiento aumentaron debido al volumen, con un mayor número de aviones y horas de vuelo, que subieron un 10,7%. También aumentaron por el ajuste en el reconocimiento de provisiones ligadas a la transición emprendida por el Grupo hacia contratos de mantenimiento de pago por consumo.', 'Importante crecimiento de los ROF (+15,9% interanual), gracias al muy buen desempeño de la Unidad de Global Markets, fundamentalmente durante la primera parte del ejercicio.', 'Los ingresos de terminales registran un significativo crecimiento interanual en el cuarto trimestre (+41,0%; +3,8% en el año) debido a la mayor actividad comercial de venta de equipos de gama alta.', 'La plantilla aumentó un 2,6% dado que se han puesto en marcha nuevas líneas y que ha aumentado la producción.']","al incremento generalizado de precios en algún país de la región comentado anteriormente así como a la mayor actividad comercial y los gastos asociados a la mayor capacidad de tráfico, tanto de voz como de datos","al incremento generalizado de precios en algún país de la región comentado anteriormente así como a la mayor actividad comercial y los gastos asociados a la mayor capacidad de tráfico, tanto de voz como de datos",1.0,1.0,1.0
¿Qué es lo que está permitiendo a la alta dirección valorar y decidir?,"['En los últimos ejercicios el Grupo ha desarrollado e implantado las mejoras estructurales y operativas necesarias para reforzar y consolidar la visión integral de los riesgos, basada en información completa, precisa y recurrente, permitiéndole a la alta dirección valorar y decidir en consecuencia.', 'Este enfoque es importante, ya que nos permite contar con los conocimientos adecuados que faciliten unas conversaciones productivas con el equipo directivo. Si no entendemos su trabajo, no podemos analizar su labor ni ofrecer orientaciones útiles.', 'El Consejo de Administración es el órgano responsable del establecimiento de las directrices generales sobre la distribución organizativa de las funciones de gestión y control de riesgos así como de determinar las principales líneas estratégicas al respecto. Por ello, es el órgano responsable de aprobar el marco estratégico de riesgos (desarrollado en colaboración entre el consejero delegado, director de riesgos y director financiero) y de asegurar que éste es consistente con los objetivos estratégicos de la entidad a corto y largo plazo, así como con el plan de negocio, la planificación de capital, la capacidad de riesgo y los programas de compensación.', 'Gracias a nuestra visión estratégica y a un importante rigor en la gestión, acompañada por unos sólidos valores, aquilatados por el fuerte componente familiar, hemos superado con éxito una compleja etapa en la que hemos logrado alcanzar la mayor parte de los objetivos propuestos, afrontando el futuro con solvencia y optimismo.', 'En vista de estas difíciles circunstancias, creo que el nuevo equipo directivo de Vueling ha hecho un fantástico trabajo. Se han enfrentado a estos retos, han sido honestos acerca de los problemas que les afectaban y no se desentendieron de los errores que se cometieron a nivel interno. El nuevo equipo ha restablecido el desempeño operativo de la aerolínea, ha potenciado la resiliencia de la red.']","En los últimos ejercicios el Grupo ha desarrollado e implantado las mejoras estructurales y operativas necesarias para reforzar y consolidar la visión integral de los riesgos, basada en información completa, precisa y recurrente","En los últimos ejercicios el Grupo ha desarrollado e implantado las mejoras estructurales y operativas necesarias para reforzar y consolidar la visión integral de los riesgos, basada en información completa, precisa y recurrente",1.0,1.0,1.0
¿A qué se debe la reducción de las rentabilidades de las curvas de los países periféricos de la eurozona? ,"['otros movimientos que se han producido a lo largo del año han sido la reducción de las rentabilidades de la curvas de los países periféricos de la eurozona, con la excepción de Grecia, cuyas rentabilidades han aumentado sustancialmente en la última parte del año debido a la inestabilidad política.', 'Otro factor que ha influido en esta caída de la rentabilidad ha sido la devaluación en un 23% del dólar canadiense ya que aproximadamente un 25% de los recursos de este subgrupo se generan en esta moneda (Catelli).', 'Este nivel es el inferior al del año pasado debido a la incorporación del perímetro de banca mayorista global.', 'Como consecuencia de la intervención del BCe en los mercados, la excepcionalidad en el área euro es tal que los tipos de interés negativos de la deuda pública se han convertido en habituales.', 'Latinoamérica, Europa y Japón. La única excepción es el Reino Unido, donde se prevé un crecimiento más bajo a corto plazo debido a la incertidumbre en torno al Brexit, aunque hasta ahora este hecho apenas ha afectado a nuestro negocio.']",a la inestabilidad política,a la inestabilidad política,1.0,0.0,1.0
"¿Por qué el IBEX subió el 7,9% y Lingotes el 22,5%?","['El índice IBEX 35 inició el ejercicio 2017 con una cotización de 9.352 y terminó a 10.093. Lingotes comenzó a 14,20 €/acción y acabó en 17,40. Así que, el IBEX subió el 7,9% y Lingotes el 22,5%, como se puede comprobar en el anterior gráfico.', 'La plantilla aumentó un 2,6% dado que se han puesto en marcha nuevas líneas y que ha aumentado la producción.', 'Importante crecimiento de los ROF (+15,9% interanual), gracias al muy buen desempeño de la Unidad de Global Markets, fundamentalmente durante la primera parte del ejercicio.', 'En un entorno de crecimiento económico tanto a nivel nacional como global – el PIB de España repuntó un 3,1% en 2017 en tasa interanual y el de la economía mundial un 3,7%- hemos sabido avanzar de forma firme pero no podemos olvidar que las incertidumbres del entorno pueden afectar a cualquier compañía de dimensión internacional y por ello, es importante contar con una relativa diversificación de la actividad.', 'Es cierto que se ha registrado una desaceleración de la actividad en la segunda parte de 2015 respecto a lo observado en el primer semestre debido a la ralentización de la demanda mundial, el agotamiento de algunos factores cíclicos y el aumento de la incertidumbre, en parte ligada al ciclo electoral español, pero las previsiones indican que se alcanzará un incremento del PIB de alrededor de un 2,7% para 2016.']","El índice IBEX 35 inició el ejercicio 2017 con una cotización de 9.352 y terminó a 10.093. Lingotes comenzó a 14,20 €/acción y acabó en 17,40","El índice IBEX 35 inició el ejercicio 2017 con una cotización de 9.352 y terminó a 10.093. Lingotes comenzó a 14,20 €/acción y acabó en 17,40",1.0,1.0,1.0
"Los bajos precios de la energía y los alimentos, ¿qué consecuencia tuvieron?","['En diciembre de 2015, la inflación interanual se situó próxima a cero (0,2%), debido a los bajos precios de la energía y de los alimentos, mientras que la inflación, excluidos la energía y los alimentos, repuntó hasta el 1,4%.', 'La tasa del mes de diciembre fue inferior a la esperada, debido a la baja de los precios del petróleo, alimentos y servicios (principalmente la caída de los precios de los alimentos con una baja del 4%).', 'Gracias a estas medidas, tal y como queda reflejado en la gráfica anterior, hemos alcanzado una reducción del 6% en el consumo de energía eléctrica por prenda puesta en el mercado y de un 3% con respecto a las ventas, en comparación con 2016.', 'La inflación descendió a tasas mínimas históricas, del 2,1% en diciembre, gracias a la reducción de los precios en telecomunicaciones y energía tras la implementación de reformas estructurales.', 'Estas ventas han supuesto un ingreso de 2.885 millones de euros en el ejercicio 2015, un 5,3% menor al del ejercicio 2014 ya que la caída en las ventas físicas como consecuencia de la reducción en el número de clientes a precio regulado (–9,5%) y el incremento del coste de la energía no se ha visto compensada por el incremento del precio medio de venta.']","En diciembre de 2015, la inflación interanual se situó próxima a cero (0,2%)","En diciembre de 2015, la inflación interanual se situó próxima a cero (0,2%)",1.0,1.0,1.0
¿A qué se debe que Azora sea uno de los pocos gestores e inversores inmobiliarios que logró esquivar las repercusiones de la crisis económica?,"['Azora cuenta con una plataforma con más de 340 profesionales con habilidades y experiencias complementarias y es uno de los pocos gestores e inversores inmobiliarios que logró esquivar las repercusiones de la crisis económica gracias a su capacidad de anticiparse a los cambios, entender el ciclo del mercado en cada momento e identificar nichos de valor, saliendo de la crisis sin haber nunca destruido valor en ninguna de sus carteras.', 'La compañía ha ido ganando volumen merced a un modelo de negocio único en su sector, que le ha permitido aumentar su rentabilidad pese a los ciclos económicos adversos y ganarse la confianza del mercado.', 'Un crecimiento que hemos alcanzado sin realizar ampliaciones de capital y gracias a una política prudente de distribución del dividendo.', 'Nuestra trayectoria avala ese propósito de estabilidad, porque mantenemos el nombre, no nos hemos fusionado con nadie y no hemos comprado nada en España.', 'El beneficio antes de impuestos en 2015 fue de 31 millones de euros, gracias a la muy escasa morosidad (un 1%, diez veces menos que el promedio del sector), un balance equilibrado y un nivel de gastos de estructura muy bajo.']","a su capacidad de anticiparse a los cambios, entender el ciclo del mercado en cada momento e identificar nichos de valor, saliendo de la crisis sin haber nunca destruido valor en ninguna de sus carteras","a su capacidad de anticiparse a los cambios, entender el ciclo del mercado en cada momento e identificar nichos de valor",1.0,1.0,1.0
¿Por qué razón todos los riesgos están transferidos a la compañía de seguros?,"['Todos los riesgos están transferidos a la compañía de seguros, ya que esta incluso asegura la garantía indicada anteriormente.', 'El riesgo operacional es inherente a todos los productos, actividades, procesos y sistemas, y se genera en todas las áreas de negocio y de soporte, siendo por esta razón, responsabilidad de todos los empleados la gestión y control de los riesgos generados en su ámbito de actuación.', 'Y también han de ser flexibles, porque la gestión de riesgos tiene que adaptarse rápidamente a nuevos entornos y escenarios imprevistos.', 'Radica en la posibilidad de que el fondo no cubra estos compromisos en el periodo de devengo de la prestación y la rentabilidad obtenida por la cartera no sea suficiente y obligue al Grupo a incrementar el nivel de aportaciones. Riesgo actuarial: pérdidas inesperadas producidas como consecuencia de un incremento en los compromisos con los tomadores del seguro, así como las pérdidas derivadas de un incremento no previsto en los gastos. 217 "" D.2.2.', 'Esta cultura de riesgos se define a través de cinco principios que han de formar parte de la gestión del día a día de todos los empleados del Grupo: Responsabilidad, porque todas las unidades y empleados (con independencia de la función que desempeñen) deben conocer y entender los riesgos en que incurren en su actividad diaria y ser responsables de su identificación, valoración, gestión y reporte']",esta incluso asegura la garantía indicada anteriormente,esta incluso asegura la garantía indicada anteriormente,1.0,1.0,1.0
¿Qué es lo que ha permitido normalizar la política de pago de dividendos?,"['SH USA superó las pruebas de resistencia de la Reserva Federal y no recibió objeciones a su plan de capital, lo que nos ha permitido normalizar la política de pago de dividendos.', 'Un crecimiento que hemos alcanzado sin realizar ampliaciones de capital y gracias a una política prudente de distribución del dividendo.', 'Bankinter ha sido el único banco que ha pagado todos sus dividendos en efectivo y, además, de forma trimestral, gracias al sólido crecimiento del negocio y a su buena situación en términos de solvencia, que le ha permitido no verse afectado por las restricciones marcadas por los organismos supervisores en la preservación del capital.', 'La morosidad y el coste de crédito permanecen en niveles estables gracias a la mejora de desempeño de las carteras de auto en SC USA, tras la implantación de la nueva política de riesgos que tuvo lugar en el primer trimestre, enfocada a mejorar el perfil de las nuevas operaciones, y tras los ajustes realizados en el sector de Oil&Gas, en línea con la industria, en Santander Bank.', 'Después de un primer trimestre exigente como empresa cotizada y a pesar de las dificultades experimentadas por la industria del petróleo y el gas, que es una parte importante de nuestra actividad, me complace anunciar que, gracias a la gestión y dirección de Fernando Basabe y de su equipo, el Grupo ha logrado obtener resultados conforme a nuestras expectativas.']",SH USA superó las pruebas de resistencia de la Reserva Federal y no recibió objeciones a su plan de capital,SH USA superó las pruebas de resistencia de la Reserva Federal y no recibió objeciones a su plan de capital,1.0,1.0,1.0
¿Qué implica que esta fase de implantación sea una posible fuente de riesgo de modelo?,"['Como se ha señalado, esta fase de implantación es otra de las posibles fuentes de riesgo de modelo, por lo que es requisito indispensable que se realicen pruebas por parte de los equipos técnicos y los propietarios del modelo, certificando que se ha implementado de acuerdo a la definición metodológica y funciona de acuerdo a lo esperado.', 'La industria financiera se ha referido a esta última fase como Basilea IV, debido al elevado impacto que podría representar para algunas jurisdicciones.', 'Este nivel de deuda pública representa un factor claro de vulnerabilidad financiera ante cambios en el sentimiento inversor, ya que implica unas necesidades de financiación elevadas del sector público y limita el margen de actuación de la política fiscal en un eventual escenario de desaceleración.', 'El impacto de esta reforma global sobre la actividad económica es objeto de interés creciente, ya que representa un posible freno para el crecimiento económico.', 'Como consecuencia de este hecho, es previsible que a lo largo de los próximos trimestres se limite aún más el nivel de activos comprometidos en operaciones de financiación a largo plazo.']","es requisito indispensable que se realicen pruebas por parte de los equipos técnicos y los propietarios del modelo, certificando que se ha implementado de acuerdo a la definición metodológica y funciona de acuerdo a lo esperado","es requisito indispensable que se realicen pruebas por parte de los equipos técnicos y los propietarios del modelo, certificando que se ha implementado de acuerdo a la definición metodológica y funciona de acuerdo a lo esperado",1.0,0.8,1.0
"¿A qué se debe que al cierre del ejercicio 2014, la actividad en las autopistas del Grupo presente una evolución positiva?","['Al cierre del ejercicio 2014, la actividad en las autopistas del Grupo presenta una evolución positiva, gracias a los incrementos registrados en los principales países en los que opera, incluyendo España –donde hay claras señales de recuperación de la actividad económica– y Francia –país caracterizado por un cierto estancamiento en el crecimiento en el ejercicio anterior–.', 'Desde la fusión, sigue creciendo todos los meses respecto al mismo mes del año anterior, con lo que encadena, a cierre del Ejercicio 2014, 27 meses de crecimiento ininterrumpido.', 'Después de un primer trimestre exigente como empresa cotizada y a pesar de las dificultades experimentadas por la industria del petróleo y el gas, que es una parte importante de nuestra actividad, me complace anunciar que, gracias a la gestión y dirección de Fernando Basabe y de su equipo, el Grupo ha logrado obtener resultados conforme a nuestras expectativas.', 'Esta operación es positiva para los accionistas, ya que se estima que mejora el beneficio por acción (BPA) desde 2016.', 'El flujo libre de caja para el accionista del Grupo aumentó 630 millones de euros en 2017, debido al incremento del EBITDAR y del EBITDA antes de partidas excepcionales y a una ligera reducción neta de las inversiones en inmovilizado (CAPEX). El CAPEX neto es la adquisición y venta de inmovilizado material e inmaterial (2017: 1.184 millones de euros; 2016: 1.301 millones de euros).']","a los incrementos registrados en los principales países en los que opera, incluyendo España –donde hay claras señales de recuperación de la actividad económica– y Francia –país caracterizado por un cierto estancamiento en el crecimiento en el ejercicio anterior–","a los incrementos registrados en los principales países en los que opera, incluyendo España –donde hay claras señales de recuperación de la actividad económica– y Francia –país caracterizado por un cierto estancamiento en el crecimiento en el ejercicio anterior–",1.0,1.0,1.0
"¿Qué ha facilitado un modelo de éxito que ha dotado a todas las cadenas de Atresmedia Televisión de una fuerte personalidad, cadenas que siguen ganando audiencia mes a mes? ","['Un modelo de éxito que ha dotado a todas las cadenas de Atresmedia Televisión de una fuerte personalidad, cadenas que siguen ganando audiencia mes a mes gracias a una programación diferenciada, con un altísimo porcentaje de éxitos, y donde no solo la ficción ha batido récords, también lo han hecho los programas informativos, los magacines de actualidad y los concursos.', 'La compañía ha ido ganando volumen merced a un modelo de negocio único en su sector, que le ha permitido aumentar su rentabilidad pese a los ciclos económicos adversos y ganarse la confianza del mercado.', 'Esta tendencia se sustentó en una mejora de las variables macroeconómicas, pero se potenció innegablemente gracias al esfuerzo por retener el precio que inició Atresmedia desde hace un par de años, estrategia por la que parecen por fin haber optado el resto de operadores principales del mercado.', 'El evento fue posible gracias a la colaboración de Atresmedia y una de las principales distribuidoras con las que trabaja, Warner Bros.', 'Esta estrategia marcará, previsiblemente, la pauta del posicionamiento futuro en este complejo sector respecto al resto de operadores audiovisuales, dado que permite una mayor especialización y una significativa disminución del riesgo de negocio para Atresmedia.']","a una programación diferenciada, con un altísimo porcentaje de éxitos, y donde no solo la ficción ha batido récords, también lo han hecho los programas informativos, los magacines de actualidad y los concursos","una programación diferenciada, con un altísimo porcentaje de éxitos, y donde no solo la ficción ha batido récords, también lo han hecho los programas informativos, los magacines de actualidad y los concursos",1.0,1.0,1.0
¿Por qué se podrá proponer la separación de consejeros independientes?,"['También podrá proponerse la separación de consejeros independientes como consecuencia de ofertas públicas de adquisición, fusiones u otras operaciones corporativas similares que supongan un cambio en la estructura de capital de la sociedad, cuando tales cambios en la estructura del consejo de administración vengan propiciados por el criterio de proporcionalidad señalado en la recomendación 16.', 'El número de consejeros independientes debe representar al menos un tercio del total, ya que hay un accionista que controla más del 30 % del capital social.', 'No quiero extenderme mucho en esto porque la consejera delegada lo explica con detalle en este mismo informe, pero sí quiero poner énfasis en la calidad de los resultados.', 'En lo que respecta al cargo de Consejero Independiente Senior, sus funciones las desempeñaba anteriormente el Vicepresidente y estaban incluidas en su remuneración (una asignación anual de 350.000 €). Dado que el nuevo Consejero Independiente Senior no es Vicepresidente, la asignación adicional por desempeñar las funciones de Consejero Independiente Senior se ha reducido a 30.000 €.', 'Una nueva consejera no ejecutiva, Nicola Shaw, fue nombrada en la Junta General de Accionistas de 2017 para cubrir la vacante dejada por la Baronesa Kingsmill, quien dejó de su puesto como consejera en esa junta. La fecha de entrada en vigor de su nombramiento se aplazó hasta el 1 de enero de 2018, ya que no tenía la disponibilidad requerida antes de esa fecha.']","consecuencia de ofertas públicas de adquisición, fusiones u otras operaciones corporativas similares que supongan un cambio en la estructura de capital de la sociedad, cuando tales cambios en la estructura del consejo de administración vengan propiciados por el criterio de proporcionalidad señalado en la recomendación 16","consecuencia de ofertas públicas de adquisición, fusiones u otras operaciones corporativas similares que supongan un cambio en la estructura de capital de la sociedad, cuando tales cambios en la estructura del consejo de administración vengan propiciados por el criterio de proporcionalidad señalado en la recomendación 16",1.0,0.7142857142857143,1.0
¿Por qué el análisis de escenarios resulta ser una herramienta útil para la alta dirección?,"['El análisis de escenarios es una herramienta muy útil para la alta dirección ya que permite testar la resistencia del Banco ante entornos o escenarios estresados, así como poner en marcha conjuntos de medidas que disminuyan el perfil de riesgo del Banco ante dichos escenarios.', 'El análisis de escenarios es una herramienta muy útil para la alta dirección ya que permite testar la resistencia del Banco ante entornos o escenarios estresados, así como poner en marcha conjuntos de medidas que disminuyan el perfil de riesgo del banco ante dichos escenarios.', 'Este enfoque es importante, ya que nos permite contar con los conocimientos adecuados que faciliten unas conversaciones productivas con el equipo directivo. Si no entendemos su trabajo, no podemos analizar su labor ni ofrecer orientaciones útiles.', 'En los últimos ejercicios el Grupo ha desarrollado e implantado las mejoras estructurales y operativas necesarias para reforzar y consolidar la visión integral de los riesgos, basada en información completa, precisa y recurrente, permitiéndole a la alta dirección valorar y decidir en consecuencia.', 'Y también han de ser flexibles, porque la gestión de riesgos tiene que adaptarse rápidamente a nuevos entornos y escenarios imprevistos.']","permite testar la resistencia del Banco ante entornos o escenarios estresados, así como poner en marcha conjuntos de medidas que disminuyan el perfil de riesgo del Banco ante dichos escenarios","permite testar la resistencia del Banco ante entornos o escenarios estresados, así como poner en marcha conjuntos de medidas que disminuyan el perfil de riesgo del Banco ante dichos escenarios",1.0,1.0,1.0
¿Qué permite el indicador RepTrack Index?,"['Esta medición se completa con una evaluación más racional del desempeño, gracias al indicador RepTrack Index.', 'En línea con lo anterior, la medición de la eficiencia y eficacia de estas iniciativas se ha visto potenciada y ha sido posible gracias a la mejora de los sistemas y control del resultado de las campañas mediante la construcción de modelos econométricos que permiten calcular el retorno de la inversión publicitaria (ROI) y la optimización del mix de medios utilizado.', 'Estas cifras unidas a una baja rotación voluntaria del 5,3 % dan como resultado un elevado índice de estabilidad.', 'En el ejercicio 2017 se ha revisado el proceso de identificación y gestión de riesgos con la ayuda de un consultor externo y se ha incluido una nueva herramienta que facilita su gestión. Como resultado de este estudio, se han incluido 35 nuevos indicadores clave de riesgo (KRI), se han modificado 26 KRI existentes, y se han eliminado 18 KRI.', 'Inspección de oleoductos pertenecientes a la red de infraestructura energética de EE.UU. gracias a la Tecnología Ultrasónica Avanzada Rotoscan de Applus+ RTD. Completando 885 kilómetros de tuberías en el marco de diversos proyectos con la tecnología Rayscan en EE.UU.']",Esta medición se completa con una evaluación más racional del desempeño,Esta medición se completa con una evaluación más racional del desempeño,1.0,0.5,1.0
¿Cuál es la razón de que este nivel sea inferior al del año pasado?,"['Este nivel es el inferior al del año pasado debido a la incorporación del perímetro de banca mayorista global.', 'La tasa del mes de diciembre fue inferior a la esperada, debido a la baja de los precios del petróleo, alimentos y servicios (principalmente la caída de los precios de los alimentos con una baja del 4%).', 'En 2014 ha continuado la caída en ventas como consecuencia de la situación general económica y en particular del sector de la construcción.', 'El gasóleo sigue registrando una reducción debido a la sustitución de las calderas alimentadas por este combustible.', 'Llevamos años siendo cada vez más y más eficientes, por eso también cada vez es más difícil mejorar.']",la incorporación del perímetro de banca mayorista global,la incorporación del perímetro de banca mayorista global,1.0,1.0,1.0
¿Qué efecto ha tenido la incorporación de nuevas herramientas de difusión y acceso a la información?,"['En 2017, y gracias a la incorporación de nuevas herramientas de difusión y acceso a la información, se ha podido hacer llegar a todos los empleados en España el contenido de estos Planes de Igualdad, disponibles a través de los diferentes canales de comunicación del Grupo y de manera especial en INet, la intranet de Inditex.', 'Los cambios también han afectado a la distribución que debe adaptarse a los nuevos gustos. Aparecen nuevas opciones frente a la distribución tradicional como la compra por internet (super on line) donde el crecimiento es muy relevante y las posiciones de los principales actores en muchas ocasiones es distinta a la que tiene la distribución tradicional. Como resultado, hemos asistido a operaciones de fusión/concentración en algunos mercados relevantes.', 'Gracias a estas y otras mejoras, las incidencias en todas las plataformas se han reducido en un 61% con respecto al año anterior.', 'Sin embargo el consumo total de electricidad y de gasóleo ha subido ligeramente en 2015 como consecuencia del incremento del número de coberturas y de la producción de programas especiales informativos derivados de la actualidad y especialmente de las elecciones Municipales, Autonómicas y Generales celebradas en 2015.', 'La transformación digital está impactada por los cambios en los hábitos de los consumidores, y por ello se ha iniciado un nuevo modelo de relación con los clientes, buscando nuevas formas de acercarse, allí donde ellos estén, para ser más convenientes. El objetivo ha sido mejorar la propuesta de valor y servicio del Grupo, asegurando la metodología y sistemática comercial, adaptándose a los diferentes segmentos y llevando la relación con el cliente donde más lo necesita en cada momento.']","se ha podido hacer llegar a todos los empleados en España el contenido de estos Planes de Igualdad, disponibles a través de los diferentes canales de comunicación del Grupo y de manera especial en INet, la intranet de Inditex","se ha podido hacer llegar a todos los empleados en España el contenido de estos Planes de Igualdad, disponibles a través de los diferentes canales de comunicación del Grupo y de manera especial en INet, la intranet de Inditex",1.0,1.0,1.0
¿La incertidumbre en torno al Brexit qué ha generado?,"['Latinoamérica, Europa y Japón. La única excepción es el Reino Unido, donde se prevé un crecimiento más bajo a corto plazo debido a la incertidumbre en torno al Brexit, aunque hasta ahora este hecho apenas ha afectado a nuestro negocio.', 'En un entorno de crecimiento económico tanto a nivel nacional como global – el PIB de España repuntó un 3,1% en 2017 en tasa interanual y el de la economía mundial un 3,7%- hemos sabido avanzar de forma firme pero no podemos olvidar que las incertidumbres del entorno pueden afectar a cualquier compañía de dimensión internacional y por ello, es importante contar con una relativa diversificación de la actividad.', 'Sin embargo, lo más destacable entre las bolsas europeas fue el positivo comportamiento de la bolsa británica, ya que el índice Footsie 100 mostró una subida sustancial en la segunda mitad del año, una vez conocido el resultado del referéndum donde se acordó su salida de la Unión Europea.', 'Sin embargo, las previsiones de crecimiento del PIB británico que formulan los distintos organismos presentan fuertes divergencias, ya que oscilan entre el +0,8% y el +2,6% de cara a 2017.', 'otros movimientos que se han producido a lo largo del año han sido la reducción de las rentabilidades de la curvas de los países periféricos de la eurozona, con la excepción de Grecia, cuyas rentabilidades han aumentado sustancialmente en la última parte del año debido a la inestabilidad política.']","es importante contar con una relativa diversificación de la actividad, ya que hemos sabido avanzar de forma firme pero no podemos olvidar que las incertidumbres del entorno pueden afectar a cualquier compañía de dimensión internacional","La única excepción es el Reino Unido, donde se prevé un crecimiento más bajo a corto plazo",0.0,0.3333333333333333,1.0
¿Qué se pretende con la introducción de tecnologías innovadoras y el desarrollo de soluciones y procesos de negocio?,"['Gracias a la introducción de tecnologías innovadoras y el desarrollo de nuevas soluciones y procesos de negocio, buscamos convertirnos en un Grupo más efectivo, eficiente y orientado al cliente.', 'Somos conscientes del impacto de nuestra actividad en la sociedad y, por ello, buscamos procesos más eficientes e innovadores, apoyándonos en las nuevas tecnologías, que nos permitan contribuir de forma positiva a lograr un entorno más sostenible.', 'Santander quiere proporcionar a sus clientes una experiencia de servicio excelente y, por ello, durante este año ha puesto en marcha nuevas iniciativas que pretenden mejorar los procesos desde la visión del cliente incorporando los beneficios que supone la transformación digital.', 'Operamos en una industria global y altamente competitiva por lo que no sólo debemos adaptarnos de forma continuada a los requisitos de nuestros clientes sino que consideramos el I+D una oportunidad de ventaja competitiva.', 'La innovación es uno de los motores del desarrollo de Gas Natural Fenosa, por lo que destina una parte importante de sus recursos y sus esfuerzos a las actividades de I+D+i, tratando de buscar una optimización de los recursos, de desarrollar nuevas tecnologías y de mantenerse al corriente de los avances tecnológicos en los sectores en los que opera.']","buscamos convertirnos en un Grupo más efectivo, eficiente y orientado al cliente","buscamos convertirnos en un Grupo más efectivo, eficiente y orientado al cliente",1.0,1.0,1.0
¿A qué se debe que sobresaliese el desempeño favorable del margen bruto en Colombia?,"['En Colombia sobresalió el desempeño favorable del margen bruto, gracias al buen comportamiento del margen de intereses (tanto por actividad como por evolución de los diferenciales) y las comisiones, aunque mitigado por menores ROF (el mismo período del 2016 incluía resultados por venta de participaciones) y el incremento de los saneamientos.', 'Sin considerar esta venta, el beneficio neto ha crecido un 25,4% principalmente debido al buen desempeño del margen financiero y las comisiones cobradas y por un adecuado control de los gastos de administración y promoción.', 'Resultado bruto de explotación (EBITDA)el margen bruto de explotación se incrementa un 10,5% respecto al cierre de 2013, debido al impacto de los activos adquiridos a finales de 2013 y principios de 2014, y gracias al plan iniciado en ejercicios anteriores para implantar una serie de medidas de mejora de la eficiencia y optimización de los costes de explotación, en las que el Grupo continuará haciendo hincapié.', 'Sin considerar el efecto de este impuesto la variación sería del 25%, respondiendo fundamentalmente a los mayores ingresos por incremento del cargo de comercialización desde mayo de 2015 y el aumento de la demanda. A pesar del crecimiento del negocio de distribución de Colombia, el ebitda se ha visto afectado por el incremento significativo del coste de la energía, registrado principalmente desde el mes de septiembre debido a la situación climatológica del país.', 'Los resultados obtenidos constatan una sólida consolidación del negocio doméstico con una mejora significativa del margen de clientes. Esto ha sido posible gracias a una gestión proactiva de precios (tanto en intereses como en comisiones) junto con una mejora en las cuotas de mercado, siempre manteniendo una elevada calidad de servicio. El Banco ha sido capaz de fortalecer su margen de intereses y es la entidad con mejor comportamiento en el margen de clientes en España. Todo ello junto con una sólida posición de solvencia y liquidez.']","al buen comportamiento del margen de intereses (tanto por actividad como por evolución de los diferenciales) y las comisiones, aunque mitigado por menores ROF (el mismo período del 2016 incluía resultados por venta de participaciones) y el incremento de los saneamientos",al buen comportamiento del margen de intereses (tanto por actividad como por evolución de los diferenciales) y las comisiones,0.75,0.625,1.0
¿Por qué el año pasado resultó especialmente gratificante? ,"['El año pasado resultó especialmente gratificante porque de los 72 tests que se realizaron no se detectó ningún positivo por VIH.', 'Personas a las que quiero hacer llegar desde aquí mi más sincero agradecimiento, pues su contribución y compromiso han sido, y son, piedra angular para la consecución de nuestros objetivos y para nuestro futuro.', 'A pesar de los esfuerzos, este año el consumo energético fue superior al de 2015 debido a una mayor producción.', 'Nuestra evolución en los últimos años y nuestras fortalezas nos permiten acelerar nuestra transformación', 'Somos lo que somos porque durante todos estos años hemos sabido como nadie adelantarnos, innovar y prepararnos, en definitiva, para el cambio.']",de los 72 tests que se realizaron no se detectó ningún positivo por VIH,de los 72 tests que se realizaron no se detectó ningún positivo por VIH,1.0,1.0,1.0
¿A qué se atribuye la tendencia favorable que se produjo?,"['Esta tendencia favorable se produjo a pesar de haberse generado menores comisiones de mantenimiento de cuentas debido a la suspensión de su cobro al segmento retail, impuesta por el Consejo de Estado turco, y de los altos ingresos generados en el 2016 por el programa de millas Miles & Smiles.', 'Esta tendencia se sustentó en una mejora de las variables macroeconómicas, pero se potenció innegablemente gracias al esfuerzo por retener el precio que inició Atresmedia desde hace un par de años, estrategia por la que parecen por fin haber optado el resto de operadores principales del mercado.', 'Esta operación es positiva para los accionistas, ya que se estima que mejora el beneficio por acción (BPA) desde 2016.', 'En 2017 continuó mejorando el mercado de la vivienda y la situación financiera de los hogares gracias al buen cuadro macroeconómico y en particular a la evolución del empleo.', 'Nuestra evolución en los últimos años y nuestras fortalezas nos permiten acelerar nuestra transformación']","a la suspensión de su cobro al segmento retail, impuesta por el Consejo de Estado turco, y de los altos ingresos generados en el 2016 por el programa de millas Miles & Smiles","a la suspensión de su cobro al segmento retail, impuesta por el Consejo de Estado turco, y de los altos ingresos generados en el 2016 por el programa de millas Miles & Smiles",1.0,0.5,1.0
¿Cuál es la causa de que no se haya identificado ninguna revalorización del inmovilizado material en relación con su valor en libros?,"['No se ha identificado ninguna revalorización del inmovilizado material en relación con su valor en libros, dado que el grupo CGE valora el inmovilizado material al valor razonable mediante la realización de tasaciones periódicas del valor nuevo de reemplazo.', 'En las cuentas anuales consolidadas adjuntas no se ha registrado provisión alguna por este concepto, ya que no están previstas situaciones de esta naturaleza.', 'Su reutilización no es posible pero sí su reciclaje, por lo que el 97% son reciclados por empresas especializadas.', 'Respecto a la recuperación de los productos puestos en el mercado, es inviable evaluar el volumen generado y la gestión efectuada a nivel mundial, dado que no existe ningún sistema de recogida y gestión específico para materiales textiles a nivel global.', 'Nuestra trayectoria avala ese propósito de estabilidad, porque mantenemos el nombre, no nos hemos fusionado con nadie y no hemos comprado nada en España.']",el grupo CGE valora el inmovilizado material al valor razonable mediante la realización de tasaciones periódicas del valor nuevo de reemplazo,el grupo CGE valora el inmovilizado material al valor razonable mediante la realización de tasaciones periódicas del valor nuevo de reemplazo,1.0,1.0,1.0
¿La colaboración con Inditex qué consecuencia ha tenido?,"['Gracias a la colaboración con Inditex, en 2017 se han consolidado 32 proyectos de economía social, 1.139 personas han mejorado su empleabilidad, 849 de ellas han recibido formación y 460 además han encontrado un empleo.', 'Gracias a la colaboración con Inditex, entre octubre de 2016 -fecha de incorporación del equipo técnico al proyecto- y enero de 2017 se ha trabajado con 460 personas, de las que 388 han recibido orientación laboral y una asignación de recursos ajustados a su perfil profesional.', 'Como resultado de la integración de todos nuestros canales de venta, en Inditex hemos trabajado en desarrollos tecnológicos que permitan aportar nuevas posibilidades a las necesidades de nuestros clientes.', 'Gracias a la contribución de todos nuestros empleados, Inditex ha logrado unos resultados especialmente positivos en los ejercicios 2015 y 2016, que han permitido repartir más de 79 millones de euros entre más de 84.000 personas en 50 países.', 'En virtud de este documento, Inditex rechaza cualquier tipo de discriminación.']","en 2017 se han consolidado 32 proyectos de economía social, 1.139 personas han mejorado su empleabilidad, 849 de ellas han recibido formación y 460 además han encontrado un empleo","entre octubre de 2016 -fecha de incorporación del equipo técnico al proyecto- y enero de 2017 se ha trabajado con 460 personas, de las que 388 han recibido orientación laboral y una asignación de recursos ajustados a su perfil profesional",0.25,1.0,1.0
¿En qué derivó el hecho de que en Paraguay la búsqueda de la mejora en la experiencia digital del cliente haya sido una prioridad durante el ejercicio 2017?,"['En Paraguay, la búsqueda de la mejora en la experiencia digital del cliente fue una prioridad durante el ejercicio 2017, por lo que se desarrolló un medio de pago que no necesitara tarjeta para realizar operaciones con cuentas en cajeros automáticos y comercios, sino solo el teléfono móvil del cliente, garantizando su seguridad y comodidad.', 'La transformación digital está impactada por los cambios en los hábitos de los consumidores, y por ello se ha iniciado un nuevo modelo de relación con los clientes, buscando nuevas formas de acercarse, allí donde ellos estén, para ser más convenientes. El objetivo ha sido mejorar la propuesta de valor y servicio del Grupo, asegurando la metodología y sistemática comercial, adaptándose a los diferentes segmentos y llevando la relación con el cliente donde más lo necesita en cada momento.', 'Por último cabe señalar los menores niveles de deterioro del valor de los activos financieros con respecto a los del ejercicio previo, cuando se registraron dotaciones a saneamientos como consecuencia de las bajadas de rating de las compañías de oil & gas en Estados Unidos, sobre todo durante los tres primeros meses de ese año.rela Ción C on el Cliente 2017 P.69 Relación con el cliente experiencia de cliente El principal foco de atención de BBVA es satisfacer las necesidades de sus clientes y conectar con ellos de una manera más atractiva, combinando al mismo tiempo innovación, tecnología y experiencia.', 'Los clientes digitales aumentaron en el año 2017 un 10%, hasta los 4,4 millones de clientes, como resultado de nuestro firme compromiso con la transformación digital.', 'Santander quiere proporcionar a sus clientes una experiencia de servicio excelente y, por ello, durante este año ha puesto en marcha nuevas iniciativas que pretenden mejorar los procesos desde la visión del cliente incorporando los beneficios que supone la transformación digital.']","se desarrolló un medio de pago que no necesitara tarjeta para realizar operaciones con cuentas en cajeros automáticos y comercios, sino solo el teléfono móvil del cliente, garantizando su seguridad y comodidad","se desarrolló un medio de pago que no necesitara tarjeta para realizar operaciones con cuentas en cajeros automáticos y comercios, sino solo el teléfono móvil del cliente, garantizando su seguridad y comodidad",1.0,1.0,1.0
"La colaboración con los diferentes departamentos, ¿qué ha provocado?","['Gracias a la colaboración con los diferentes departamentos, todos los empleados -e incluso las nuevas incorporaciones- participan en talleres de sensibilización ambiental.', 'Gracias a la colaboración con Inditex, entre octubre de 2016 -fecha de incorporación del equipo técnico al proyecto- y enero de 2017 se ha trabajado con 460 personas, de las que 388 han recibido orientación laboral y una asignación de recursos ajustados a su perfil profesional.', 'En vista de estas difíciles circunstancias, creo que el nuevo equipo directivo de Vueling ha hecho un fantástico trabajo. Se han enfrentado a estos retos, han sido honestos acerca de los problemas que les afectaban y no se desentendieron de los errores que se cometieron a nivel interno. El nuevo equipo ha restablecido el desempeño operativo de la aerolínea, ha potenciado la resiliencia de la red.', 'Applus+ cuenta con profesionales de gran talento, comprometidos y apasionados, que han contribuido al crecimiento y a la diversificación del negocio durante muchos años y por este motivo me gustaría expresarles mi agradecimiento por la gran labor que han realizado.', 'Estoy segura de que lo conseguiremos porque contamos con un equipo dispuesto a esforzarse al máximo para dar el mejor servicio a los clientes.']",todos los empleados -e incluso las nuevas incorporaciones- participan en talleres de sensibilización ambiental,todos los empleados -e incluso las nuevas incorporaciones- participan en talleres de sensibilización ambiental,1.0,0.5,1.0
¿Qué le permite afirmar que el nuevo equipo directivo de Vueling ha hecho un fantástico trabajo?,"['En vista de estas difíciles circunstancias, creo que el nuevo equipo directivo de Vueling ha hecho un fantástico trabajo. Se han enfrentado a estos retos, han sido honestos acerca de los problemas que les afectaban y no se desentendieron de los errores que se cometieron a nivel interno. El nuevo equipo ha restablecido el desempeño operativo de la aerolínea, ha potenciado la resiliencia de la red.', 'Gracias a nuestra visión estratégica y a un importante rigor en la gestión, acompañada por unos sólidos valores, aquilatados por el fuerte componente familiar, hemos superado con éxito una compleja etapa en la que hemos logrado alcanzar la mayor parte de los objetivos propuestos, afrontando el futuro con solvencia y optimismo.', 'Después de un primer trimestre exigente como empresa cotizada y a pesar de las dificultades experimentadas por la industria del petróleo y el gas, que es una parte importante de nuestra actividad, me complace anunciar que, gracias a la gestión y dirección de Fernando Basabe y de su equipo, el Grupo ha logrado obtener resultados conforme a nuestras expectativas.', 'Estoy segura de que lo conseguiremos porque contamos con un equipo dispuesto a esforzarse al máximo para dar el mejor servicio a los clientes.', 'La plantilla aumentó un 2,6% dado que se han puesto en marcha nuevas líneas y que ha aumentado la producción.']","se han enfrentado a estos retos, han sido honestos acerca de los problemas que les afectaban y no se desentendieron de los errores que se cometieron a nivel interno. El nuevo equipo ha restablecido el desempeño operativo de la aerolínea, ha potenciado la resiliencia de la red","estas difíciles circunstancias,",0.25,1.0,1.0
¿Qué se ha provocado el éxito cosechado en Madrid?,"['Gracias a nuestra visión estratégica y a un importante rigor en la gestión, acompañada por unos sólidos valores, aquilatados por el fuerte componente familiar, hemos superado con éxito una compleja etapa en la que hemos logrado alcanzar la mayor parte de los objetivos propuestos, afrontando el futuro con solvencia y optimismo.', 'La compañía ha ido ganando volumen merced a un modelo de negocio único en su sector, que le ha permitido aumentar su rentabilidad pese a los ciclos económicos adversos y ganarse la confianza del mercado.', 'Un modelo de éxito que ha dotado a todas las cadenas de Atresmedia Televisión de una fuerte personalidad, cadenas que siguen ganando audiencia mes a mes gracias a una programación diferenciada, con un altísimo porcentaje de éxitos, y donde no solo la ficción ha batido récords, también lo han hecho los programas informativos, los magacines de actualidad y los concursos.', 'Gracias a la contribución de todos nuestros empleados, Inditex ha logrado unos resultados especialmente positivos en los ejercicios 2015 y 2016, que han permitido repartir más de 79 millones de euros entre más de 84.000 personas en 50 países.', 'Estoy segura de que lo conseguiremos porque contamos con un equipo dispuesto a esforzarse al máximo para dar el mejor servicio a los clientes.']",contamos con un equipo dispuesto a esforzarse al máximo para dar el mejor servicio a los clientes,"tanto la exposición y como ‘Las Noches del Misterio’ se trasladaron a Barcelona, Gijón, Las Palmas de Gran Canaria y Palma de Mallorca con una excepcional acogida",0.0,1.0,1.0
¿Qué impacto tuvo este cambio?,"['El impacto de esta reforma global sobre la actividad económica es objeto de interés creciente, ya que representa un posible freno para el crecimiento económico.', 'Los cambios también han afectado a la distribución que debe adaptarse a los nuevos gustos. Aparecen nuevas opciones frente a la distribución tradicional como la compra por internet (super on line) donde el crecimiento es muy relevante y las posiciones de los principales actores en muchas ocasiones es distinta a la que tiene la distribución tradicional. Como resultado, hemos asistido a operaciones de fusión/concentración en algunos mercados relevantes.', 'La transformación digital está impactada por los cambios en los hábitos de los consumidores, y por ello se ha iniciado un nuevo modelo de relación con los clientes, buscando nuevas formas de acercarse, allí donde ellos estén, para ser más convenientes. El objetivo ha sido mejorar la propuesta de valor y servicio del Grupo, asegurando la metodología y sistemática comercial, adaptándose a los diferentes segmentos y llevando la relación con el cliente donde más lo necesita en cada momento.', 'El ebitda disminuye un 20,9% debido al impacto de una menor demanda y un efecto negativo de los tipos de cambio (–46 millones de euros).', 'El impacto no fue duradero, ya que en los meses siguientes se redujo la volatilidad, la renta variable se recuperó y bajó la aversión al riesgo.']","se ha iniciado un nuevo modelo de relación con los clientes, buscando nuevas formas de acercarse, allí donde ellos estén, para ser más convenientes. El objetivo ha sido mejorar la propuesta de valor y servicio del Grupo, asegurando la metodología y sistemática comercial, adaptándose a los diferentes segmentos y llevando la relación con el cliente donde más lo necesita en cada momento","se procedió al nombramiento de doña Patricia Estany como Consejera Coordinadora, a la que se han atribuido, además de las funciones previstas legalmente, todas las que recoge el artículo 15 del Reglamento del Consejo de Administración, cuyo contenido se ajusta a la Recomendación 34 del Código de Buen Gobierno",0.0,1.0,1.0
¿Qué ha supuesto en términos de target los 7 partidos disputados por la Selección Española en Cuatro?,"['Por lo que respecta al Mundial de Baloncesto, los partidos ofrecidos por Cuatro más la final ofrecida por Telecinco han congregado una media de 1.452.000 espectadores y un 11,1% de share, una cifra que supera los datos del Mundobasket 2010 ofrecido por LaSexta (10,8%). Los 7 partidos disputados por la Selección Española han anotado en Cuatro una media del 18,3% de share y 2.847.000 espectadores, alcanzando un 22% en target comercial, unos registros muy por encima también de los de La Roja en la anterior cita mundialista. Cuatro situó los tres encuentros disputados por España en septiembre en el ranking de las emisiones más vistas del mes: Francia-España (25,9% y 4.572.000), líder del ranking de emisiones de las cadenas comerciales, el España-Francia (22,7% y 3.816.000) y el Brasil-España (18,2% y 3.074.000).', 'La explotación de marcas más allá de las pantallas se eleva a su máxima expresión con ‘Cuarto Milenio’. Coincidiendo con el décimo aniversario del programa, Mediaset España ha desarrollado en diversas ciudades españolas una exposición que recorre los principales enigmas del mundo de lo desconocido a través de los temas, historias y personajes más impactantes abordados en el programa de Cuatro, todo ello complementado con ‘Las Noches del Misterio’, una serie de encuentros personales entre los conductores del programa, Iker Jímenez y Carmen Porter con sus seguidores, en los que se tratan las historias y los sucesos en un ambiente muy especial. Debido al éxito cosechado en Madrid, tanto la exposición y como ‘Las Noches del Misterio’ se trasladaron a Barcelona, Gijón, Las Palmas de Gran Canaria y Palma de Mallorca con una excepcional acogida. En 2016 la gira del misterio ya tiene comprometida su presencia en León, Sevilla, Bilbao y, de nuevo, Madrid y Barcelona.', '2014 ha sido el primer año de la ejecución del Plan Estratégico a cinco años, un ejercicio en el que la Compañía ha vivido una profunda transformación gracias a la puesta en marcha de las iniciativas del Plan y sus positivos resultados.', 'Simultáneamente, hemos comenzado a trabajar en la cuarta edición, que supondrá una importante ampliación del alcance del programa, ya que también abarcará cuestiones adicionales de sostenibilidad ambiental.', '• Obligaciones de cobertura de la población, tanto en España como en Italia. El despliegue del 4G es una prioridad clave para los operadores móviles europeos, ya que un porcentaje significativo de la población aún no dispone de acceso. igualmente, existe una creciente preocupación por la calidad de la red, que requiere una mayor densificación de la misma.']","han congregado una media de 1.452.000 espectadores y un 11,1% de share, una cifra que supera los datos del Mundobasket 2010 ofrecido por LaSexta (10,8%).","un 22% en target comercial, unos registros muy por encima también de los de La Roja en la anterior cita mundialista",0.25,0.5,1.0
"¿Por qué el diseño de la nueva aplicación móvil BBVA España refleja la expresión del lema de BBVA, Creando Oportunidades?","['Nueva aplicación móvil BBVA España, con un diseño que refleja la expresión del lema de BBVA, Creando Oportunidades, ya que sigue permitiendo realizar cualquier operación desde cualquier lugar, de una forma fácil y sencilla, pero aprovechando cada vez más todas las oportunidades que ofrecen las nuevas tecnologías y el big data.', 'Además, BBVA cuenta con una aplicación global de job posting interno, denominada ‘apúntate+’, como medio para favorecer el desarrollo y la transparencia en los procesos de promoción interna, ya que en ella se publican las diferentes posiciones disponibles a las que el empleado puede acceder.', 'Por último cabe señalar los menores niveles de deterioro del valor de los activos financieros con respecto a los del ejercicio previo, cuando se registraron dotaciones a saneamientos como consecuencia de las bajadas de rating de las compañías de oil & gas en Estados Unidos, sobre todo durante los tres primeros meses de ese año.rela Ción C on el Cliente 2017 P.69 Relación con el cliente experiencia de cliente El principal foco de atención de BBVA es satisfacer las necesidades de sus clientes y conectar con ellos de una manera más atractiva, combinando al mismo tiempo innovación, tecnología y experiencia.', 'Esta operación es positiva para los accionistas, ya que se estima que mejora el beneficio por acción (BPA) desde 2016.', 'Como consecuencia de las conclusiones de la encuesta ""Tienes la palabra 2015"", Meliá Hotels International ha renovado sus oficinas corporativas para hacer de ellas un espacio de colaboración más abierto, dinámico, flexible, sin barreras y para fortalecer la cercanía entre sus equipos.']","sigue permitiendo realizar cualquier operación desde cualquier lugar, de una forma fácil y sencilla, pero aprovechando cada vez más todas las oportunidades que ofrecen las nuevas tecnologías y el big data","sigue permitiendo realizar cualquier operación desde cualquier lugar, de una forma fácil y sencilla, pero aprovechando cada vez más todas las oportunidades que ofrecen las nuevas tecnologías y el big data",1.0,0.6666666666666666,1.0
¿Gracias a qué medidas IAG Cargo podrá seguir ofreciendo nuevas ventajas a nuestros clientes y accionista? ,"['A pesar de que ha sido un año complicado para el sector, hemos conseguido resultados estables y resilientes. IAG Cargo cuenta con un modelo muy consolidado y seguiremos ofreciendo nuevas ventajas a nuestros clientes y accionista gracias a nuestras inversiones constantes en todas las áreas del negocio, en forma de mejoras de las infraestructuras, ampliaciones de la red, nuevas alianzas y avances tecnológicos. Mantenemos la confianza en nuestra estrategia en 2017 y en el futuro.', 'Aer Lingus logró sus ahorros de costes gracias a un crecimiento eficiente, a través de un aumento de la productividad y las iniciativas en materia de proveedores y propiedad impulsadas desde IAG. Dichas iniciativas se pusieron en marcha en áreas como el catering, la limpieza, el mantenimiento, el handling y las negociaciones de ampliación de los contratos de arrendamiento de aviones.', 'Gracias a nuestra visión estratégica y a un importante rigor en la gestión, acompañada por unos sólidos valores, aquilatados por el fuerte componente familiar, hemos superado con éxito una compleja etapa en la que hemos logrado alcanzar la mayor parte de los objetivos propuestos, afrontando el futuro con solvencia y optimismo.', 'Nuestro objetivo es ser la aerolínea líder en precio y servicio a través del Atlántico Norte gracias a una red de corto radio rentable y sostenible. Nuestra estrategia tiene como pilares fundamentales una marca y un servicio sólidos y enfocados en el cliente, una red con atractivas conexiones y una base de costes competitiva y resiliente. Creemos que Aer Lingus está bien posicionada para seguir creciendo exitosamente aprovechando las ventajas de formar parte del Grupo IAG y para alcanzar nuestros objetivos.', 'La firma de más de un centenar de acuerdos estratégicos en 2015 supone una ventaja competitiva, ya que asegura unos niveles de competitividad en la adquisición de productos y servicios y garantiza el desarrollo de proyectos de innovación en materiales y procesos, que redundará en beneficio tanto de CIE Automotive como de sus proveedores y clientes a medio plazo. No obstante, estos acuerdos pueden suponer también un riesgo para la compañía, tal y como se muestra en el Top 15.']","a nuestras inversiones constantes en todas las áreas del negocio, en forma de mejoras de las infraestructuras, ampliaciones de la red, nuevas alianzas y avances tecnológicos","a nuestras inversiones constantes en todas las áreas del negocio, en forma de mejoras de las infraestructuras, ampliaciones de la red, nuevas alianzas y avances tecnológicos",1.0,0.2,1.0
¿Por qué Inditex ha revisado su Modelo de Prevención de Riesgos Penales?,"['Por otra parte, en 2015, con motivo de la aprobación de la Ley 1/2015, de 30 de marzo, por la que se reforma el Código Penal -introduciendo la necesidad de disponer de modelos de organización y gestión adecuados para la prevención de delitos- así como de la norma ISO 19600 (2014), que establece las directrices principales para la creación de un modelo de compliance, Inditex revisó su Modelo, aprobando un nuevo Modelo de Prevención de Riesgos Penales, que viene a sustituir el anterior y que se configura por medio de los siguientes documentos:', 'En 2017, y gracias a la incorporación de nuevas herramientas de difusión y acceso a la información, se ha podido hacer llegar a todos los empleados en España el contenido de estos Planes de Igualdad, disponibles a través de los diferentes canales de comunicación del Grupo y de manera especial en INet, la intranet de Inditex.', 'Gracias a la contribución de todos nuestros empleados, Inditex ha logrado unos resultados especialmente positivos en los ejercicios 2015 y 2016, que han permitido repartir más de 79 millones de euros entre más de 84.000 personas en 50 países.', 'En virtud de este documento, Inditex rechaza cualquier tipo de discriminación.', 'Gracias a la colaboración con Inditex, en 2017 se han consolidado 32 proyectos de economía social, 1.139 personas han mejorado su empleabilidad, 849 de ellas han recibido formación y 460 además han encontrado un empleo.']","con motivo de la aprobación de la Ley 1/2015, de 30 de marzo, por la que se reforma el Código Penal -introduciendo la necesidad de disponer de modelos de organización y gestión adecuados para la prevención de delitos- así como de la norma ISO 19600 (2014), que establece las directrices principales para la creación de un modelo de compliance","con motivo de la aprobación de la Ley 1/2015, de 30 de marzo, por la que se reforma el Código Penal -introduciendo la necesidad de disponer de modelos de organización y gestión adecuados para la prevención de delitos- así como de la norma ISO 19600 (2014), que establece las directrices principales para la creación de un modelo de compliance",1.0,0.8333333333333334,1.0
¿A qué se atribuye que se haya registrado una desaceleración de la actividad en la segunda parte de 2015 respecto al primer semestre?,"['Es cierto que se ha registrado una desaceleración de la actividad en la segunda parte de 2015 respecto a lo observado en el primer semestre debido a la ralentización de la demanda mundial, el agotamiento de algunos factores cíclicos y el aumento de la incertidumbre, en parte ligada al ciclo electoral español, pero las previsiones indican que se alcanzará un incremento del PIB de alrededor de un 2,7% para 2016.', 'Además, después de haber crecido significativamente en los seis primeros meses del año, el número de visitantes estadounidenses se redujo durante el segundo semestre como consecuencia del empeoramiento de las relaciones y aumento de las tensiones entre los gobiernos estadounidense y cubano.', 'En 2015, a pesar de avanzar en la certificación de nuevos sistemas de gestión ambiental conforme a ISO 14001 y a los requisitos internos, se ha registrado una disminución del porcentaje de ebitda certificado, como consecuencia de la incorporación de nuevas actividades en Chile donde se está trabajando en adaptarlas a los referenciales internacionales y a los requerimientos internos en materia de gestión ambiental. En materia de cambio climático este año se ha mantenido el avance de los diferentes proyectos encaminados a la determinación de nuestra huella de carbono e identificación de los riesgos y oportunidades derivados del cambio climático.', 'Estas ventas han supuesto un ingreso de 2.885 millones de euros en el ejercicio 2015, un 5,3% menor al del ejercicio 2014 ya que la caída en las ventas físicas como consecuencia de la reducción en el número de clientes a precio regulado (–9,5%) y el incremento del coste de la energía no se ha visto compensada por el incremento del precio medio de venta.', 'Para el sector del automóvil a nivel global, 2015 tampoco ha sido un ejercicio  positivo, ya que la producción mundial de vehículos ligeros creció por debajo del 2%.  En el pasado año, el comportamiento de los mercados en Norteamérica y Europa fue positivo, pero no fue así en importantes mercados emergentes como Brasil y Rusia  que acumulan ya varios años de caídas. El mercado chino, verdadero motor del sector  de automoción en los últimos años, tuvo un comportamiento mucho más plano en 2015, aunque un buen dato del último trimestre compensó los malos datos del verano.']","a la ralentización de la demanda mundial, el agotamiento de algunos factores cíclicos y el aumento de la incertidumbre, en parte ligada al ciclo electoral español","a la ralentización de la demanda mundial, el agotamiento de algunos factores cíclicos y el aumento de la incertidumbre, en parte ligada al ciclo electoral español",1.0,1.0,1.0
¿Por qué ha caído la rentabilidad por la devaluación del dólar canadiense?,"['Otro factor que ha influido en esta caída de la rentabilidad ha sido la devaluación en un 23% del dólar canadiense ya que aproximadamente un 25% de los recursos de este subgrupo se generan en esta moneda (Catelli).', 'Las ventas netas aumentaron un 25,7% en moneda local, pero descendieron un 1,5% en euros hasta los 3.122 millones debido a la depreciación de las divisas registradas en el año (-4,8% real brasileño, -37,4% peso argentino y -5,2% yuan chino)', 'El ebitda disminuye un 20,9% debido al impacto de una menor demanda y un efecto negativo de los tipos de cambio (–46 millones de euros).', 'La cifra de negocio disminuyó un 14,0% hasta los 401,3 millones de euros, debido a una severa bajada del mercado local y a las fluctuaciones adversas de tipo de cambio tanto en Brasil como en Argentina.', 'Debido al estancamiento del mercado sudafricano, Columbus ha debido exportar una mayor parte de su producción a los restantes mercados del Grupo, en los que se ha beneficiado de la devaluación de la moneda local, el rand sudafricano.']",aproximadamente un 25% de los recursos de este subgrupo se generan en esta moneda (Catelli)</doc>,aproximadamente un 25% de los recursos de este subgrupo se generan en esta moneda ,1.0,1.0,1.0
"La puesta en marcha de las iniciativas del Plan y sus positivos resultados, ¿qué ha favorecido?","['2014 ha sido el primer año de la ejecución del Plan Estratégico a cinco años, un ejercicio en el que la Compañía ha vivido una profunda transformación gracias a la puesta en marcha de las iniciativas del Plan y sus positivos resultados.', 'Gran parte de las líneas están en proceso de ejecución, dado que muchos de los objetivos propuestos se han trazado a 2015.', 'Los planes de pensiones son una herramienta fundamental para fomentar la cultura del ahorro, pues ayudan a que los trabajadores afronten su jubilación en mejores condiciones económicas, especialmente ahora que la presión demográfica amenaza la sostenibilidad del sistema público, al menos tal y como lo conocemos.', 'Como consecuencia de los objetivos alcanzados en 2017, el Banco se sitúa en una posición sólida para encarar el Plan Director 2018-2020.', 'Estricto control de costes, con una disminución del 0,6% gracias al plan de eficiencia y de productividad.']","2014 ha sido el primer año de la ejecución del Plan Estratégico a cinco años, un ejercicio en el que la Compañía ha vivido una profunda transformación","2014 ha sido el primer año de la ejecución del Plan Estratégico a cinco años, un ejercicio en el que la Compañía ha vivido una profunda transformación",1.0,1.0,1.0
¿Cuál es la causa de que hayamos asistido a operaciones de fusión o concentración en algunos mercados relevantes?,"['Los cambios también han afectado a la distribución que debe adaptarse a los nuevos gustos. Aparecen nuevas opciones frente a la distribución tradicional como la compra por internet (super on line) donde el crecimiento es muy relevante y las posiciones de los principales actores en muchas ocasiones es distinta a la que tiene la distribución tradicional. Como resultado, hemos asistido a operaciones de fusión/concentración en algunos mercados relevantes.', 'Al margen de nuestra apuesta por Asia, seguimos focalizando nuestra inversión en otros mercados con fuerte potencial de crecimiento, como es el caso de México. En 2014, hemos desarrollado cuatro nuevos greenfields que revertirán en nuevos incrementos de los márgenes a futuro gracias al fuerte dinamismo de la demanda doméstica y al tirón de las exportaciones a Estados Unidos. Hoy, el mercado de NAFTA, supera ya el 20% de nuestras ventas.', 'Nuestra evolución en los últimos años y nuestras fortalezas nos permiten acelerar nuestra transformación', 'otros movimientos que se han producido a lo largo del año han sido la reducción de las rentabilidades de la curvas de los países periféricos de la eurozona, con la excepción de Grecia, cuyas rentabilidades han aumentado sustancialmente en la última parte del año debido a la inestabilidad política.', 'Europa ha tenido una primera mitad del año con fuerte incremento del consumo aparente, debido al incremento en la utilización por parte de los clientes finales pero también debido a la recuperación de stocks en la cadena de suministro.']",Los cambios también han afectado a la distribución que debe adaptarse a los nuevos gustos. Aparecen nuevas opciones frente a la distribución tradicional como la compra por internet (super on line) donde el crecimiento es muy relevante y las posiciones de los principales actores en muchas ocasiones es distinta a la que tiene la distribución tradicional,Aparecen nuevas opciones frente a la distribución tradicional como la compra por internet (super on line) donde el crecimiento es muy relevante y las posiciones de los principales actores en muchas ocasiones es distinta a la que tiene la distribución tradicional,0.75,0.8571428571428571,1.0
¿Por qué la homologación de proveedores es imprescindible para todas las empresas que deseen contratar con MAPFRE?,"['La homologación de proveedores es imprescindible para todas las empresas que deseen contratar con MAPFRE, ya que garantiza la capacidad técnica, financiera y de calidad para cumplir con los compromisos que suscriben.', 'RIESGO DE CATÁSTROFES NATURALES Especial mención requiere la actuación de MAPFRE ante las catástrofes naturales donde una adecuada previsión de estos eventos y la correcta valoración de las pérdidas que pueden provocar son esenciales para la gestión de una compañía aseguradora, ya que de ello depende el impacto económico que la empresa tendrá que absorber y también la respuesta que podrá dar a sus clientes.', 'Operamos en una industria global y altamente competitiva por lo que no sólo debemos adaptarnos de forma continuada a los requisitos de nuestros clientes sino que consideramos el desarrollo conjunto una oportunidad de ventaja competitiva.', 'Como se ha señalado, esta fase de implantación es otra de las posibles fuentes de riesgo de modelo, por lo que es requisito indispensable que se realicen pruebas por parte de los equipos técnicos y los propietarios del modelo, certificando que se ha implementado de acuerdo a la definición metodológica y funciona de acuerdo a lo esperado.', 'En el sector de la automoción, es fundamental el correcto funcionamiento y desempeño de todos los eslabones de la cadena de producción por lo que no sólo la calidad de los componentes, sino también una disponibilidad adecuada de los mismos, es determinante para asegurar el correcto funcionamiento de la cadena de montaje de los fabricantes de automóviles.']","garantiza la capacidad técnica, financiera y de calidad para cumplir con los compromisos que suscriben","garantiza la capacidad técnica, financiera y de calidad para cumplir con los compromisos que suscriben",1.0,0.5,1.0
¿Qué hace que Santander UK tenga una presencia creciente en cuentas corrientes?,"['Visión: Santander UK tiene una presencia creciente en cuentas corrientes, gracias a su innovadora cuenta 1|2|3, y está aumentando su participación en el mercado de banca corporativa y de pymes, que actualmente representa el 6,6% de sus préstamos a los clientes.', 'Santander es uno de los bancos más rentables y eficientes gracias al talento y trabajo de nuestros equipos, que han conseguido unos resultados excelentes, haciendo las cosas de manera más sencilla, personal y justa.', 'Santander quiere proporcionar a sus clientes una experiencia de servicio excelente y, por ello, durante este año ha puesto en marcha nuevas iniciativas que pretenden mejorar los procesos desde la visión del cliente incorporando los beneficios que supone la transformación digital.', 'Quiero felicitar a los más de 200.000 profesionales que trabajan en el Grupo Santander, puesto que los logros alcanzados en 2017 no hubieran sido posibles sin la aportación de cada uno de ellos. tenemos el objetivo de consolidarnos como el mejor banco comercial para nuestros empleados, clientes, accionistas y la sociedad.', 'La morosidad y el coste de crédito permanecen en niveles moderados gracias a las políticas de admisión de nueva producción más estrictas en SC USA, y el buen comportamiento en las carteras de particulares y empresas en Santander Bank.']","su innovadora cuenta 1|2|3, y está aumentando su participación en el mercado de banca corporativa y de pymes, que actualmente representa el 6,6% de sus préstamos a los clientes",su innovadora cuenta 1|2|3,0.5,1.0,1.0
¿Qué ha supuesto el compromiso de desempeñar su actividad de manera sostenible con el medio ambiente?,"['En virtud del compromiso asumido de desempeñar su actividad de manera sostenible con el medio ambiente, reflejado en su Política Medioambiental, Mediaset España ha ido adoptando a lo largo del tiempo, medidas para hacer un uso eficiente de los recursos naturales, gestionar de forma responsable los residuos generados, así como minimizar los impactos sobre el entorno natural en los lugares donde desarrolla sus actividades.', 'Somos conscientes del impacto de nuestra actividad en la sociedad y, por ello, buscamos procesos más eficientes e innovadores, apoyándonos en las nuevas tecnologías, que nos permitan contribuir de forma positiva a lograr un entorno más sostenible.', 'Vidrala es consciente de la importancia que supone avanzar con paso firme en la lucha contra el cambio climático, por lo que ha manifestado su voluntad de participar en el camino marcado por la iniciativa Stop CO₂ Euskadi con la colaboración a través de sus actividades de diseño, I+D+i, administración y comercialización de envases de vidrio.', 'Gracias a esta vocación de excelencia, la compañía mantiene certificaciones en los campos de gestión de calidad, gestión ambiental y seguridad y salud.', 'En 2015, a pesar de avanzar en la certificación de nuevos sistemas de gestión ambiental conforme a ISO 14001 y a los requisitos internos, se ha registrado una disminución del porcentaje de ebitda certificado, como consecuencia de la incorporación de nuevas actividades en Chile donde se está trabajando en adaptarlas a los referenciales internacionales y a los requerimientos internos en materia de gestión ambiental. En materia de cambio climático este año se ha mantenido el avance de los diferentes proyectos encaminados a la determinación de nuestra huella de carbono e identificación de los riesgos y oportunidades derivados del cambio climático.']","Mediaset España ha ido adoptando a lo largo del tiempo, medidas para hacer un uso eficiente de los recursos naturales, gestionar de forma responsable los residuos generados, así como minimizar los impactos sobre el entorno natural en los lugares donde desarrolla sus actividades","Mediaset España ha ido adoptando a lo largo del tiempo, medidas para hacer un uso eficiente de los recursos naturales, gestionar de forma responsable los residuos generados, así como minimizar los impactos sobre el entorno natural en los lugares donde desarrolla sus actividades",1.0,1.0,1.0
¿Qué les hace no querer caer en la autocomplacencia?,"['No obstante, no queremos caer en la autocomplacencia porque nuestra constante es crecer, superar retos, nunca acomodarnos en la tentadora zona de lo fácil.', 'Esto redunda en una mejora de la autoestima, incrementando el orgullo de pertenencia a la empresa, y, por consiguiente, en la atracción y retención del talento.', 'Nuestra trayectoria avala ese propósito de estabilidad, porque mantenemos el nombre, no nos hemos fusionado con nadie y no hemos comprado nada en España.', 'Nuestra evolución en los últimos años y nuestras fortalezas nos permiten acelerar nuestra transformación', 'Somos lo que somos porque durante todos estos años hemos sabido como nadie adelantarnos, innovar y prepararnos, en definitiva, para el cambio.']","nuestra constante es crecer, superar retos, nunca acomodarnos en la tentadora zona de lo fácil","nuestra constante es crecer, superar retos, nunca acomodarnos en la tentadora zona de lo fácil",1.0,0.6666666666666666,1.0
"¿Qué efecto tiene que, en algunas ocasiones, la solución a las reclamaciones pueda ser local pero, en otras, deban intervenir las direcciones centrales?","['En algunas ocasiones, la solución a las reclamaciones puede ser local pero, en otras, deben intervenir las direcciones centrales. Por eso, el defensor del cliente coordina fábricas, ingeniería, dirección de obras, etc... para ofrecer una respuesta integral.', 'En el ámbito local, las direcciones de riesgos locales deberán contar con la estructura y los medios necesarios para llevar a cabo su actividad según se ha descrito anteriormente, ya que son las encargadas de la ejecución de los distintos controles establecidos, asumiendo la responsabilidad de informar de los resultados de los mismos tanto a sus interlocutores a nivel local (negocio, supervisión de riesgos, reguladores y supervisores, etc), como a sus interlocutores a nivel corporativo.', 'Sin embargo, debido a la legislación de algunos países o a los usos habituales para los contratos de arrendamiento, en algunos casos la duración es menor.', 'Un aumento de precios del coste de la materia prima en origen tan abrupto como el descrito impacta directamente en los márgenes, ya que el traslado a los clientes resulta complejo y es fruto de largas negociaciones con la distribución.', 'También podrá proponerse la separación de consejeros independientes como consecuencia de ofertas públicas de adquisición, fusiones u otras operaciones corporativas similares que supongan un cambio en la estructura de capital de la sociedad, cuando tales cambios en la estructura del consejo de administración vengan propiciados por el criterio de proporcionalidad señalado en la recomendación 16.']","el defensor del cliente coordina fábricas, ingeniería, dirección de obras, etc... para ofrecer una respuesta integral","el defensor del cliente coordina fábricas, ingeniería, dirección de obras, etc... para ofrecer una respuesta integral",1.0,1.0,1.0
¿Qué implican las nuevas tecnologías?,"['Somos conscientes del impacto de nuestra actividad en la sociedad y, por ello, buscamos procesos más eficientes e innovadores, apoyándonos en las nuevas tecnologías, que nos permitan contribuir de forma positiva a lograr un entorno más sostenible.', 'La revolución digital, y sus implicaciones en términos de cambio de los procesos productivos, está llegando cada vez a un mayor número de sectores. Por ello, Dominion ofrece hoy soluciones y servicios a empresas en un amplio abanico de sectores y es previsible que este número se incremente en el futuro próximo.', 'Gracias a la introducción de tecnologías innovadoras y el desarrollo de nuevas soluciones y procesos de negocio, buscamos convertirnos en un Grupo más efectivo, eficiente y orientado al cliente.', 'Esta nueva revolución está creando también nuevos desafíos sociales y de sostenibilidad, por lo que debemos estar preparados para hacerles frente.', 'Capacitación financiera gracias a las tecnologías digitales']","buscamos procesos más eficientes e innovadores, apoyándonos en las nuevas tecnologías, que nos permitan contribuir de forma positiva a lograr un entorno más sostenible",la digitalización de las facturas de nuestros clientes,0.25,1.0,1.0
"¿A qué se debe que Estados Unidos experimentara prácticamente pleno empleo, inflación controlada, incremento del número de asalariados con mejoras en los salarios medios y un índice de confianza de los consumidores positivo?","['Estados Unidos, por su parte, experimentó cierta ralentización en su crecimiento, con un incremento anual del PIB del 1,6%, pero con un satisfactorio cuadro macroeconómico: prácticamente pleno empleo, inflación controlada, incremento del número de asalariados con mejoras en los salarios medios y un índice de confianza de los consumidores positivo gracias al impulso fiscal anunciado por el nuevo presidente.', 'Estas cifras unidas a una baja rotación voluntaria del 5,3 % dan como resultado un elevado índice de estabilidad.', 'En 2017 continuó mejorando el mercado de la vivienda y la situación financiera de los hogares gracias al buen cuadro macroeconómico y en particular a la evolución del empleo.', 'La inflación descendió a tasas mínimas históricas, del 2,1% en diciembre, gracias a la reducción de los precios en telecomunicaciones y energía tras la implementación de reformas estructurales.', 'Europa ha tenido una primera mitad del año con fuerte incremento del consumo aparente, debido al incremento en la utilización por parte de los clientes finales pero también debido a la recuperación de stocks en la cadena de suministro.']",al impulso fiscal anunciado por el nuevo presidente,al impulso fiscal anunciado por el nuevo presidente,1.0,0.8333333333333334,1.0
¿A qué se debió el respaldo de la compañía a la visita de Juan Luis Guerra dentro de su gira internacional?,"['La visita de Juan Luis Guerra a Madrid y Barcelona dentro de su gira internacional, estuvo también respaldada por la compañía con motivo de la celebración de su 25º Aniversario.', 'Gracias a nuestra visión estratégica y a un importante rigor en la gestión, acompañada por unos sólidos valores, aquilatados por el fuerte componente familiar, hemos superado con éxito una compleja etapa en la que hemos logrado alcanzar la mayor parte de los objetivos propuestos, afrontando el futuro con solvencia y optimismo.', 'La compañía ha ido ganando volumen merced a un modelo de negocio único en su sector, que le ha permitido aumentar su rentabilidad pese a los ciclos económicos adversos y ganarse la confianza del mercado.', 'Después de un primer trimestre exigente como empresa cotizada y a pesar de las dificultades experimentadas por la industria del petróleo y el gas, que es una parte importante de nuestra actividad, me complace anunciar que, gracias a la gestión y dirección de Fernando Basabe y de su equipo, el Grupo ha logrado obtener resultados conforme a nuestras expectativas.', 'En este sentido, me gustaría enfatizar que nuestro retorno más inmediato se produce hacia los 37 millones de clientes que confían en nosotros, porque una aseguradora más eficaz siempre ofrece mejores productos y servicios.']",con motivo de la celebración de su 25º Aniversario,con motivo de la celebración de su 25º Aniversario,1.0,1.0,1.0
¿Por qué motivo la responsabilidad de la gestión y control de riesgos recae en todos los empleados?,"['El riesgo operacional es inherente a todos los productos, actividades, procesos y sistemas, y se genera en todas las áreas de negocio y de soporte, siendo por esta razón, responsabilidad de todos los empleados la gestión y control de los riesgos generados en su ámbito de actuación.', 'Esta cultura de riesgos se define a través de cinco principios que han de formar parte de la gestión del día a día de todos los empleados del Grupo: Responsabilidad, porque todas las unidades y empleados (con independencia de la función que desempeñen) deben conocer y entender los riesgos en que incurren en su actividad diaria y ser responsables de su identificación, valoración, gestión y reporte', 'Y también han de ser flexibles, porque la gestión de riesgos tiene que adaptarse rápidamente a nuevos entornos y escenarios imprevistos.', 'Todos los riesgos están transferidos a la compañía de seguros, ya que esta incluso asegura la garantía indicada anteriormente.', 'La política de gestión de personal llevada a cabo por la compañía permite obtener un alto nivel de conocimiento y contacto con la plantilla gracias a una estructura descentralizada que comprende responsables de Recursos Humanos en todas las sociedades más importantes del Grupo y la implementación de políticas propias para cada una de ellas que incluyen no solo políticas generales para regular la relación empresa/trabajador, sino también directivas específicas de Salud y Seguridad en el Trabajo, Formación y Educación, Diversidad e Igualdad de Oportunidades e Igual Remuneración entre Hombres y Mujeres. Por otro lado, aquellas filiales que disponen de una estructura de personal pequeña (eminentemente sociedades comerciales con menos de 10 empleados) se rigen eminentemente por la legislación laboral del país en el que desarrollan su actividad.']","El riesgo operacional es inherente a todos los productos, actividades, procesos y sistemas, y se genera en todas las áreas de negocio y de soporte","El riesgo operacional es inherente a todos los productos, actividades, procesos y sistemas, y se genera en todas las áreas de negocio y de soporte",1.0,1.0,1.0
¿En qué ha derivado el empeoramiento de las relaciones y aumento de las tensiones entre los gobiernos estadounidense y cubano?,"['Además, después de haber crecido significativamente en los seis primeros meses del año, el número de visitantes estadounidenses se redujo durante el segundo semestre como consecuencia del empeoramiento de las relaciones y aumento de las tensiones entre los gobiernos estadounidense y cubano.', 'Asimismo, tras la COP21 la preocupación de los Estados por la lucha contra el cambio climático creció considerablemente, por lo que se espera que se intensifique la presión regulatoria sobre el sector energético, entre otros.', 'Llevamos años siendo cada vez más y más eficientes, por eso también cada vez es más difícil mejorar.', 'A pesar de los esfuerzos, este año el consumo energético fue superior al de 2015 debido a una mayor producción.', 'El beneficio antes de impuestos crece menos que los anteriores márgenes, debido a (i)n un aumento de los costes financieros asociados a la elevada volatilidad de tipo de cambio del US$ durante el ejercicio (el Grupo realiza una parte significativa de sus compras en US$) y (ii) a una peor evolución de los resultados no recurrentes, con una menor generación de ingresos procedente de la venta activos frente a las que se verificaron en 2016 (venta de inmuebles y venta del negocio de Puerto Rico, principalmente).']",el número de visitantes estadounidenses se redujo durante el segundo semestre,"después de haber crecido significativamente en los seis primeros meses del año, el número de visitantes estadounidenses se redujo durante el segundo semestre",0.5,1.0,1.0
"¿Qué efectos tienen los cambios en los objetivos estratégicos, estructura organizativa y normativa vigente entre otros?","['Para llevar a cabo esta función, el Grupo DIA ha establecido un procedimiento de seguimiento y actualización de la normativa, en virtud del cual están definidos los recursos, responsabilidades y herramientas internas y externas necesarias para desempeñar esta función y lograr el doble objetivo de disponer de un mapa regulatorio actualizado y de una organización informada sobre sus obligaciones legales.', 'En los últimos ejercicios el Grupo ha desarrollado e implantado las mejoras estructurales y operativas necesarias para reforzar y consolidar la visión integral de los riesgos, basada en información completa, precisa y recurrente, permitiéndole a la alta dirección valorar y decidir en consecuencia.', '2014 ha sido el primer año de la ejecución del Plan Estratégico a cinco años, un ejercicio en el que la Compañía ha vivido una profunda transformación gracias a la puesta en marcha de las iniciativas del Plan y sus positivos resultados.', 'Nuestra evolución en los últimos años y nuestras fortalezas nos permiten acelerar nuestra transformación', 'En 2015, a pesar de avanzar en la certificación de nuevos sistemas de gestión ambiental conforme a ISO 14001 y a los requisitos internos, se ha registrado una disminución del porcentaje de ebitda certificado, como consecuencia de la incorporación de nuevas actividades en Chile donde se está trabajando en adaptarlas a los referenciales internacionales y a los requerimientos internos en materia de gestión ambiental. En materia de cambio climático este año se ha mantenido el avance de los diferentes proyectos encaminados a la determinación de nuestra huella de carbono e identificación de los riesgos y oportunidades derivados del cambio climático.']","están definidos los recursos, responsabilidades y herramientas internas y externas necesarias para desempeñar esta función y lograr el doble objetivo de disponer de un mapa regulatorio actualizado y de una organización informada sobre sus obligaciones legales","La Comisión de Auditoría analizará anualmente la vigencia del mapa de Riesgos de la Compañía y procederá a incorporar, modificar o descartar los riesgos que, en su caso, sea necesario",0.0,1.0,1.0
¿Qué efectos tiene que Vidrala sea consciente de la importancia de avanzar en la lucha contra el cambio climático?,"['Vidrala es consciente de la importancia que supone avanzar con paso firme en la lucha contra el cambio climático, por lo que ha manifestado su voluntad de participar en el camino marcado por la iniciativa Stop CO₂ Euskadi con la colaboración a través de sus actividades de diseño, I+D+i, administración y comercialización de envases de vidrio.', 'En este sentido ha hecho, junto con otros bancos, un llamamiento público a todas las entidades signatarias de los Principios de Ecuador para que apoyen la ampliación de esta exigencia.finanzas sosteniBles 2017 P.97 Finanzas sostenibles Los bancos juegan un papel crucial en la lucha contra el cambio climático gracias a su posición única para movilizar capital mediante inversiones, préstamos y funciones de asesoramiento.', 'Como resultado de la adquisición, Vidrala incrementará su notoriedad en el mercado de envases de vidrio europeo, aportando tamaño, diversificación y futuro a una base de negocio de solidez demostrada.', 'Asimismo, tras la COP21 la preocupación de los Estados por la lucha contra el cambio climático creció considerablemente, por lo que se espera que se intensifique la presión regulatoria sobre el sector energético, entre otros.', 'En 2015, a pesar de avanzar en la certificación de nuevos sistemas de gestión ambiental conforme a ISO 14001 y a los requisitos internos, se ha registrado una disminución del porcentaje de ebitda certificado, como consecuencia de la incorporación de nuevas actividades en Chile donde se está trabajando en adaptarlas a los referenciales internacionales y a los requerimientos internos en materia de gestión ambiental. En materia de cambio climático este año se ha mantenido el avance de los diferentes proyectos encaminados a la determinación de nuestra huella de carbono e identificación de los riesgos y oportunidades derivados del cambio climático.']","ha manifestado su voluntad de participar en el camino marcado por la iniciativa Stop CO₂ Euskadi con la colaboración a través de sus actividades de diseño, I+D+i, administración y comercialización de envases de vidrio","ha manifestado su voluntad de participar en el camino marcado por la iniciativa Stop CO₂ Euskadi con la colaboración a través de sus actividades de diseño, I+D+i, administración y comercialización de envases de vidrio",1.0,1.0,1.0
¿Gracias a qué se ha obtenido un crecimiento del 8% en el resultado antes de impuestos?,"['El resultado antes de impuestos, que refleja mejor la evolución del negocio, crece un 8% gracias al aumento de volúmenes, la buena gestión de márgenes y el control de costes.', 'Un crecimiento que hemos alcanzado sin realizar ampliaciones de capital y gracias a una política prudente de distribución del dividendo.', 'El beneficio antes de impuestos en 2015 fue de 31 millones de euros, gracias a la muy escasa morosidad (un 1%, diez veces menos que el promedio del sector), un balance equilibrado y un nivel de gastos de estructura muy bajo.', 'Sin considerar esta venta, el beneficio neto ha crecido un 25,4% principalmente debido al buen desempeño del margen financiero y las comisiones cobradas y por un adecuado control de los gastos de administración y promoción.', 'La compañía ha ido ganando volumen merced a un modelo de negocio único en su sector, que le ha permitido aumentar su rentabilidad pese a los ciclos económicos adversos y ganarse la confianza del mercado.']","al aumento de volúmenes, la buena gestión de márgenes y el control de costes","al aumento de volúmenes, la buena gestión de márgenes y el control de costes",1.0,0.3333333333333333,1.0
¿Qué se ha conseguido con los esfuerzos realizados durante 2016?,"['Gracias a los diversos esfuerzos que se realizaron durante 2016, hemos reducido nuestro consumo global de agua en un 4,4% con respecto a 2015.', 'CLAVES DEL EJERCICIO 2016 En 2016 Santander Chile logró una mejora sustancial en los indicadores de satisfacción de clientes gracias a la simplificación de procesos y a un mayor foco en el cliente, y cerrando así la brecha que existía con los principales competidores en materia de calidad de servicio.', 'Dado que son de obligado cumplimiento para nuestra cadena de suministro, en 2016 hemos trabajado con 160 proveedores directos para aportar soluciones sostenibles alternativas a estas sustancias no deseadas.', 'Gracias a estas y otras mejoras, las incidencias en todas las plataformas se han reducido en un 61% con respecto al año anterior.', 'Gran parte de las líneas están en proceso de ejecución, dado que muchos de los objetivos propuestos se han trazado a 2015.']","hemos reducido nuestro consumo global de agua en un 4,4% con respecto a 2015","hemos reducido nuestro consumo global de agua en un 4,4% con respecto a 2015",1.0,1.0,1.0
¿Qué factores contribuyen a que Acerinox venda sus productos en los cinco continentes?,"['Acerinox vende sus productos en los cinco continentes gracias a una red comercial global formada por oficinas y centros de servicio.', 'La diversidad y la inclusión es para Acerinox un objetivo estratégico porque de lo que se trata es de atraer y retener el talento que se necesita para el éxito, proporcionando los mejores servicios a nuestros clientes en todo el mundo.', 'El Grupo es uno de los mayores fabricantes en Europa, el mayor de Estados Unidos, el único en el continente africano, y en la actualidad está aumentado sus cuotas de mercado en Asia y Oceanía gracias a las ventas de los productos fabricados en la nueva planta de Malasia.', 'El programa de reconocido prestigio Carbon Disclosure Program 2014 (CDP), en el que Acerinox participa voluntariamente, ha otorgado a Acerinox la puntuación más alta posible gracias a la progresiva y sustancial reducción de las emisiones de CO2 y su monitorización.', 'Igualmente la Junta General de Accionistas acordó a propuesta del Consejo de Administración y, previa propuesta de la Comisión de Nombramientos y Retribuciones, ratificar y nombrar Consejeros por un plazo de cuatro años, tal y como se recoge en los Estatutos Sociales a las siguientes personas: Rafael Miranda Robredo, que fue nombrado Consejero Externo Independiente por cooptación, y Presidente de Acerinox, el día 23 de abril de 2014 en sustitución del anterior Presidente Rafael Naranjo Olmedo, que dejo el cargo el día 21 de abril de 2014 por motivos de salud.']",una red comercial global formada por oficinas y centros de servicio,una red comercial global formada por oficinas y centros de servicio,1.0,1.0,1.0
¿Por qué aumentaron los gastos de mantenimiento y otros costes de flota?,"['Los gastos de mantenimiento y otros costes de flota aumentaron un 19,2%, excluyendo los efectos cambiarios, como consecuencia del incremento de la actividad de MRO (en torno a 7 puntos). Los costes de mantenimiento aumentaron debido al volumen, con un mayor número de aviones y horas de vuelo, que subieron un 10,7%. También aumentaron por el ajuste en el reconocimiento de provisiones ligadas a la transición emprendida por el Grupo hacia contratos de mantenimiento de pago por consumo.', 'Los otros gastos por operaciones (3.918 millones de euros) crecen un 19,9% interanual en el año debido al incremento generalizado de precios en algún país de la región comentado anteriormente así como a la mayor actividad comercial y los gastos asociados a la mayor capacidad de tráfico, tanto de voz como de datos.', 'La plantilla aumentó un 2,6% dado que se han puesto en marcha nuevas líneas y que ha aumentado la producción.', 'La deuda neta de las actividades de financiación regulares aumentó en 187 millones de euros, ya que los nuevos préstamos superaron ligeramente los repagos en concepto de arrendamientos y amortizaciones de deuda del ejercicio actual. El nivel de los nuevos préstamos y arrendamientos financieros de 2016 estuvo en consonancia con el calendario de entregas de flota del Grupo.', 'Resultado bruto de explotación (EBITDA)el margen bruto de explotación se incrementa un 10,5% respecto al cierre de 2013, debido al impacto de los activos adquiridos a finales de 2013 y principios de 2014, y gracias al plan iniciado en ejercicios anteriores para implantar una serie de medidas de mejora de la eficiencia y optimización de los costes de explotación, en las que el Grupo continuará haciendo hincapié.']",del incremento de la actividad de MRO (en torno a 7 puntos),consecuencia del incremento de la actividad de MRO (en torno a 7 puntos),0.75,1.0,1.0
¿En qué ha derivado que los tipos de residuos generados en cada fábrica no coincidan al 100%?,"['Los tipos de residuos generados en cada fábrica no coinciden al 100%, por ello se han reducido a un grupo homogéneo para su comparación.', 'También el volumen de escombros ha caído un 27 %, debido a la diferencia en la tipología de residuo que han producido las obras realizadas.', 'Su reutilización no es posible pero sí su reciclaje, por lo que el 97% son reciclados por empresas especializadas.', 'Dado que son de obligado cumplimiento para nuestra cadena de suministro, en 2016 hemos trabajado con 160 proveedores directos para aportar soluciones sostenibles alternativas a estas sustancias no deseadas.', '*Los datos de 2014 no incluyen las emisiones correspondientes a la plataforma logística de Cabanillas ya que aún no se han realizado mediciones desde su apertura.']",se han reducido a un grupo homogéneo para su comparación,se han reducido a un grupo homogéneo para su comparación,1.0,1.0,1.0
¿Qué efecto tiene que la compañía audiovisual sea el primer grupo de comunicación en ser socio de una entidad de referencia en RSE y sostenibilidad en España y Latinoamérica?,"['Atresmedia, primer grupo de comunicación audiovisual socio de Forética Atresmedia ha firmado un convenio de colaboración con Forética en virtud del cual la compañía audiovisual se convierte en el primer grupo de comunicación en ser socio de una de las entidades de referencia en RSE y sostenibilidad de España y Latinoamérica.', 'En virtud del compromiso asumido de desempeñar su actividad de manera sostenible con el medio ambiente, reflejado en su Política Medioambiental, Mediaset España ha ido adoptando a lo largo del tiempo, medidas para hacer un uso eficiente de los recursos naturales, gestionar de forma responsable los residuos generados, así como minimizar los impactos sobre el entorno natural en los lugares donde desarrolla sus actividades.', 'En la variable de las audiencias televisivas, que marcan la pauta a los anunciantes para realizar sus inversiones, Mediaset España ha sido el grupo audiovisual líder con el dato más alto de su historia, un 30,7% de share.Telecinco ha sido por tercer año consecutivo la cadena más vista con su mejor dato de los últimos cuatro años, Cuatro ha cerrado el año también con su mejor dato anual desde esa misma fecha y los temáticos han vuelto a crecer, siendo Factoría de Ficción el canal de nicho más visto de 2014 y el resto -Divinity, Energy y Boingliderando en sus respectivos targets objetivos. Respecto a nuestra presencia en internet y redes sociales, podemos afirmar que estamos en la mejor de las posiciones para llegar al consumidor multipantalla, porque la interactividad y la transversalidad de nuestros contenidos televisivos nos colocan en una posición incontestable, como el grupo audiovisual con mayor tráfico en internet con un promedio mensual de 10 millones de usuarios únicos y 54,1 millones de comentarios en las redes sociales en 2014.', 'Atresmedia es consciente de la decisiva labor de las empresas para la consecución de estas importantes metas y, por ese motivo, apoya con sus políticas, iniciativas y capacidad de difusión, la consecución de aquellos ODS en los que la contribución de la Compañía puede ser mayor y de especial incidencia.', 'Además, ENDESA es consciente de que una presencia destacada en los principales índices de inversión socialmente responsable promueve la atracción de este tipo de inversores y, por ello, la Compañía desempeña un papel muy destacado al respecto.']","Atresmedia, primer grupo de comunicación audiovisual socio de Forética ha firmado un convenio de colaboración con Forética","Atresmedia, primer grupo de comunicación audiovisual socio de Forética Atresmedia ha firmado un convenio de colaboración con Forética",0.75,1.0,1.0
¿Qué efecto ha tenido la garantía prestada por este tipo de entidades a diversas operaciones de financiación o titulización tradicional?,"['Como consecuencia de los compromisos adquiridos en el Plan de Recapitalización, la actividad de la entidad en los mercados financieros se mantuvo reducida.', 'Los estímulos gubernamentales parecen estar fomentando el crecimiento por medio tanto del consumo privado, que está redundando en una mejora de la confianza de los consumidores, como de la inversión, la cual está aumentando gracias a las facilidades de acceso al crédito impulsadas por el Fondo de Garantía del Crédito (CGF, por su siglas en inglés).', 'Capacitación financiera gracias a las tecnologías digitales', 'La entidad mantiene políticas de cobertura con el objetivo prioritario de minimizar el impacto negativo debido a movimientos adversos de los mercados de los cambios de divisas sobre las ratios de capital, así como sobre los resultados generados en su negocio en divisa. Las operaciones de cobertura cubren el riesgo de cambio de las inversiones realizadas en las sociedades del grupo radicadas en países cuya moneda funcional no es el euro (véase nota 4.4.3.1 apartado Riesgo estructural de tipo de cambio).', 'Como consecuencia de la intervención del BCe en los mercados, la excepcionalidad en el área euro es tal que los tipos de interés negativos de la deuda pública se han convertido en habituales.']",la actividad de la entidad en los mercados financieros se mantuvo reducida,"la exposición del Santander a compañías aseguradoras de bonos (denominadas monolines) era, en diciembre de 2014, de 137 millones de euros 29 , referida mayoritariamente a la exposición indirecta, 136 millones de euros",0.25,1.0,0.5
¿Qué efecto ha tenido el hecho de que hayan disminuido los accidentes sin baja?,"['Se han reducido los índices de frecuencia y gravedad, como consecuencia de la disminución de los accidentes sin baja y no se han registrado accidentes graves, muy graves O mortales, ni enfermedades profesionales.', 'El impacto no fue duradero, ya que en los meses siguientes se redujo la volatilidad, la renta variable se recuperó y bajó la aversión al riesgo.', 'Gracias a estas y otras mejoras, las incidencias en todas las plataformas se han reducido en un 61% con respecto al año anterior.', 'Estas cifras unidas a una baja rotación voluntaria del 5,3 % dan como resultado un elevado índice de estabilidad.', 'La tasa de morosidad se ha reducido desde el 1,35% en 2016 al 1,13% a diciembre de 2017, gracias a un entorno macroeconómico más favorable y la aplicación de políticas prudentes.']","no se han registrado accidentes graves, muy graves O mortales, ni enfermedades profesionales",Se han reducido los índices de frecuencia y gravedad,0.75,0.0,1.0
¿Qué hecho ha favorecido la producción hidráulica en Costa Rica? ,"['La producción hidráulica en Costa Rica se ha visto favorecida por un mayor despacho por parte de ICE (Instituto Costarricense de Energía) debido a la mayor pluviosidad respecto al año anterior y la entrada en operación comercial de Torito.', 'La compañía ha ido ganando volumen merced a un modelo de negocio único en su sector, que le ha permitido aumentar su rentabilidad pese a los ciclos económicos adversos y ganarse la confianza del mercado.', 'La cosecha 16/17 ha sido excelente con un incremento del 22% en la superficie cultivada debido a la combinación de condiciones favorables (climáticas, fin de restricciones de agua en Texas, falta de alternativas más rentables) que deja la segunda mayor producción de la historia.', 'Después de un primer trimestre exigente como empresa cotizada y a pesar de las dificultades experimentadas por la industria del petróleo y el gas, que es una parte importante de nuestra actividad, me complace anunciar que, gracias a la gestión y dirección de Fernando Basabe y de su equipo, el Grupo ha logrado obtener resultados conforme a nuestras expectativas.', 'En Colombia sobresalió el desempeño favorable del margen bruto, gracias al buen comportamiento del margen de intereses (tanto por actividad como por evolución de los diferenciales) y las comisiones, aunque mitigado por menores ROF (el mismo período del 2016 incluía resultados por venta de participaciones) y el incremento de los saneamientos.']",a un mayor despacho por parte de ICE (Instituto Costarricense de Energía) debido a la mayor pluviosidad respecto al año anterior y la entrada en operación comercial de Torito,un mayor despacho por parte de ICE (Instituto Costarricense de Energía) debido a la mayor pluviosidad respecto al año anterior y la entrada en operación comercial de Torito,1.0,1.0,1.0
"Estas cifras, unidas a una baja rotación voluntaria del 5,3%, ¿qué implican?","['Estas cifras unidas a una baja rotación voluntaria del 5,3 % dan como resultado un elevado índice de estabilidad.', 'Estas ventas han supuesto un ingreso de 2.885 millones de euros en el ejercicio 2015, un 5,3% menor al del ejercicio 2014 ya que la caída en las ventas físicas como consecuencia de la reducción en el número de clientes a precio regulado (–9,5%) y el incremento del coste de la energía no se ha visto compensada por el incremento del precio medio de venta.', 'Este nivel es el inferior al del año pasado debido a la incorporación del perímetro de banca mayorista global.', 'El ebitda disminuye un 20,9% debido al impacto de una menor demanda y un efecto negativo de los tipos de cambio (–46 millones de euros).', 'Estas ventas han supuesto un ingreso de 2.412 millones de euros en el ejercicio 2016, un 16,4% inferior al del ejercicio 2015 como consecuencia de la caída en las unidades físicas vendidas y del menor precio medio de venta.']",dan como resultado un elevado índice de estabilidad,un elevado índice de estabilidad,0.75,1.0,1.0
¿Qué efecto tuvo la garantía prestada por estas entidades en diversas operaciones de financiación o titulización tradicional?,"['Destacan operaciones como la financiación en la compra del 20% de Gas Natural por Global Infrastructure Partners y el asesoramiento y financiación al consorcio entre Vinci, ADP y Astaldi para la construcción de la nueva terminal internacional del de Chile. En el mercado de capitales de deuda, Santander se posiciona como líder en el ranking latinoamericano, ya que ha estado presente en las principales operaciones de la región.', 'Como consecuencia de los compromisos adquiridos en el Plan de Recapitalización, la actividad de la entidad en los mercados financieros se mantuvo reducida.', 'Capacitación financiera gracias a las tecnologías digitales', 'Los estímulos gubernamentales parecen estar fomentando el crecimiento por medio tanto del consumo privado, que está redundando en una mejora de la confianza de los consumidores, como de la inversión, la cual está aumentando gracias a las facilidades de acceso al crédito impulsadas por el Fondo de Garantía del Crédito (CGF, por su siglas en inglés).', 'Como consecuencia de la intervención del BCe en los mercados, la excepcionalidad en el área euro es tal que los tipos de interés negativos de la deuda pública se han convertido en habituales.']",la actividad de la entidad en los mercados financieros se mantuvo reducida,"la exposición de Grupo Santander a compañías aseguradoras de bonos (denominadas monolines) en diciembre de 2016 era de 49,5 millones de euros, referida mayoritariamente a la exposición indirecta, 49 millones de euros",0.25,1.0,1.0
"La eficacia de este Sistema de Gestión de Calidad y los planes de mejora impulsadas, ¿qué han provocado?","['Gracias a la eficacia de este Sistema de Gestión de Calidad y a los planes de mejora impulsados, las incidencias registradas en los procesos de producción, grabación y emisión de los contenidos mantienen desde hace años una evolución descendente.', 'Además, se ha procedido a revisar el estado actual de las instalaciones obteniendo como resultado unas propuestas de mejora de ahorro y eficiencia energética.', 'Como consecuencia de las conclusiones que ofreció este informe, se han identificado los puntos significativos y las mejoras que deben abordarse en los próximos años.', 'Gracias a esta vocación de excelencia, la compañía mantiene certificaciones en los campos de gestión de calidad, gestión ambiental y seguridad y salud.', 'Estricto control de costes, con una disminución del 0,6% gracias al plan de eficiencia y de productividad.']","las incidencias registradas en los procesos de producción, grabación y emisión de los contenidos mantienen desde hace años una evolución descendente","las incidencias registradas en los procesos de producción, grabación y emisión de los contenidos mantienen desde hace años una evolución descendente",1.0,0.3333333333333333,1.0
¿A qué se debe que este año el consumo energético fuese superior al de 2015?,"['A pesar de los esfuerzos, este año el consumo energético fue superior al de 2015 debido a una mayor producción.', 'Sin embargo el consumo total de electricidad y de gasóleo ha subido ligeramente en 2015 como consecuencia del incremento del número de coberturas y de la producción de programas especiales informativos derivados de la actualidad y especialmente de las elecciones Municipales, Autonómicas y Generales celebradas en 2015.', 'Gracias a estas medidas, tal y como queda reflejado en la gráfica anterior, hemos alcanzado una reducción del 6% en el consumo de energía eléctrica por prenda puesta en el mercado y de un 3% con respecto a las ventas, en comparación con 2016.', 'Gracias a los diversos esfuerzos que se realizaron durante 2016, hemos reducido nuestro consumo global de agua en un 4,4% con respecto a 2015.', 'Estas ventas han supuesto un ingreso de 2.885 millones de euros en el ejercicio 2015, un 5,3% menor al del ejercicio 2014 ya que la caída en las ventas físicas como consecuencia de la reducción en el número de clientes a precio regulado (–9,5%) y el incremento del coste de la energía no se ha visto compensada por el incremento del precio medio de venta.']",a una mayor producción,a una mayor producción,1.0,1.0,1.0
¿Por qué razón se mantienen planos los costes?,"['Los costes se mantienen planos, dado que la mejora en la eficiencia absorbe las inversiones en el crecimiento del negocio, el coste de la reforma bancaria (que asciende a 85 millones de libras) y la mejora de los canales digitales.', 'La morosidad y el coste de crédito permanecen en niveles estables gracias a la mejora de desempeño de las carteras de auto en SC USA, tras la implantación de la nueva política de riesgos que tuvo lugar en el primer trimestre, enfocada a mejorar el perfil de las nuevas operaciones, y tras los ajustes realizados en el sector de Oil&Gas, en línea con la industria, en Santander Bank.', 'La morosidad y el coste de crédito permanecen en niveles moderados gracias a las políticas de admisión de nueva producción más estrictas en SC USA, y el buen comportamiento en las carteras de particulares y empresas en Santander Bank.', 'Estricto control de costes, con una disminución del 0,6% gracias al plan de eficiencia y de productividad.', 'El ARPU permanece relativamente estable en el ejercicio (-0,6%) gracias a la captación de clientes de valor, que permite compensar el fuerte impacto regulatorio.']","la mejora en la eficiencia absorbe las inversiones en el crecimiento del negocio, el coste de la reforma bancaria (que asciende a 85 millones de libras) y la mejora de los canales digitales","la mejora en la eficiencia absorbe las inversiones en el crecimiento del negocio, el coste de la reforma bancaria (que asciende a 85 millones de libras) y la mejora de los canales digitales",1.0,0.75,1.0
¿Qué explica la búsqueda de fórmulas financieras atractivas que permitan obtener un valor añadido real?,"['Este tipo de inversiones, en cualquier caso, cumplirá con nuestra prioridad de creación de valor para el accionista, y por ello buscamos las fórmulas financieras atractivas que nos permitan obtener un valor añadido real.', 'La capacidad de maximizar la utilización de nuestros activos durante su vida  útil es un factor importante dado que nuestra actividad requiere de importantes  inversiones.', 'La compañía ha ido ganando volumen merced a un modelo de negocio único en su sector, que le ha permitido aumentar su rentabilidad pese a los ciclos económicos adversos y ganarse la confianza del mercado.', 'El entorno para la actividad bancaria está siendo desafiante, ya que a la evolución anterior se unen unos tipos de interés extraordinariamente bajos en los países desarrollados, crecimientos de volúmenes reducidos, fuerte presión competitiva por parte tanto de entidades bancarias como no bancarias, y un entorno regulatorio exigente.', 'Los estímulos gubernamentales parecen estar fomentando el crecimiento por medio tanto del consumo privado, que está redundando en una mejora de la confianza de los consumidores, como de la inversión, la cual está aumentando gracias a las facilidades de acceso al crédito impulsadas por el Fondo de Garantía del Crédito (CGF, por su siglas en inglés).']","Este tipo de inversiones, en cualquier caso, cumplirá con nuestra prioridad de creación de valor para el accionista","Este tipo de inversiones, en cualquier caso, cumplirá con nuestra prioridad de creación de valor para el accionista",0.75,1.0,1.0
¿A qué se debió la mejora que la compañía potenció?,"['La compañía ha ido ganando volumen merced a un modelo de negocio único en su sector, que le ha permitido aumentar su rentabilidad pese a los ciclos económicos adversos y ganarse la confianza del mercado.', 'También se ha mejorado la interfaz gráfica general, con lo que se consigue una mejor experiencia de usuario.', 'CLAVES DEL EJERCICIO 2016 En 2016 Santander Chile logró una mejora sustancial en los indicadores de satisfacción de clientes gracias a la simplificación de procesos y a un mayor foco en el cliente, y cerrando así la brecha que existía con los principales competidores en materia de calidad de servicio.', 'Esta operación es positiva para los accionistas, ya que se estima que mejora el beneficio por acción (BPA) desde 2016.', 'La plantilla aumentó un 2,6% dado que se han puesto en marcha nuevas líneas y que ha aumentado la producción.']","a un modelo de negocio único en su sector, que le ha permitido aumentar su rentabilidad pese a los ciclos económicos adversos y ganarse la confianza del mercado","al esfuerzo por retener el precio que inició Atresmedia desde hace un par de años, estrategia por la que parecen por fin haber optado el resto de operadores principales del mercado",0.0,0.4,1.0
¿Por qué el Santander se posiciona como líder en el mercado latinoamericano de capitales de deuda?,"['Destacan operaciones como la financiación en la compra del 20% de Gas Natural por Global Infrastructure Partners y el asesoramiento y financiación al consorcio entre Vinci, ADP y Astaldi para la construcción de la nueva terminal internacional del de Chile. En el mercado de capitales de deuda, Santander se posiciona como líder en el ranking latinoamericano, ya que ha estado presente en las principales operaciones de la región.', 'En el stress test de la EBA: Santander muestra una gran resistencia debido a su modelo de banca comercial y a su diversificación geográfica. En el escenario adverso, Santander es el banco que menos capital destruye entre los competidores', 'Santander es uno de los bancos más rentables y eficientes gracias al talento y trabajo de nuestros equipos, que han conseguido unos resultados excelentes, haciendo las cosas de manera más sencilla, personal y justa.', 'Dicha oferta fue aceptada por títulos que representan un 13,65% del capital social de Banco Santander Brasil por lo que la participación de Grupo Santander en Banco Santander Brasil pasó a ser del 88,3% de su capital social.', 'Debido al estancamiento del mercado sudafricano, Columbus ha debido exportar una mayor parte de su producción a los restantes mercados del Grupo, en los que se ha beneficiado de la devaluación de la moneda local, el rand sudafricano.']",ha estado presente en las principales operaciones de la región,ha estado presente en las principales operaciones de la región,0.75,1.0,1.0
¿A qué se atribuye que la tasa del mes de diciembre fuera inferior a la esperada?,"['La tasa del mes de diciembre fue inferior a la esperada, debido a la baja de los precios del petróleo, alimentos y servicios (principalmente la caída de los precios de los alimentos con una baja del 4%).', 'La inflación descendió a tasas mínimas históricas, del 2,1% en diciembre, gracias a la reducción de los precios en telecomunicaciones y energía tras la implementación de reformas estructurales.', 'La tasa de morosidad se ha reducido desde el 1,35% en 2016 al 1,13% a diciembre de 2017, gracias a un entorno macroeconómico más favorable y la aplicación de políticas prudentes.', 'En diciembre de 2015, la inflación interanual se situó próxima a cero (0,2%), debido a los bajos precios de la energía y de los alimentos, mientras que la inflación, excluidos la energía y los alimentos, repuntó hasta el 1,4%.', 'Este nivel es el inferior al del año pasado debido a la incorporación del perímetro de banca mayorista global.']","a la baja de los precios del petróleo, alimentos y servicios (principalmente la caída de los precios de los alimentos con una baja del 4%).","a la baja de los precios del petróleo, alimentos y servicios (principalmente la caída de los precios de los alimentos con una baja del 4%)",0.75,0.25,1.0
¿Qué se ha conseguido con las reuniones con inversores institucionales?,"['Las reuniones celebradas con inversores institucionales, tanto presenciales como a través de conference calls, han aumentado durante este periodo, habiéndose celebrado 307 reuniones. Gracias a ellas, se ha mantenido un contacto directo con más de 791 compañías de inversión, cifra superior al de años anteriores. Además, se han realizado reuniones y numerosas conference calls con los analistas de los diferentes brokers que cubren la compañía.', 'Gracias a nuestra visión estratégica y a un importante rigor en la gestión, acompañada por unos sólidos valores, aquilatados por el fuerte componente familiar, hemos superado con éxito una compleja etapa en la que hemos logrado alcanzar la mayor parte de los objetivos propuestos, afrontando el futuro con solvencia y optimismo.', 'Después de un primer trimestre exigente como empresa cotizada y a pesar de las dificultades experimentadas por la industria del petróleo y el gas, que es una parte importante de nuestra actividad, me complace anunciar que, gracias a la gestión y dirección de Fernando Basabe y de su equipo, el Grupo ha logrado obtener resultados conforme a nuestras expectativas.', 'Por otro lado, los gastos financieros se han reducido significativamente como resultado de fructíferas negociaciones con los bancos que permitieron minorar el tipo de interés medio satisfecho por la Compañía, el cual se situó en 3,2% frente al 3,5% del año 2016, así como incrementar los plazos de vencimiento de los instrumentos de deuda con los que actualmente se financia.', 'Gran parte de las líneas están en proceso de ejecución, dado que muchos de los objetivos propuestos se han trazado a 2015.']","se ha mantenido un contacto directo con más de 791 compañías de inversión, cifra superior al de años anteriores. Además, se han realizado reuniones y numerosas conference calls con los analistas de los diferentes brokers que cubren la compañía","se ha mantenido un contacto directo con más de 791 compañías de inversión, cifra superior al de años anteriores. Además, se han realizado reuniones y numerosas conference calls con los analistas de los diferentes brokers que cubren la compañía",1.0,1.0,1.0
¿Por qué se ha convertido en prioridad clave para los operadores móviles europeos el despliegue de 4G?,"['• Obligaciones de cobertura de la población, tanto en España como en Italia. El despliegue del 4G es una prioridad clave para los operadores móviles europeos, ya que un porcentaje significativo de la población aún no dispone de acceso. igualmente, existe una creciente preocupación por la calidad de la red, que requiere una mayor densificación de la misma.', 'Europa ha tenido una primera mitad del año con fuerte incremento del consumo aparente, debido al incremento en la utilización por parte de los clientes finales pero también debido a la recuperación de stocks en la cadena de suministro.', 'Esta unidad, lanzada en 2016, cuenta en la actualidad con más de más de 150 proyectos en 8 países diferentes en materias como transporte, comercio, turismo, finanzas o publicidad. LUCA juega un papel clave en el posicionamiento de Telefónica como uno de los líderes en el mercado de Big Data debido a nuestra oferta multisectorial.', 'En Paraguay, la búsqueda de la mejora en la experiencia digital del cliente fue una prioridad durante el ejercicio 2017, por lo que se desarrolló un medio de pago que no necesitara tarjeta para realizar operaciones con cuentas en cajeros automáticos y comercios, sino solo el teléfono móvil del cliente, garantizando su seguridad y comodidad.', 'En la variable de las audiencias televisivas, que marcan la pauta a los anunciantes para realizar sus inversiones, Mediaset España ha sido el grupo audiovisual líder con el dato más alto de su historia, un 30,7% de share.Telecinco ha sido por tercer año consecutivo la cadena más vista con su mejor dato de los últimos cuatro años, Cuatro ha cerrado el año también con su mejor dato anual desde esa misma fecha y los temáticos han vuelto a crecer, siendo Factoría de Ficción el canal de nicho más visto de 2014 y el resto -Divinity, Energy y Boingliderando en sus respectivos targets objetivos. Respecto a nuestra presencia en internet y redes sociales, podemos afirmar que estamos en la mejor de las posiciones para llegar al consumidor multipantalla, porque la interactividad y la transversalidad de nuestros contenidos televisivos nos colocan en una posición incontestable, como el grupo audiovisual con mayor tráfico en internet con un promedio mensual de 10 millones de usuarios únicos y 54,1 millones de comentarios en las redes sociales en 2014.']",un porcentaje significativo de la población aún no dispone de acceso,un porcentaje significativo de la población aún no dispone de acceso,0.75,0.6666666666666666,1.0
¿Cuál es la consecuencia de lo anterior?,"['Como consecuencia de las conclusiones que ofreció este informe, se han identificado los puntos significativos y las mejoras que deben abordarse en los próximos años.', 'Como consecuencia de este hecho, es previsible que a lo largo de los próximos trimestres se limite aún más el nivel de activos comprometidos en operaciones de financiación a largo plazo.', 'El Grupo tiene una obligación presente (ya sea legal o implícita) como resultado de un suceso pasado.', 'El impacto de esta reforma global sobre la actividad económica es objeto de interés creciente, ya que representa un posible freno para el crecimiento económico.', 'Esta nueva revolución está creando también nuevos desafíos sociales y de sostenibilidad, por lo que debemos estar preparados para hacerles frente.']",es previsible que a lo largo de los próximos trimestres se limite aún más el nivel de activos comprometidos en operaciones de financiación a largo plazo,el Grupo BBVA ni gestiona ni responde de la actividad desarrollada por la Fundación o por las entidades financieras que la Fundación adquiera para el cumplimiento de sus fines,0.0,1.0,1.0
¿Por qué la capacidad de maximizar la utilización de sus activos durante su vida  útil es un factor important? ,"['La capacidad de maximizar la utilización de nuestros activos durante su vida  útil es un factor importante dado que nuestra actividad requiere de importantes  inversiones.', 'Pensamos que nuestros empleados son uno de nuestros principales activos y por eso tenemos el firme compromiso de invertir en ellos y ayudarles a reforzar sus habilidades, capacidades y conocimientos, con el fin de que puedan ofrecer soluciones innovadoras a todos nuestros clientes y contribuir al crecimiento y la estrategia de negocio del Grupo.', 'La fidelidad de los clientes del Grupo es uno de los principales activos de la Compañía, y es por ello que se realizan importantes esfuerzos por mantener a los clientes con más antigüedad a través de la medición de su satisfacción.', 'En Bankia, el cliente es el mayor activo y, por ello, ofrecerle un alto grado de profesionalidad y un servicio de calidad es objetivo fundamental.', 'Durante muchas generaciones hemos aplicado nuestro conocimiento y experiencia para innovar y reinventar la manera de hacer banca, manteniendo las fortalezas que nos han acompañado siempre. Estoy convencida de que lograremos el éxito porque:  nuestro crecimiento, rentabilidad y fortaleza de balance demuestran que nuestra estrategia está funcionando;  nuestro tamaño, diversificación y predictibilidad nos aportan una base sólida para innovar;  nuestra cultura —nuestro foco constante en ser un banco responsable— reforzará la confianza de las personas en nuestra marca.']",nuestra actividad requiere de importantes  inversiones,nuestra actividad requiere de importantes  inversiones,0.25,1.0,1.0
"El hecho de que el internet de las cosas nos permita ofrecer a las ciudades soluciones digitales y eficientes que converjan en una plataforma integral y abierta, ¿qué conlleva?","['En este sentido, en la actualidad, el Internet de las cosas nos permite ofrecer a las ciudades soluciones digitales y eficientes que convergen en una plataforma integral y abierta, gracias a las cuales se pueden reducir costes, aumentar ingresos, mejorar la administración de recursos urbanos y la calidad de vida de sus habitantes.', 'Gracias a nuestro estudio Things Matter, que está centrado en el uso que las personas hacen de las cosas conectadas, podemos visualizar claramente qué aspectos de nuestra sociedad están experimentando, en mayor o menor medida, el impacto de Internet de las Cosas.', 'Gracias al modelo integrado de tiendas y online, nuestros clientes se relacionan con nuestras marcas en el momento, el lugar y el modo que sea más conveniente según sus necesidades.', 'Esta nueva revolución está creando también nuevos desafíos sociales y de sostenibilidad, por lo que debemos estar preparados para hacerles frente.', 'La revolución digital, y sus implicaciones en términos de cambio de los procesos productivos, está llegando cada vez a un mayor número de sectores. Por ello, Dominion ofrece hoy soluciones y servicios a empresas en un amplio abanico de sectores y es previsible que este número se incremente en el futuro próximo.']","se pueden reducir costes, aumentar ingresos, mejorar la administración de recursos urbanos y la calidad de vida de sus habitantes","se pueden reducir costes, aumentar ingresos, mejorar la administración de recursos urbanos y la calidad de vida de sus habitantes",1.0,1.0,1.0
¿A que se debe que la empresa siga reduciendo las emisiones?,"['El total del alcance 1 y 2, foco principal de las emisiones de la entidad al representar el 63,4% de su huella total, han experimentado un descenso del 5% gracias a las diferentes medidas de eficiencia energética que se han ido implantando durante los últimos años, como el cambio de luminarias a sistema LED, las mejoras en domótica y climatización, y la renovación de equipamientos por otros más ecoeficientes, entre otras.', 'Gracias a nuestro Programa de Eficiencia Energética, reconocido con el premio Green Mobile Award de GSMA 2016, continuamos reduciendo nuestras emisiones.', 'Somos conscientes del impacto de nuestra actividad en la sociedad y, por ello, buscamos procesos más eficientes e innovadores, apoyándonos en las nuevas tecnologías, que nos permitan contribuir de forma positiva a lograr un entorno más sostenible.', 'Gracias a esta vocación de excelencia, la compañía mantiene certificaciones en los campos de gestión de calidad, gestión ambiental y seguridad y salud.', 'En 2015, a pesar de avanzar en la certificación de nuevos sistemas de gestión ambiental conforme a ISO 14001 y a los requisitos internos, se ha registrado una disminución del porcentaje de ebitda certificado, como consecuencia de la incorporación de nuevas actividades en Chile donde se está trabajando en adaptarlas a los referenciales internacionales y a los requerimientos internos en materia de gestión ambiental. En materia de cambio climático este año se ha mantenido el avance de los diferentes proyectos encaminados a la determinación de nuestra huella de carbono e identificación de los riesgos y oportunidades derivados del cambio climático.']","a nuestro Programa de Eficiencia Energética, reconocido con el premio Green Mobile Award de GSMA 2016","a nuestro Programa de Eficiencia Energética, reconocido con el premio Green Mobile Award de GSMA 2016",1.0,0.6666666666666666,1.0
"¿Qué ha hecho que los recursos se incrementaran en un 1,8%?","['Los recursos gestionados se incrementaron en un 1,8%, gracias a la incesante dedicación de la red de oficinas y al apoyo de gestores especializados en sectores y en productos. Es especialmente destacable la cuota de presencia en fondos de inversión, situada en el 13,6% del Banco, claramente indicativa del perfil medio de la clientela y su cultura financiera.', 'Los préstamos a las empresas crecieron un 8%, por lo que el total de préstamos asciende a 23.900 millones de libras.', 'La plantilla aumentó un 2,6% dado que se han puesto en marcha nuevas líneas y que ha aumentado la producción.', 'Gracias a esta medida, hemos mejorado la densidad de dichos envíos en un 1,5% respecto al año anterior.', 'A pesar de los esfuerzos, este año el consumo energético fue superior al de 2015 debido a una mayor producción.']",la incesante dedicación de la red de oficinas y al apoyo de gestores especializados en sectores y en productos,la incesante dedicación de la red de oficinas y al apoyo de gestores especializados en sectores y en productos,0.75,0.75,1.0
¿Cuál es el motivo de que la diversidad y la inclusión sea un objetivo estratégico para Acerinox? ,"['La diversidad y la inclusión es para Acerinox un objetivo estratégico porque de lo que se trata es de atraer y retener el talento que se necesita para el éxito, proporcionando los mejores servicios a nuestros clientes en todo el mundo.', 'El programa de reconocido prestigio Carbon Disclosure Program 2014 (CDP), en el que Acerinox participa voluntariamente, ha otorgado a Acerinox la puntuación más alta posible gracias a la progresiva y sustancial reducción de las emisiones de CO2 y su monitorización.', 'Acerinox vende sus productos en los cinco continentes gracias a una red comercial global formada por oficinas y centros de servicio.', 'Igualmente la Junta General de Accionistas acordó a propuesta del Consejo de Administración y, previa propuesta de la Comisión de Nombramientos y Retribuciones, ratificar y nombrar Consejeros por un plazo de cuatro años, tal y como se recoge en los Estatutos Sociales a las siguientes personas: Rafael Miranda Robredo, que fue nombrado Consejero Externo Independiente por cooptación, y Presidente de Acerinox, el día 23 de abril de 2014 en sustitución del anterior Presidente Rafael Naranjo Olmedo, que dejo el cargo el día 21 de abril de 2014 por motivos de salud.', 'Nuestro objetivo es ser la aerolínea líder en precio y servicio a través del Atlántico Norte gracias a una red de corto radio rentable y sostenible. Nuestra estrategia tiene como pilares fundamentales una marca y un servicio sólidos y enfocados en el cliente, una red con atractivas conexiones y una base de costes competitiva y resiliente. Creemos que Aer Lingus está bien posicionada para seguir creciendo exitosamente aprovechando las ventajas de formar parte del Grupo IAG y para alcanzar nuestros objetivos.']","se trata es de atraer y retener el talento que se necesita para el éxito, proporcionando los mejores servicios a nuestros clientes en todo el mundo","de lo que se trata es de atraer y retener el talento que se necesita para el éxito, proporcionando los mejores servicios a nuestros clientes en todo el mundo",1.0,0.6,1.0
¿Qué factores provocaron que Logista Pharma mantuviera su fuerte crecimiento?,"['Por otro lado, Logista Pharma mantuvo su fuerte crecimiento gracias a su especialización en la logística a hospitales y a su modelo de distribución directa a farmacias, que aporta un servicio de claro valor añadido y aúna en un solo distribuidor las ventajas de la distribución directa desde el laboratorio y las de la distribución mayorista.', 'La compañía ha ido ganando volumen merced a un modelo de negocio único en su sector, que le ha permitido aumentar su rentabilidad pese a los ciclos económicos adversos y ganarse la confianza del mercado.', 'Logista continúa disfrutando de la confianza de los fabricantes, gracias a su especializado y completo servicio de distribución y a los servicios de valor añadido que ofrece, así como a su neutralidad operativa.', 'Gracias a nuestra visión estratégica y a un importante rigor en la gestión, acompañada por unos sólidos valores, aquilatados por el fuerte componente familiar, hemos superado con éxito una compleja etapa en la que hemos logrado alcanzar la mayor parte de los objetivos propuestos, afrontando el futuro con solvencia y optimismo.', 'La plantilla aumentó un 2,6% dado que se han puesto en marcha nuevas líneas y que ha aumentado la producción.']","su especialización en la logística a hospitales y a su modelo de distribución directa a farmacias, que aporta un servicio de claro valor añadido y aúna en un solo distribuidor las ventajas de la distribución directa desde el laboratorio y las de la distribución mayorista","su especialización en la logística a hospitales y a su modelo de distribución directa a farmacias, que aporta un servicio de claro valor añadido y aúna en un solo distribuidor las ventajas de la distribución directa desde el laboratorio y las de la distribución mayorista",1.0,0.8,1.0
"¿Con qué motivo Bankinter compensó de forma orgánica, con el negocio de clientes, los resultados de 2016, que incluían los extraordinarios contabilizados?","['Bankinter compensó de forma orgánica, con el negocio de clientes, los resultados de 2016, que incluían los extraordinarios contabilizados con motivo de la operación de compra de Barclays Portugal.', 'La compañía de Bankinter especializada en préstamos al consumo y tarjetas de crédito se ha consolidado como una de las principales palancas de crecimiento del banco gracias a sus excepcionales resultados durante 2017.', 'Bankinter ha sido el único banco que ha pagado todos sus dividendos en efectivo y, además, de forma trimestral, gracias al sólido crecimiento del negocio y a su buena situación en términos de solvencia, que le ha permitido no verse afectado por las restricciones marcadas por los organismos supervisores en la preservación del capital.', 'En 2016, 4 millones de nuevos clientes han confiado en nosotros, con lo que la cifra total de clientes del Banco es ya de 125 millones.', 'Nuevas reglas que aceptamos de buen grado pues son iguales para todos y Bankinter tiene plena capacidad para cumplir con ellas como el que más.']",la operación de compra de Barclays Portugal,la operación de compra de Barclays Portugal,1.0,0.6666666666666666,1.0
¿Qué efecto ha tenido esa experiencia?,"['Como resultado de esa experiencia, Sasso ha lanzado un exitoso test en Arabia Saudí.', 'También se ha mejorado la interfaz gráfica general, con lo que se consigue una mejor experiencia de usuario.', 'En vista de estas difíciles circunstancias, creo que el nuevo equipo directivo de Vueling ha hecho un fantástico trabajo. Se han enfrentado a estos retos, han sido honestos acerca de los problemas que les afectaban y no se desentendieron de los errores que se cometieron a nivel interno. El nuevo equipo ha restablecido el desempeño operativo de la aerolínea, ha potenciado la resiliencia de la red.', 'Gracias a esta intervención, se ha atendido a cerca de 70.000 personas en consultas externas y de salud mental.', 'Nuestra evolución en los últimos años y nuestras fortalezas nos permiten acelerar nuestra transformación']",Sasso ha lanzado un exitoso test en Arabia Saudí,Sasso ha lanzado un exitoso test en Arabia Saudí,1.0,1.0,0.5
"¿Gracias a qué ha consolidado Portis su presencia en la península, especialmente en el noroeste a través de la recientemente adquirida Enor?","['Portis ha consolidado su presencia en la península, especialmente en el noroeste a través de la recientemente adquirida Enor, gracias a su estrategia de expansión basada en una oferta completa de mantenimiento y especial atención al servicio al cliente.', 'Durante el presente mes de mayo hemos firmado un contrato para el suministro de ascensores y escaleras mecánicas en cuatro cruceros de lujo. Gracias a la integración de Enor en el año 2013, nos introducimos en un nuevo nicho de mercado en fase expansión.', 'La compañía ha ido ganando volumen merced a un modelo de negocio único en su sector, que le ha permitido aumentar su rentabilidad pese a los ciclos económicos adversos y ganarse la confianza del mercado.', 'Con una plantilla superior a las 60 personas, y una facturación anual cercana a los 10 millones de euros, ha experimentado un importante crecimiento durante los últimos años gracias a la apuesta realizada por modernizar sus instalaciones, métodos y procesos productivos.  Crecimiento significativo en negocios relacionados con el diseño y construcción de sistemas de transporte llave en mano para operar y, cuando los clientes así lo requieran, realizar su mantenimiento Uoperación, en solitario o en alianza, incluyendo inversión de capital según el caso.  Continuación del esfuerzo inversor en desarrollo tecnológico, tanto en lo referido a tecnologías como a productos de alto valor añadido, comercializables a nivel de componente, subsistema o material destinado a proveer a los clientes en todas nuestras ramas de actividad (material rodante, señalización, energía, gestión de datos, inspecciones, etc.).', 'En cuanto a los equipos navales, gracias a la colaboración entre distintas empresas Otis a nivel mundial se consiguieron importantes contrataciones en 2014, destacando el contrato de instalación de dos floteles que la petrolera mexicana Pemex construirá en los dos astilleros de Galicia: Barreras en Vigo y Navantia en Ferrol.']",a su estrategia de expansión basada en una oferta completa de mantenimiento y especial atención al servicio al cliente,a su estrategia de expansión basada en una oferta completa de mantenimiento y especial atención al servicio al cliente,1.0,0.6,1.0
"¿Por qué debe ser conocido, suscrito y cumplido el Código Ético y de Conducta por todos los trabajadores y miembros de los órganos de gobierno de Prosegur?","['El Código Ético y de Conducta es un instrumento vinculante, por lo que debe ser conocido, suscrito y cumplido por todos los trabajadores y miembros de los órganos de gobierno de Prosegur. Los empleados también deben colaborar para facilitar su implantación, así como comunicar los posibles incumplimientos de los que tengan conocimiento a través del canal de denuncias.', 'Todos los empleados de Gestamp tienen la obligación de conocer, comprender y aplicar el Código. Por ello, en el plan de bienvenida de los nuevos empleados se incluye un curso de formación específico obligatorio.', '• Construir un Prosegur más ágil, rápido, consistente y homogéneo, gracias a la simplificación de procesos y estructuras que redunden en una mejor toma de decisiones', 'Esta cultura de riesgos se define a través de cinco principios que han de formar parte de la gestión del día a día de todos los empleados del Grupo: Responsabilidad, porque todas las unidades y empleados (con independencia de la función que desempeñen) deben conocer y entender los riesgos en que incurren en su actividad diaria y ser responsables de su identificación, valoración, gestión y reporte', '• Direcciones de negocio: con el nuevo modelo, las tres líneas de negocio de Prosegur (Soluciones Integrales de Seguridad, Logística de Valores y Gestión de Efectivo, y Alarmas) se erigen como los principales ejes estructurales de la organización global. Dentro de cada una de las tres direcciones de negocio se han establecido las divisiones geográficas de Iberoamérica (LATAM) y Resto del Mundo (ROW). A su vez, la región de Asia-Pacífico mantiene cierta autonomía debido a las particularidades que presentan estos mercados.']","es un instrumento vinculante, por lo que debe ser conocido, suscrito y cumplido por todos los trabajadores y miembros de los órganos de gobierno de Prosegur",es un instrumento vinculante,0.75,1.0,1.0
¿A qué se atribuye la favorable evolución de doble dígito en Reino Unido y EE.UU.?,"['Si en lugar de por concepto, analizamos el margen de intereses por áreas geográficas cabe destacar: – Favorable evolución en Reino Unido (+16,5%) y EE.UU. (+11,2%) que aumentan a doble dígito gracias al esfuerzo realizado en reducir el coste de los depósitos minoristas en el primer caso y a la mayor actividad en consumo (SCUSA) en el segundo.', 'Por unidades, crecimientos generalizados, ya que nueve de la diez principales unidades suben, y seis de ellas lo hacen a doble dígito.', 'Esta tendencia favorable se produjo a pesar de haberse generado menores comisiones de mantenimiento de cuentas debido a la suspensión de su cobro al segmento retail, impuesta por el Consejo de Estado turco, y de los altos ingresos generados en el 2016 por el programa de millas Miles & Smiles.', 'Nuestra evolución en los últimos años y nuestras fortalezas nos permiten acelerar nuestra transformación', 'Europa ha tenido una primera mitad del año con fuerte incremento del consumo aparente, debido al incremento en la utilización por parte de los clientes finales pero también debido a la recuperación de stocks en la cadena de suministro.']",al esfuerzo realizado en reducir el coste de los depósitos minoristas en el primer caso y a la mayor actividad en consumo (SCUSA) en el segundo,al esfuerzo realizado en reducir el coste de los depósitos minoristas en el primer caso y a la mayor actividad en consumo (SCUSA) en el segundo,1.0,1.0,1.0
¿Qué ha permitido que la cosecha 16/17 haya sido excelente con un incremento del 22% en la superficie cultivada?,"['La cosecha 16/17 ha sido excelente con un incremento del 22% en la superficie cultivada debido a la combinación de condiciones favorables (climáticas, fin de restricciones de agua en Texas, falta de alternativas más rentables) que deja la segunda mayor producción de la historia.', 'La plantilla aumentó un 2,6% dado que se han puesto en marcha nuevas líneas y que ha aumentado la producción.', 'La fase de grupos de la temporada 2016-17 promedió un 28,0 % y 5.080.000 espectadores, con lo que mejoró en 1,1 puntos más el resultado del año anterior.', 'Esta operación es positiva para los accionistas, ya que se estima que mejora el beneficio por acción (BPA) desde 2016.', 'En 2017 las ventas han aumentado un 4,3% como consecuencia de una ligera recuperación de la situación general económica y también del sector de la construcción.']","la combinación de condiciones favorables (climáticas, fin de restricciones de agua en Texas, falta de alternativas más rentables) que deja la segunda mayor producción de la historia","la combinación de condiciones favorables (climáticas, fin de restricciones de agua en Texas, falta de alternativas más rentables) que deja la segunda mayor producción de la historia",1.0,0.5714285714285714,1.0
¿La colaboración entre distintas empresa Otis a nivel mundial qué ha permitido?,"['En cuanto a los equipos navales, gracias a la colaboración entre distintas empresas Otis a nivel mundial se consiguieron importantes contrataciones en 2014, destacando el contrato de instalación de dos floteles que la petrolera mexicana Pemex construirá en los dos astilleros de Galicia: Barreras en Vigo y Navantia en Ferrol.', 'Gracias a su apuesta digital, Zardoya OTIS disminuirá en los próximos meses gran parte del consumo de papel que tradicionalmente exigía la asistencia a nuestros clientes.', 'El resultado obtenido ha sido positivo, ya que la mejora en los sistemas de gestión ha repercutido en las condiciones laborales de sus trabajadores.  Programa SCORE Este programa de la OIT, que ya estaba en marcha en dos fábricas chinas, se ha implantado en dos fábricas de Turquía.', 'Atresmedia es consciente de la decisiva labor de las empresas para la consecución de estas importantes metas y, por ese motivo, apoya con sus políticas, iniciativas y capacidad de difusión, la consecución de aquellos ODS en los que la contribución de la Compañía puede ser mayor y de especial incidencia.', 'Portis ha consolidado su presencia en la península, especialmente en el noroeste a través de la recientemente adquirida Enor, gracias a su estrategia de expansión basada en una oferta completa de mantenimiento y especial atención al servicio al cliente.']","se consiguieron importantes contrataciones en 2014, destacando el contrato de instalación de dos floteles que la petrolera mexicana Pemex construirá en los dos astilleros de Galicia: Barreras en Vigo y Navantia en Ferrol","se consiguieron importantes contrataciones en 2014, destacando el contrato de instalación de dos floteles que la petrolera mexicana Pemex construirá en los dos astilleros de Galicia: Barreras en Vigo y Navantia en Ferrol",1.0,1.0,1.0
¿Por qué razón la difusión de información financiera incorrecta o de baja calidad podría provocar una disminución significativa del valor de la Sociedad?,"['Del mismo modo, la calidad y fiabilidad de la información financiera que las empresas cotizadas difunden al mercado es un elemento fundamental para la credibilidad de la Sociedad, que afecta de forma significativa al valor que el mercado le asigna, por lo que la difusión de información financiera incorrecta o de baja calidad podría provocar una disminución significativa del valor de la Sociedad, con el consiguiente perjuicio para sus accionistas.', 'El Grupo podría hacer frente a pérdidas financieras, la suspensión de las operaciones o el menoscabo de la reputación de sus marcas, con motivo de un ataque a los sistemas del Grupo por delincuentes, terroristas o gobiernos extranjeros.', 'Capacitación financiera gracias a las tecnologías digitales', 'Este nivel es el inferior al del año pasado debido a la incorporación del perímetro de banca mayorista global.', 'Este nivel de deuda pública representa un factor claro de vulnerabilidad financiera ante cambios en el sentimiento inversor, ya que implica unas necesidades de financiación elevadas del sector público y limita el margen de actuación de la política fiscal en un eventual escenario de desaceleración.']","la calidad y fiabilidad de la información financiera que las empresas cotizadas difunden al mercado es un elemento fundamental para la credibilidad de la Sociedad, que afecta de forma significativa al valor que el mercado le asigna","la calidad y fiabilidad de la información financiera que las empresas cotizadas difunden al mercado es un elemento fundamental para la credibilidad de la Sociedad, que afecta de forma significativa al valor que el mercado le asigna",1.0,1.0,1.0
¿Qué efecto tuvo en 2016 para Santander Chile  la simplificación de procesos y  un mayor foco en el cliente?,"['CLAVES DEL EJERCICIO 2016 En 2016 Santander Chile logró una mejora sustancial en los indicadores de satisfacción de clientes gracias a la simplificación de procesos y a un mayor foco en el cliente, y cerrando así la brecha que existía con los principales competidores en materia de calidad de servicio.', 'Santander quiere proporcionar a sus clientes una experiencia de servicio excelente y, por ello, durante este año ha puesto en marcha nuevas iniciativas que pretenden mejorar los procesos desde la visión del cliente incorporando los beneficios que supone la transformación digital.', 'Santander es uno de los bancos más rentables y eficientes gracias al talento y trabajo de nuestros equipos, que han conseguido unos resultados excelentes, haciendo las cosas de manera más sencilla, personal y justa.', 'Quiero felicitar a los más de 200.000 profesionales que trabajan en el Grupo Santander, puesto que los logros alcanzados en 2017 no hubieran sido posibles sin la aportación de cada uno de ellos. tenemos el objetivo de consolidarnos como el mejor banco comercial para nuestros empleados, clientes, accionistas y la sociedad.', 'En un entorno económico y financiero complicado, pero con una leve y paulatina mejora a lo largo del año, la estrategia en 2014 se centró en: Lanzar el proyecto Santander Advance dirigido a las pymes con una oferta financiera y no financiera que ha proporcionado una importante notoriedad al Banco gracias a las actividades organizadas con clientes. Captar nuevos clientes y vincular a los existentes.']",cerrando así la brecha que existía con los principales competidores en materia de calidad de servicio,logró una mejora sustancial en los indicadores de satisfacción de clientes,0.5,1.0,1.0
¿El hecho de que represente un posible freno para el crecimiento económico qué ha supuesto?,"['El impacto de esta reforma global sobre la actividad económica es objeto de interés creciente, ya que representa un posible freno para el crecimiento económico.', 'Entre el conjunto de desequilibrios financieros acumulados por la economía española, el excesivo endeudamiento de las empresas tiene especial relevancia por cuanto supone un freno a la recuperación de la inversión y por consiguiente a la recuperación del empleo.', 'Estados Unidos, por su parte, experimentó cierta ralentización en su crecimiento, con un incremento anual del PIB del 1,6%, pero con un satisfactorio cuadro macroeconómico: prácticamente pleno empleo, inflación controlada, incremento del número de asalariados con mejoras en los salarios medios y un índice de confianza de los consumidores positivo gracias al impulso fiscal anunciado por el nuevo presidente.', 'Es cierto que se ha registrado una desaceleración de la actividad en la segunda parte de 2015 respecto a lo observado en el primer semestre debido a la ralentización de la demanda mundial, el agotamiento de algunos factores cíclicos y el aumento de la incertidumbre, en parte ligada al ciclo electoral español, pero las previsiones indican que se alcanzará un incremento del PIB de alrededor de un 2,7% para 2016.']",El impacto de esta reforma global sobre la actividad económica es objeto de interés creciente,El impacto de esta reforma global sobre la actividad económica es objeto de interés creciente,0.75,1.0,1.0
"¿Qué genera el riesgo reputacional, definido como el riesgo de un impacto económico negativo, actual o potencial?","['Riesgo reputacional: se define como el riesgo de un impacto económico negativo, actual o potencial, debido a un menoscabo en la percepción del Banco por parte de los empleados, clientes, accionistas/inversores y la sociedad en general.', 'Radica en la posibilidad de que el fondo no cubra estos compromisos en el periodo de devengo de la prestación y la rentabilidad obtenida por la cartera no sea suficiente y obligue al Grupo a incrementar el nivel de aportaciones. Riesgo actuarial: pérdidas inesperadas producidas como consecuencia de un incremento en los compromisos con los tomadores del seguro, así como las pérdidas derivadas de un incremento no previsto en los gastos. 217 "" D.2.2.', 'El Grupo podría hacer frente a pérdidas financieras, la suspensión de las operaciones o el menoscabo de la reputación de sus marcas, con motivo de un ataque a los sistemas del Grupo por delincuentes, terroristas o gobiernos extranjeros.', 'Del mismo modo, la calidad y fiabilidad de la información financiera que las empresas cotizadas difunden al mercado es un elemento fundamental para la credibilidad de la Sociedad, que afecta de forma significativa al valor que el mercado le asigna, por lo que la difusión de información financiera incorrecta o de baja calidad podría provocar una disminución significativa del valor de la Sociedad, con el consiguiente perjuicio para sus accionistas.', 'Este nivel de deuda pública representa un factor claro de vulnerabilidad financiera ante cambios en el sentimiento inversor, ya que implica unas necesidades de financiación elevadas del sector público y limita el margen de actuación de la política fiscal en un eventual escenario de desaceleración.']","a un menoscabo en la percepción del Banco por parte de los empleados, clientes, accionistas/inversores y la sociedad en general","un menoscabo en la percepción del Banco por parte de los empleados, clientes, accionistas/inversores y la sociedad en general",1.0,0.8,1.0
"¿A qué se debió que la cifre de negocio disminuyera un 14,0%?","['La cifra de negocio disminuyó un 14,0% hasta los 401,3 millones de euros, debido a una severa bajada del mercado local y a las fluctuaciones adversas de tipo de cambio tanto en Brasil como en Argentina.', 'El ebitda disminuye un 20,9% debido al impacto de una menor demanda y un efecto negativo de los tipos de cambio (–46 millones de euros).', 'En 2014 ha continuado la caída en ventas como consecuencia de la situación general económica y en particular del sector de la construcción.', 'Estas ventas han supuesto un ingreso de 2.885 millones de euros en el ejercicio 2015, un 5,3% menor al del ejercicio 2014 ya que la caída en las ventas físicas como consecuencia de la reducción en el número de clientes a precio regulado (–9,5%) y el incremento del coste de la energía no se ha visto compensada por el incremento del precio medio de venta.', 'El EBITDA ajustado descendió un 9,4% en 2017 hasta EUR568.6m, una caída del 8,9% a divisa constante. Este descenso tuvo su reflejo en una erosión de 65 puntos básicos en el margen EBITDA ajustado, que fue del 6,6% en el año como resultado de la política de precios implementada en España en la segunda mitad del año.']",a una severa bajada del mercado local y a las fluctuaciones adversas de tipo de cambio tanto en Brasil como en Argentina,a una severa bajada del mercado local y a las fluctuaciones adversas de tipo de cambio tanto en Brasil como en Argentina,1.0,0.3333333333333333,1.0
¿Cómo se explica que el total de préstamos ascienda a 23.900 millones de libras?,"['Los préstamos a las empresas crecieron un 8%, por lo que el total de préstamos asciende a 23.900 millones de libras.', 'Este dato no incluye CDS por aproximadamente 2.293 millones de euros de nominal que cubren préstamos, dado que contablemente se catalogan como garantías financieras en lugar de como derivados de crédito al no tener impacto su variación de valor sobre resultados ni sobre reservas para evitar asimetrías contables. 18.', 'La deuda neta de las actividades de financiación regulares aumentó en 187 millones de euros, ya que los nuevos préstamos superaron ligeramente los repagos en concepto de arrendamientos y amortizaciones de deuda del ejercicio actual. El nivel de los nuevos préstamos y arrendamientos financieros de 2016 estuvo en consonancia con el calendario de entregas de flota del Grupo.', 'La contratación de préstamos al consumo consolida su crecimiento con un incremento de volumen del 46,42% respecto al año anterior gracias al foco en la red comercial y a la estrategia aplicada en la política de precios con tipos de interés más atractivos.', 'La inversión crediticia neta se ha situado en 8.836 millones de euros, un decremento del 26,9% debido a la venta SUB, aunque aislando este impacto la inversión crece un 9,2% por el negocio de México.']",Los préstamos a las empresas crecieron un 8%,Los préstamos a las empresas crecieron un 8%,0.75,1.0,1.0
"¿Qué les ha permitido su visión estratégica y un importante rigor en la gestión, acompañada por unos sólidos valores, aquilatados por el fuerte componente familiar?","['Gracias a nuestra visión estratégica y a un importante rigor en la gestión, acompañada por unos sólidos valores, aquilatados por el fuerte componente familiar, hemos superado con éxito una compleja etapa en la que hemos logrado alcanzar la mayor parte de los objetivos propuestos, afrontando el futuro con solvencia y optimismo.', 'También, en la relación con sus propietarios, la Compañía refleja sus valores corporativos ya que les ofrece un canal directo con la Compañía para la resolución de incidencias, ofrecer respuesta ágil a sus inquietudes y necesidades de información, con el objetivo de reforzar el vínculo y el orgullo de pertenencia, a través de la aportación de valor al negocio entendida en su más amplio sentido.', 'Durante muchas generaciones hemos aplicado nuestro conocimiento y experiencia para innovar y reinventar la manera de hacer banca, manteniendo las fortalezas que nos han acompañado siempre. Estoy convencida de que lograremos el éxito porque:  nuestro crecimiento, rentabilidad y fortaleza de balance demuestran que nuestra estrategia está funcionando;  nuestro tamaño, diversificación y predictibilidad nos aportan una base sólida para innovar;  nuestra cultura —nuestro foco constante en ser un banco responsable— reforzará la confianza de las personas en nuestra marca.', 'Después de un primer trimestre exigente como empresa cotizada y a pesar de las dificultades experimentadas por la industria del petróleo y el gas, que es una parte importante de nuestra actividad, me complace anunciar que, gracias a la gestión y dirección de Fernando Basabe y de su equipo, el Grupo ha logrado obtener resultados conforme a nuestras expectativas.', 'La compañía ha ido ganando volumen merced a un modelo de negocio único en su sector, que le ha permitido aumentar su rentabilidad pese a los ciclos económicos adversos y ganarse la confianza del mercado.']","hemos superado con éxito una compleja etapa en la que hemos logrado alcanzar la mayor parte de los objetivos propuestos, afrontando el futuro con solvencia y optimismo","hemos superado con éxito una compleja etapa en la que hemos logrado alcanzar la mayor parte de los objetivos propuestos, afrontando el futuro con solvencia y optimismo",1.0,0.6666666666666666,1.0
¿Qué consecuencia ha tenido la adquisición de TSB (T16)?,"['En ellos se incluye la ampliación de capital con derecho de suscripción preferente por 1.607 millones de euros llevada a cabo en el mes de abril de 2015, como consecuencia de la adquisición de TSB (T16).', 'TSB en 2015 ha conseguido incrementar la cartera de crédito gracias a la buena dinámica comercial y las fuentes de financiación de TSB que están constituidas fundamentalmente por el crecimiento de los depósitos de clientes y el éxito en la diversificación de las mismas.', 'Estas ventas han supuesto un ingreso de 2.412 millones de euros en el ejercicio 2016, un 16,4% inferior al del ejercicio 2015 como consecuencia de la caída en las unidades físicas vendidas y del menor precio medio de venta.', 'Esta operación es positiva para los accionistas, ya que se estima que mejora el beneficio por acción (BPA) desde 2016.', 'La plantilla aumentó un 2,6% dado que se han puesto en marcha nuevas líneas y que ha aumentado la producción.']",En ellos se incluye la ampliación de capital con derecho de suscripción preferente por 1.607 millones de euros llevada a cabo en el mes de abril de 2015,En ellos se incluye la ampliación de capital con derecho de suscripción preferente por 1.607 millones de euros llevada a cabo en el mes de abril de 2015,1.0,1.0,1.0
¿Qué explica que la campaña haya tenido gran repercusión y visibilidad?,"['Gracias a la emisión de la serie de Antena 3, Tiempos de Guerra, la campaña ha tenido gran repercusión y visibilidad. 7.3.3.', 'Gracias a nuestra visión estratégica y a un importante rigor en la gestión, acompañada por unos sólidos valores, aquilatados por el fuerte componente familiar, hemos superado con éxito una compleja etapa en la que hemos logrado alcanzar la mayor parte de los objetivos propuestos, afrontando el futuro con solvencia y optimismo.', 'Gracias a esta intervención, se ha atendido a cerca de 70.000 personas en consultas externas y de salud mental.', 'Todas las marcas han realizado una más que destacable función social y cultural en sus territorios de influencia gracias a acciones de patrocinio, mecenazgo y de responsabilidad social corporativa.', 'Estoy segura de que lo conseguiremos porque contamos con un equipo dispuesto a esforzarse al máximo para dar el mejor servicio a los clientes.']","la emisión de la serie de Antena 3, la campaña ha tenido gran repercusión y visibilidad. 7.3.3.</doc><doc>
Gracias a nuestra visión estratégica y a un importante rigor en la gestión, acompañada por unos sólidos valores, aquilatados por el fuerte componente familiar, hemos superado con éxito una compleja etapa en la que hemos logrado alcanzar la mayor parte de los objetivos propuestos, afrontando el futuro con solvencia y optimismo.</doc><doc>
Gracias a esta intervención, se ha atendido a cerca de 70.000 personas en consultas externas y de salud mental</doc><doc>
Todas las marcas han realizado una más que destacable función social y cultural en sus territorios de influencia gracias a acciones de patrocinio, mecenazgo y de responsabilidad social corporativa</doc><doc>
Estoy segura de que lo conseguiremos porque contamos con un equipo dispuesto a esforzarse al máximo para dar el mejor servicio a los clientes</doc>","la emisión de la serie de Antena 3, Tiempos de Guerra",0.5,0.7647058823529411,1.0
¿Qué consecuencia ha tenido la disminución de las ventas físicas y del precio medio de venta?,"['Estas ventas han supuesto un ingreso de 2.885 millones de euros en el ejercicio 2015, un 5,3% menor al del ejercicio 2014 ya que la caída en las ventas físicas como consecuencia de la reducción en el número de clientes a precio regulado (–9,5%) y el incremento del coste de la energía no se ha visto compensada por el incremento del precio medio de venta.', 'Estas ventas han supuesto un ingreso de 2.412 millones de euros en el ejercicio 2016, un 16,4% inferior al del ejercicio 2015 como consecuencia de la caída en las unidades físicas vendidas y del menor precio medio de venta.', 'En 2014 ha continuado la caída en ventas como consecuencia de la situación general económica y en particular del sector de la construcción.', 'La cifra de negocio disminuyó un 14,0% hasta los 401,3 millones de euros, debido a una severa bajada del mercado local y a las fluctuaciones adversas de tipo de cambio tanto en Brasil como en Argentina.', 'El ebitda disminuye un 20,9% debido al impacto de una menor demanda y un efecto negativo de los tipos de cambio (–46 millones de euros).']","Estas ventas han supuesto un ingreso de 2.885 millones de euros en el ejercicio 2015, un 5,3% menor al del ejercicio 2014","En términos económicos, los ingresos por ventas de gas fueron de 2.378 millones de euros, 484 millones menores (–16,9%) a los del ejercicio 2014",0.0,1.0,1.0
¿Qué facilitará que el objetivo del programa siga siendo reducir los gastos de explotación? ,"['Los equipos han seguido trabajando en la homogeneización de la flota en tres ámbitos: configuración de la cabina, sistemas de aviónica y equipamiento para casos de emergencia. La homogeneización se ha extendido a todas las nuevas aeronaves, incluidos los nuevos Airbus A320neo y los Airbus A350. El objetivo del programa sigue siendo reducir los gastos de explotación gracias a la simplificación de la flota y a inversiones en inmovilizado ágiles y flexibles.', 'Estricto control de costes, con una disminución del 0,6% gracias al plan de eficiencia y de productividad.', 'Por otro lado, los gastos financieros se han reducido significativamente como resultado de fructíferas negociaciones con los bancos que permitieron minorar el tipo de interés medio satisfecho por la Compañía, el cual se situó en 3,2% frente al 3,5% del año 2016, así como incrementar los plazos de vencimiento de los instrumentos de deuda con los que actualmente se financia.', 'Simultáneamente, hemos comenzado a trabajar en la cuarta edición, que supondrá una importante ampliación del alcance del programa, ya que también abarcará cuestiones adicionales de sostenibilidad ambiental.', 'Además, se ha procedido a revisar el estado actual de las instalaciones obteniendo como resultado unas propuestas de mejora de ahorro y eficiencia energética.']",la simplificación de la flota y a inversiones en inmovilizado ágiles y flexibles,la simplificación de la flota y a inversiones en inmovilizado ágiles y flexibles,1.0,0.5,1.0
¿A qué se debe que el proyecto de El Estirón se amplié y gane difusión?,"['Con esta integración, el proyecto de El Estirón toma una dimensión más amplia y gana en difusión, gracias a la sinergia de los soportes y altavoces con los que cuenta objetivo Bienestar.', 'Gracias a la emisión de la serie de Antena 3, Tiempos de Guerra, la campaña ha tenido gran repercusión y visibilidad. 7.3.3.', 'La compañía ha ido ganando volumen merced a un modelo de negocio único en su sector, que le ha permitido aumentar su rentabilidad pese a los ciclos económicos adversos y ganarse la confianza del mercado.', 'Nuestra evolución en los últimos años y nuestras fortalezas nos permiten acelerar nuestra transformación', 'Gran parte de las líneas están en proceso de ejecución, dado que muchos de los objetivos propuestos se han trazado a 2015.']",a la sinergia de los soportes y altavoces con los que cuenta objetivo Bienestar,a la sinergia de los soportes y altavoces con los que cuenta objetivo Bienestar,1.0,0.18181818181818182,1.0
Gracias a qué han desarrollado en 2014 cuatro nuevos greenfields que revertirán en nuevos incrementos de los márgenes a futuro?,"['Al margen de nuestra apuesta por Asia, seguimos focalizando nuestra inversión en otros mercados con fuerte potencial de crecimiento, como es el caso de México. En 2014, hemos desarrollado cuatro nuevos greenfields que revertirán en nuevos incrementos de los márgenes a futuro gracias al fuerte dinamismo de la demanda doméstica y al tirón de las exportaciones a Estados Unidos. Hoy, el mercado de NAFTA, supera ya el 20% de nuestras ventas.', 'Desde la fusión, sigue creciendo todos los meses respecto al mismo mes del año anterior, con lo que encadena, a cierre del Ejercicio 2014, 27 meses de crecimiento ininterrumpido.', 'Simultáneamente, hemos comenzado a trabajar en la cuarta edición, que supondrá una importante ampliación del alcance del programa, ya que también abarcará cuestiones adicionales de sostenibilidad ambiental.', 'Nuestra evolución en los últimos años y nuestras fortalezas nos permiten acelerar nuestra transformación', 'Gran parte de las líneas están en proceso de ejecución, dado que muchos de los objetivos propuestos se han trazado a 2015.']",al fuerte dinamismo de la demanda doméstica y al tirón de las exportaciones a Estados Unidos,al fuerte dinamismo de la demanda doméstica y al tirón de las exportaciones a Estados Unidos,1.0,0.5,1.0
¿Por qué razón no quiere extenderse mucho en esto? ,"['No quiero extenderme mucho en esto porque la consejera delegada lo explica con detalle en este mismo informe, pero sí quiero poner énfasis en la calidad de los resultados.', 'No obstante, no queremos caer en la autocomplacencia porque nuestra constante es crecer, superar retos, nunca acomodarnos en la tentadora zona de lo fácil.', 'En las cuentas anuales consolidadas adjuntas no se ha registrado provisión alguna por este concepto, ya que no están previstas situaciones de esta naturaleza.', 'Me resulta complicado abarcar en esta carta todos los aspectos de interés que pueden encontrar en el presente informe, por lo que les animo a leerlo con atención y detenimiento.', 'Nuestra trayectoria avala ese propósito de estabilidad, porque mantenemos el nombre, no nos hemos fusionado con nadie y no hemos comprado nada en España.']","la consejera delegada lo explica con detalle en este mismo informe, pero sí quiero poner énfasis en la calidad de los resultados",la consejera delegada lo explica con detalle en este mismo informe,0.75,0.6666666666666666,1.0
"¿A que se ha atribuido que las ventas netas aumentasen un 25,7% en moneda local, pero descendiesen un 1,5% en euros hasta los 3.122 millones?","['Las ventas netas aumentaron un 25,7% en moneda local, pero descendieron un 1,5% en euros hasta los 3.122 millones debido a la depreciación de las divisas registradas en el año (-4,8% real brasileño, -37,4% peso argentino y -5,2% yuan chino)', 'Estas ventas han supuesto un ingreso de 2.412 millones de euros en el ejercicio 2016, un 16,4% inferior al del ejercicio 2015 como consecuencia de la caída en las unidades físicas vendidas y del menor precio medio de venta.', 'Estas ventas han supuesto un ingreso de 2.885 millones de euros en el ejercicio 2015, un 5,3% menor al del ejercicio 2014 ya que la caída en las ventas físicas como consecuencia de la reducción en el número de clientes a precio regulado (–9,5%) y el incremento del coste de la energía no se ha visto compensada por el incremento del precio medio de venta.', 'El ebitda disminuye un 20,9% debido al impacto de una menor demanda y un efecto negativo de los tipos de cambio (–46 millones de euros).', 'La cifra de negocio disminuyó un 14,0% hasta los 401,3 millones de euros, debido a una severa bajada del mercado local y a las fluctuaciones adversas de tipo de cambio tanto en Brasil como en Argentina.']","a la depreciación de las divisas registradas en el año (-4,8% real brasileño, -37,4% peso argentino y -5,2% yuan chino)","a la depreciación de las divisas registradas en el año (-4,8% real brasileño, -37,4% peso argentino y -5,2% yuan chino)",1.0,1.0,1.0
¿A qué se debe que las incidencias en todas las plataformas se hayan reducido en un 61% con respecto al año anterior?,"['Gracias a estas y otras mejoras, las incidencias en todas las plataformas se han reducido en un 61% con respecto al año anterior.', 'Se han reducido los índices de frecuencia y gravedad, como consecuencia de la disminución de los accidentes sin baja y no se han registrado accidentes graves, muy graves O mortales, ni enfermedades profesionales.', 'Gracias a estas medidas, tal y como queda reflejado en la gráfica anterior, hemos alcanzado una reducción del 6% en el consumo de energía eléctrica por prenda puesta en el mercado y de un 3% con respecto a las ventas, en comparación con 2016.', 'Gracias a estas reformas y a la plataforma EcoTool, se ha conseguido evitar la emisión a la atmósfera de un total de 9.816 toneladas de CO2.', 'La tasa de morosidad se ha reducido desde el 1,35% en 2016 al 1,13% a diciembre de 2017, gracias a un entorno macroeconómico más favorable y la aplicación de políticas prudentes.']",a estas y otras mejoras,a estas y otras mejoras,1.0,0.3333333333333333,1.0
¿Qué implica el hecho de que el VaR sea un análisis estático del riesgo de la cartera?,"['Algunas limitaciones son intrínsecas a la métrica VaR en sí, independientemente de la metodología empleada para su cálculo, entre las que se encuentran: El cálculo del VaR está calibrado a un nivel de confianza determinado que no indica los niveles de posibles pérdidas más allá de él. Se pueden encontrar en la cartera algunos productos con un horizonte de liquidez mayor al especificado en el modelo de VaR. El VaR es un análisis estático del riesgo de la cartera, por lo que la situación podría cambiar significativamente a lo largo del día siguiente, si bien esto debería ocurrir con una probabilidad muy baja.', 'Radica en la posibilidad de que el fondo no cubra estos compromisos en el periodo de devengo de la prestación y la rentabilidad obtenida por la cartera no sea suficiente y obligue al Grupo a incrementar el nivel de aportaciones. Riesgo actuarial: pérdidas inesperadas producidas como consecuencia de un incremento en los compromisos con los tomadores del seguro, así como las pérdidas derivadas de un incremento no previsto en los gastos. 217 "" D.2.2.', 'La morosidad y el coste de crédito permanecen en niveles estables gracias a la mejora de desempeño de las carteras de auto en SC USA, tras la implantación de la nueva política de riesgos que tuvo lugar en el primer trimestre, enfocada a mejorar el perfil de las nuevas operaciones, y tras los ajustes realizados en el sector de Oil&Gas, en línea con la industria, en Santander Bank.', 'Debt Valuation Adjustment (DVA): ajuste a la valoración similar al CVA, pero en este caso como consecuencia del riesgo propio del Grupo que asumen sus contrapartidas en los derivados OTC.', 'El ARPU permanece relativamente estable en el ejercicio (-0,6%) gracias a la captación de clientes de valor, que permite compensar el fuerte impacto regulatorio.']","la situación podría cambiar significativamente a lo largo del día siguiente, si bien esto debería ocurrir con una probabilidad muy baja",la situación podría cambiar significativamente a lo largo del día siguiente,0.5,1.0,1.0
¿A qué se debe que el beneficio antes de impuestos crezca menos que los anteriores márgenes? ,"['El beneficio antes de impuestos crece menos que los anteriores márgenes, debido a (i)n un aumento de los costes financieros asociados a la elevada volatilidad de tipo de cambio del US$ durante el ejercicio (el Grupo realiza una parte significativa de sus compras en US$) y (ii) a una peor evolución de los resultados no recurrentes, con una menor generación de ingresos procedente de la venta activos frente a las que se verificaron en 2016 (venta de inmuebles y venta del negocio de Puerto Rico, principalmente).', 'El resultado antes de impuestos, que refleja mejor la evolución del negocio, crece un 8% gracias al aumento de volúmenes, la buena gestión de márgenes y el control de costes.', 'El beneficio antes de impuestos en 2015 fue de 31 millones de euros, gracias a la muy escasa morosidad (un 1%, diez veces menos que el promedio del sector), un balance equilibrado y un nivel de gastos de estructura muy bajo.', 'Sin considerar esta venta, el beneficio neto ha crecido un 25,4% principalmente debido al buen desempeño del margen financiero y las comisiones cobradas y por un adecuado control de los gastos de administración y promoción.', 'Un crecimiento que hemos alcanzado sin realizar ampliaciones de capital y gracias a una política prudente de distribución del dividendo.']","a (i)n un aumento de los costes financieros asociados a la elevada volatilidad de tipo de cambio del US$ durante el ejercicio (el Grupo realiza una parte significativa de sus compras en US$) y (ii) a una peor evolución de los resultados no recurrentes, con una menor generación de ingresos procedente de la venta activos frente a las que se verificaron en 2016 (venta de inmuebles y venta del negocio de Puerto Rico, principalmente)</doc>","a (i)n un aumento de los costes financieros asociados a la elevada volatilidad de tipo de cambio del US$ durante el ejercicio (el Grupo realiza una parte significativa de sus compras en US$) y (ii) a una peor evolución de los resultados no recurrentes, con una menor generación de ingresos procedente de la venta activos frente a las que se verificaron en 2016 (venta de inmuebles y venta del negocio de Puerto Rico,",1.0,0.5,1.0
¿Qué ha supuesto que Santander haya querido proporcionar a sus clientes una experiencia de servicio excelente?,"['Santander quiere proporcionar a sus clientes una experiencia de servicio excelente y, por ello, durante este año ha puesto en marcha nuevas iniciativas que pretenden mejorar los procesos desde la visión del cliente incorporando los beneficios que supone la transformación digital.', 'CLAVES DEL EJERCICIO 2016 En 2016 Santander Chile logró una mejora sustancial en los indicadores de satisfacción de clientes gracias a la simplificación de procesos y a un mayor foco en el cliente, y cerrando así la brecha que existía con los principales competidores en materia de calidad de servicio.', 'Santander es uno de los bancos más rentables y eficientes gracias al talento y trabajo de nuestros equipos, que han conseguido unos resultados excelentes, haciendo las cosas de manera más sencilla, personal y justa.', 'Quiero felicitar a los más de 200.000 profesionales que trabajan en el Grupo Santander, puesto que los logros alcanzados en 2017 no hubieran sido posibles sin la aportación de cada uno de ellos. tenemos el objetivo de consolidarnos como el mejor banco comercial para nuestros empleados, clientes, accionistas y la sociedad.', 'En un entorno económico y financiero complicado, pero con una leve y paulatina mejora a lo largo del año, la estrategia en 2014 se centró en: Lanzar el proyecto Santander Advance dirigido a las pymes con una oferta financiera y no financiera que ha proporcionado una importante notoriedad al Banco gracias a las actividades organizadas con clientes. Captar nuevos clientes y vincular a los existentes.']",durante este año ha puesto en marcha nuevas iniciativas que pretenden mejorar los procesos desde la visión del cliente incorporando los beneficios que supone la transformación digital,durante este año ha puesto en marcha nuevas iniciativas que pretenden mejorar los procesos desde la visión del cliente incorporando los beneficios que supone la transformación digital,1.0,0.6666666666666666,1.0
¿Qué impacto tiene un mayor foco en la reducción del coste del pasivo?,"['En paralelo, continúa el crecimiento de los depósitos en los mercados maduros aunque a menor ritmo, como consecuencia de un mayor foco en la reducción del coste del pasivo, como principal palanca para recuperar margen de intereses en entornos de tipos de interés en mínimos.', 'Por otro lado, los gastos financieros se han reducido significativamente como resultado de fructíferas negociaciones con los bancos que permitieron minorar el tipo de interés medio satisfecho por la Compañía, el cual se situó en 3,2% frente al 3,5% del año 2016, así como incrementar los plazos de vencimiento de los instrumentos de deuda con los que actualmente se financia.', 'El impacto no fue duradero, ya que en los meses siguientes se redujo la volatilidad, la renta variable se recuperó y bajó la aversión al riesgo.', 'Estricto control de costes, con una disminución del 0,6% gracias al plan de eficiencia y de productividad.', 'La tasa de morosidad se ha reducido desde el 1,35% en 2016 al 1,13% a diciembre de 2017, gracias a un entorno macroeconómico más favorable y la aplicación de políticas prudentes.']","continúa el crecimiento de los depósitos en los mercados maduros aunque a menor ritmo, como principal palanca para recuperar margen de intereses en entornos de tipos de interés en mínimos",continúa el crecimiento de los depósitos en los mercados maduros aunque a menor ritmo,0.75,0.3333333333333333,1.0
¿Cuál es la razón de que la plantilla participe de él?,"['Una de las grandes ventajas de este sistema es su transparencia, ya que estas ideas son visibles de forma inmediata para toda la plantilla de modo que pueden ser votadas o enriquecidas con opiniones o aportaciones complementarias.', 'Gracias a la colaboración con los diferentes departamentos, todos los empleados -e incluso las nuevas incorporaciones- participan en talleres de sensibilización ambiental.', 'La plantilla aumentó un 2,6% dado que se han puesto en marcha nuevas líneas y que ha aumentado la producción.', 'Estoy segura de que lo conseguiremos porque contamos con un equipo dispuesto a esforzarse al máximo para dar el mejor servicio a los clientes.', 'Esto redunda en una mejora de la autoestima, incrementando el orgullo de pertenencia a la empresa, y, por consiguiente, en la atracción y retención del talento.']",se han puesto en marcha nuevas líneas y que ha aumentado la producción,El I+D+i dentro de la compañía no se limita sólo a un departamento sino que se encuentra en cada fase de producción,0.25,0.6666666666666666,1.0
¿Qué consecuencia tiene que la satisfacción y experiencia de sus clientes siga siendo su prioridad?,"['También continúa a buen ritmo la instalación de nuevos cajeros automáticos multiservicio que facilitan a nuestros clientes realizar su operativa básica de manera sencilla y ágil.  Los CRMs NEO se consolidan como herramienta CRM referente en el mercado, con nuevas mejoras como el CRM transaccional +Che de Santander Rio, el nuevo CRM multicanal en el Contact Center de Polonia, el NEO Jupiter que ya está desplegado en todas las oficinas de México, O el NEO CRM recientemente lanzado en Reino Unido que ha sido desarrollado en tiempo récord, con un equipo multidisciplinar dedicado y trabajando con metodología Agile. 3.- La satisfacción y experiencia de nuestros clientes sigue siendo nuestra prioridad, por lo que continuamos trabajando en la excelencia operativa , con nuevos procesos más sencillos, eficientes y omnichannel, desarrollados con metodología Agile, y también en mejorar la calidad de servicio.', 'Por último cabe señalar los menores niveles de deterioro del valor de los activos financieros con respecto a los del ejercicio previo, cuando se registraron dotaciones a saneamientos como consecuencia de las bajadas de rating de las compañías de oil & gas en Estados Unidos, sobre todo durante los tres primeros meses de ese año.rela Ción C on el Cliente 2017 P.69 Relación con el cliente experiencia de cliente El principal foco de atención de BBVA es satisfacer las necesidades de sus clientes y conectar con ellos de una manera más atractiva, combinando al mismo tiempo innovación, tecnología y experiencia.', 'La fidelidad de los clientes del Grupo es uno de los principales activos de la Compañía, y es por ello que se realizan importantes esfuerzos por mantener a los clientes con más antigüedad a través de la medición de su satisfacción.', '1. Mantener al cliente en el centro del negocio resulta prioritario para la Compañía, por lo que los proyectos y las líneas de actuación acometidas por Grupo DIA tienen siempre una clara orientación hacia completar las necesidades y cambiantes hábitos de un cliente cada vez más exigente y especializado.', 'En este sentido, me gustaría enfatizar que nuestro retorno más inmediato se produce hacia los 37 millones de clientes que confían en nosotros, porque una aseguradora más eficaz siempre ofrece mejores productos y servicios.']","continuamos trabajando en la excelencia operativa , con nuevos procesos más sencillos, eficientes y omnichannel, desarrollados con metodología Agile, y también en mejorar la calidad de servicio","continuamos trabajando en la excelencia operativa , con nuevos procesos más sencillos, eficientes y omnichannel, desarrollados con metodología Agile, y también en mejorar la calidad de servicio",1.0,1.0,1.0
"La gestión de residuos desempeña un papel fundamental en la economía circular, ¿por qué?","['La gestión de residuos desempeña un papel fundamental en la economía circular, ya que determina la manera en que se pone en práctica la jerarquía de residuos de la UE.', 'Lingotes Especiales apuesta decididamente por la Economía Circular ya que esta permite diseñar productos sin desechos que faciliten su desmontaje y su reutilización y convertir residuos en recursos, incorporándolos de nuevo al ciclo de la economía productiva y reduciendo, a la vez, el impacto ambiental de los procesos.', 'El Grupo ACS considera prioritaria la eficiencia del consumo de recursos y la reducción de la generación de residuos, ya que una estrategia efectiva en estos aspectos implica beneficios en una doble vertiente. Por un lado, se reduce el impacto ambiental sobre el entorno y, por otro, se reduce el gasto necesario para la compra o tratamiento de los mismos.', 'Este sistema supone un importante avance en el impacto medioambiental ya que los sistemas de purificación propuestos eliminan impurezas, productos químicos e imperfecciones sin perjudicar la calidad del agua consumible por el cliente, reduciendo además espacio de almacenaje, costes económicos y tiempo por la gestión logística del producto.', 'Su reutilización no es posible pero sí su reciclaje, por lo que el 97% son reciclados por empresas especializadas.']",determina la manera en que se pone en práctica la jerarquía de residuos de la UE,determina la manera en que se pone en práctica la jerarquía de residuos de la UE,1.0,1.0,1.0
¿Por qué en el plan de bienvenida a los nuevos empleados de Gestamp se incluye un curso de formación específico obligatorio?,"['Todos los empleados de Gestamp tienen la obligación de conocer, comprender y aplicar el Código. Por ello, en el plan de bienvenida de los nuevos empleados se incluye un curso de formación específico obligatorio.', 'importante, a la generación de riqueza y empleo, no solo de forma directa, sino concepto de impuestos. también a través de los flujos económicos indirectos e inducidos que se producen como consecuencia de la actividad de Gestamp.', 'Los proveedores de equipos y componentes, como Gestamp, son un elemento clave del sector ya que sus piezas suponen el 70-75% del total del vehículo. La tendencia hace prever que el porcentaje aumente en el futuro.', 'Gracias a la colaboración con los diferentes departamentos, todos los empleados -e incluso las nuevas incorporaciones- participan en talleres de sensibilización ambiental.', 'Y también han de ser flexibles, porque la gestión de riesgos tiene que adaptarse rápidamente a nuevos entornos y escenarios imprevistos.']","Todos los empleados de Gestamp tienen la obligación de conocer, comprender y aplicar el Código","Todos los empleados de Gestamp tienen la obligación de conocer, comprender y aplicar el Código",1.0,1.0,1.0
¿Qué consecuencias tiene nuestro estudio Things Matter sobre el uso de las cosas conectadas?,"['Gracias a nuestro estudio Things Matter, que está centrado en el uso que las personas hacen de las cosas conectadas, podemos visualizar claramente qué aspectos de nuestra sociedad están experimentando, en mayor o menor medida, el impacto de Internet de las Cosas.', 'En este sentido, en la actualidad, el Internet de las cosas nos permite ofrecer a las ciudades soluciones digitales y eficientes que convergen en una plataforma integral y abierta, gracias a las cuales se pueden reducir costes, aumentar ingresos, mejorar la administración de recursos urbanos y la calidad de vida de sus habitantes.', 'La transformación digital está impactada por los cambios en los hábitos de los consumidores, y por ello se ha iniciado un nuevo modelo de relación con los clientes, buscando nuevas formas de acercarse, allí donde ellos estén, para ser más convenientes. El objetivo ha sido mejorar la propuesta de valor y servicio del Grupo, asegurando la metodología y sistemática comercial, adaptándose a los diferentes segmentos y llevando la relación con el cliente donde más lo necesita en cada momento.', 'Vivimos una parte cada vez más importante de nuestra vida a través de la conectividad y los servicios digitales, por eso, sabemos que la responsabilidad que asumimos en este ámbito condiciona el éxito a futuro. Así lo ven también nuestros grupos de interés, en particular inversores y analistas, que consideran que la seguridad y la privacidad es una de las temáticas más importantes en nuestro compromiso hacia el cliente (ver capítulo Materialidad).', 'Gracias a estas medidas, tal y como queda reflejado en la gráfica anterior, hemos alcanzado una reducción del 6% en el consumo de energía eléctrica por prenda puesta en el mercado y de un 3% con respecto a las ventas, en comparación con 2016.']","podemos visualizar claramente qué aspectos de nuestra sociedad están experimentando, en mayor o menor medida, el impacto de Internet de las Cosas","podemos visualizar claramente qué aspectos de nuestra sociedad están experimentando, en mayor o menor medida, el impacto de Internet de las Cosas",1.0,0.3333333333333333,1.0
"¿A qué se debe que los costes hayan disminuido un 0,6%?","['Estricto control de costes, con una disminución del 0,6% gracias al plan de eficiencia y de productividad.', 'Por otro lado, los gastos financieros se han reducido significativamente como resultado de fructíferas negociaciones con los bancos que permitieron minorar el tipo de interés medio satisfecho por la Compañía, el cual se situó en 3,2% frente al 3,5% del año 2016, así como incrementar los plazos de vencimiento de los instrumentos de deuda con los que actualmente se financia.', 'Gracias a estas medidas, tal y como queda reflejado en la gráfica anterior, hemos alcanzado una reducción del 6% en el consumo de energía eléctrica por prenda puesta en el mercado y de un 3% con respecto a las ventas, en comparación con 2016.', 'La tasa de morosidad se ha reducido desde el 1,35% en 2016 al 1,13% a diciembre de 2017, gracias a un entorno macroeconómico más favorable y la aplicación de políticas prudentes.', 'Gracias a estas y otras mejoras, las incidencias en todas las plataformas se han reducido en un 61% con respecto al año anterior.']",al plan de eficiencia y de productividad,al plan de eficiencia y de productividad,1.0,0.25,1.0
¿Qué ha permitido esta medida?,"['Gracias a esta medida, hemos mejorado la densidad de dichos envíos en un 1,5% respecto al año anterior.', 'Gracias a esta intervención, se ha atendido a cerca de 70.000 personas en consultas externas y de salud mental.', 'Esta tendencia favorable se produjo a pesar de haberse generado menores comisiones de mantenimiento de cuentas debido a la suspensión de su cobro al segmento retail, impuesta por el Consejo de Estado turco, y de los altos ingresos generados en el 2016 por el programa de millas Miles & Smiles.', 'Esta operación es positiva para los accionistas, ya que se estima que mejora el beneficio por acción (BPA) desde 2016.', 'Gracias a estas y otras mejoras, las incidencias en todas las plataformas se han reducido en un 61% con respecto al año anterior.']","hemos mejorado la densidad de dichos envíos en un 1,5% respecto al año anterior","hemos mejorado la densidad de dichos envíos en un 1,5% respecto al año anterior",1.0,1.0,1.0
¿Cuál ha sido el resultado de transformar la función de cumplimiento en el nuevo modelo TOM?,"['Gobierno de productos y protección al consumidor Como resultado de la transformación de la función de cumplimiento en su nuevo modelo TOM, la antigua oficina de gestión de riesgo reputacional ha sido renombrada como gobierno de productos y protección al consumidor y amplía sus competencias para fortalecer el adecuado control y supervisión de los riesgos de comercialización de productos y servicios, promover la transparencia y un enfoque Sencillo, Personal y Justo hacia los clientes para proteger sus derechos y asegurar que las políticas y procedimientos tienen en cuenta la perspectiva de los consumidores.', 'Por otra parte, en 2015, con motivo de la aprobación de la Ley 1/2015, de 30 de marzo, por la que se reforma el Código Penal -introduciendo la necesidad de disponer de modelos de organización y gestión adecuados para la prevención de delitos- así como de la norma ISO 19600 (2014), que establece las directrices principales para la creación de un modelo de compliance, Inditex revisó su Modelo, aprobando un nuevo Modelo de Prevención de Riesgos Penales, que viene a sustituir el anterior y que se configura por medio de los siguientes documentos:', 'Esta medición se completa con una evaluación más racional del desempeño, gracias al indicador RepTrack Index.', 'Gran parte de las líneas están en proceso de ejecución, dado que muchos de los objetivos propuestos se han trazado a 2015.', 'También continúa a buen ritmo la instalación de nuevos cajeros automáticos multiservicio que facilitan a nuestros clientes realizar su operativa básica de manera sencilla y ágil.  Los CRMs NEO se consolidan como herramienta CRM referente en el mercado, con nuevas mejoras como el CRM transaccional +Che de Santander Rio, el nuevo CRM multicanal en el Contact Center de Polonia, el NEO Jupiter que ya está desplegado en todas las oficinas de México, O el NEO CRM recientemente lanzado en Reino Unido que ha sido desarrollado en tiempo récord, con un equipo multidisciplinar dedicado y trabajando con metodología Agile. 3.- La satisfacción y experiencia de nuestros clientes sigue siendo nuestra prioridad, por lo que continuamos trabajando en la excelencia operativa , con nuevos procesos más sencillos, eficientes y omnichannel, desarrollados con metodología Agile, y también en mejorar la calidad de servicio.']","la antigua oficina de gestión de riesgo reputacional ha sido renombrada como gobierno de productos y protección al consumidor y amplía sus competencias para fortalecer el adecuado control y supervisión de los riesgos de comercialización de productos y servicios, promover la transparencia y un enfoque Sencillo, Personal y Justo hacia los clientes para proteger sus derechos y asegurar que las políticas y procedimientos tienen en cuenta la perspectiva de los consumidores","la antigua oficina de gestión de riesgo reputacional ha sido renombrada como gobierno de productos y protección al consumidor y amplía sus competencias para fortalecer el adecuado control y supervisión de los riesgos de comercialización de productos y servicios, promover la transparencia y un enfoque Sencillo, Personal y Justo hacia los clientes para proteger sus derechos y asegurar que las políticas y procedimientos tienen en cuenta la perspectiva de los consumidores",1.0,1.0,1.0
"¿Qué ha provocado que los ingresos unitarios de pasaje descendieran un 5,4% a tipos de cambios constantes?","['Según los datos presentados, los ingresos de pasaje del Grupo descendieron un 2,0%, con un efecto cambiario adverso de 5,6 puntos, mientras que la capacidad se incrementó un 9,4%. A tipos de cambio constantes, los ingresos unitarios de pasaje (ingresos de pasaje por AKO) descendieron un 5,4% a causa de la caída del yield (ingresos de pasaje/pasajeros-kilómetro transportados), con un ligero incremento de 0,2 puntos en el coeficiente de ocupación.', 'El ebitda disminuye un 20,9% debido al impacto de una menor demanda y un efecto negativo de los tipos de cambio (–46 millones de euros).', 'El EBITDA ajustado descendió un 9,4% en 2017 hasta EUR568.6m, una caída del 8,9% a divisa constante. Este descenso tuvo su reflejo en una erosión de 65 puntos básicos en el margen EBITDA ajustado, que fue del 6,6% en el año como resultado de la política de precios implementada en España en la segunda mitad del año.', 'La cifra de negocio disminuyó un 14,0% hasta los 401,3 millones de euros, debido a una severa bajada del mercado local y a las fluctuaciones adversas de tipo de cambio tanto en Brasil como en Argentina.', 'Estas ventas han supuesto un ingreso de 2.412 millones de euros en el ejercicio 2016, un 16,4% inferior al del ejercicio 2015 como consecuencia de la caída en las unidades físicas vendidas y del menor precio medio de venta.']","la caída del yield (ingresos de pasaje/pasajeros-kilómetro transportados), con un ligero incremento de 0,2 puntos en el coeficiente de ocupación","la caída del yield (ingresos de pasaje/pasajeros-kilómetro transportados), con un ligero incremento de 0,2 puntos en el coeficiente de ocupación",1.0,1.0,1.0
¿Por qué resulta importante contar con una relativa diversificación de la actividad?,"['En un entorno de crecimiento económico tanto a nivel nacional como global – el PIB de España repuntó un 3,1% en 2017 en tasa interanual y el de la economía mundial un 3,7%- hemos sabido avanzar de forma firme pero no podemos olvidar que las incertidumbres del entorno pueden afectar a cualquier compañía de dimensión internacional y por ello, es importante contar con una relativa diversificación de la actividad.', 'La capacidad de maximizar la utilización de nuestros activos durante su vida  útil es un factor importante dado que nuestra actividad requiere de importantes  inversiones.', 'Así, nuestra estrategia de diversidad viene definida como el resultado inevitable y natural de adaptar nuestro negocio al entorno en el que operamos y, en consecuencia, entenderla como parte de nuestra realidad empresarial.', 'Operamos en una industria global y altamente competitiva por lo que no sólo debemos adaptarnos de forma continuada a los requisitos de nuestros clientes sino que consideramos el desarrollo conjunto una oportunidad de ventaja competitiva.', 'Operamos en una industria global y altamente competitiva por lo que no sólo debemos adaptarnos de forma continuada a los requisitos de nuestros clientes sino que consideramos el I+D una oportunidad de ventaja competitiva.']",hemos sabido avanzar de forma firme pero no podemos olvidar que las incertidumbres del entorno pueden afectar a cualquier compañía de dimensión internacional,"En un entorno de crecimiento económico tanto a nivel nacional como global – el PIB de España repuntó un 3,1% en 2017 en tasa interanual y el de la economía mundial un 3,7%- hemos sabido avanzar de forma firme pero no podemos olvidar que las incertidumbres del entorno pueden afectar a cualquier compañía de dimensión internacional",0.5,0.6666666666666666,1.0
¿A qué se ha debido la consolidación del negocio doméstico?,"['Los resultados obtenidos constatan una sólida consolidación del negocio doméstico con una mejora significativa del margen de clientes. Esto ha sido posible gracias a una gestión proactiva de precios (tanto en intereses como en comisiones) junto con una mejora en las cuotas de mercado, siempre manteniendo una elevada calidad de servicio. El Banco ha sido capaz de fortalecer su margen de intereses y es la entidad con mejor comportamiento en el margen de clientes en España. Todo ello junto con una sólida posición de solvencia y liquidez.', 'En 2017 continuó mejorando el mercado de la vivienda y la situación financiera de los hogares gracias al buen cuadro macroeconómico y en particular a la evolución del empleo.', 'La compañía ha ido ganando volumen merced a un modelo de negocio único en su sector, que le ha permitido aumentar su rentabilidad pese a los ciclos económicos adversos y ganarse la confianza del mercado.', 'Nuestra evolución en los últimos años y nuestras fortalezas nos permiten acelerar nuestra transformación', 'En el negocio de corporate finance, ha existido una elevada actividad en el año 2017 y se ha llevado a cabo una gran labor de marketing, gracias a la cual BBVA ha obtenido numerosos mandatos, reforzando su posición de mercado en este negocio.']","a una gestión proactiva de precios (tanto en intereses como en comisiones) junto con una mejora en las cuotas de mercado, siempre manteniendo una elevada calidad de servicio","a una gestión proactiva de precios (tanto en intereses como en comisiones) junto con una mejora en las cuotas de mercado, siempre manteniendo una elevada calidad de servicio",1.0,0.5,1.0
¿Qué consecuencias traen las reducciones de plantilla?,"['Desde el año 2008, y a consecuencia de estas continuas actividades de racionalización, se ha obtenido una reducción de aproximadamente 1.600 empleados en todo el Grupo, equivalentes al 20% de la plantilla global.', 'La plantilla de Columbus a final de año es de 1.361 personas, un 14,88% menos que a 31 de diciembre de 2013, debido a las reducciones de plantilla antes comentadas.', 'El ebitda disminuye un 20,9% debido al impacto de una menor demanda y un efecto negativo de los tipos de cambio (–46 millones de euros).', 'La plantilla aumentó un 2,6% dado que se han puesto en marcha nuevas líneas y que ha aumentado la producción.', 'El EBITDA ajustado descendió un 9,4% en 2017 hasta EUR568.6m, una caída del 8,9% a divisa constante. Este descenso tuvo su reflejo en una erosión de 65 puntos básicos en el margen EBITDA ajustado, que fue del 6,6% en el año como resultado de la política de precios implementada en España en la segunda mitad del año.']","se ha obtenido una reducción de aproximadamente 1.600 empleados en todo el Grupo, equivalentes al 20% de la plantilla global","La plantilla de Columbus a final de año es de 1.361 personas, un 14,88% menos que a 31 de diciembre de 2013",0.5,1.0,1.0
¿Por qué las direcciones de riesgos locales deberán contar con los medios necesarios para llevar a cabo su actividad?,"['En el ámbito local, las direcciones de riesgos locales deberán contar con la estructura y los medios necesarios para llevar a cabo su actividad según se ha descrito anteriormente, ya que son las encargadas de la ejecución de los distintos controles establecidos, asumiendo la responsabilidad de informar de los resultados de los mismos tanto a sus interlocutores a nivel local (negocio, supervisión de riesgos, reguladores y supervisores, etc), como a sus interlocutores a nivel corporativo.', 'Y también han de ser flexibles, porque la gestión de riesgos tiene que adaptarse rápidamente a nuevos entornos y escenarios imprevistos.', 'El análisis de escenarios es una herramienta muy útil para la alta dirección ya que permite testar la resistencia del Banco ante entornos o escenarios estresados, así como poner en marcha conjuntos de medidas que disminuyan el perfil de riesgo del banco ante dichos escenarios.', 'El análisis de escenarios es una herramienta muy útil para la alta dirección ya que permite testar la resistencia del Banco ante entornos o escenarios estresados, así como poner en marcha conjuntos de medidas que disminuyan el perfil de riesgo del Banco ante dichos escenarios.', '• Direcciones de negocio: con el nuevo modelo, las tres líneas de negocio de Prosegur (Soluciones Integrales de Seguridad, Logística de Valores y Gestión de Efectivo, y Alarmas) se erigen como los principales ejes estructurales de la organización global. Dentro de cada una de las tres direcciones de negocio se han establecido las divisiones geográficas de Iberoamérica (LATAM) y Resto del Mundo (ROW). A su vez, la región de Asia-Pacífico mantiene cierta autonomía debido a las particularidades que presentan estos mercados.']","son las encargadas de la ejecución de los distintos controles establecidos, asumiendo la responsabilidad de informar de los resultados de los mismos tanto a sus interlocutores a nivel local (negocio, supervisión de riesgos, reguladores y supervisores, etc), como a sus interlocutores a nivel corporativo","son las encargadas de la ejecución de los distintos controles establecidos, asumiendo la responsabilidad de informar de los resultados de los mismos tanto a sus interlocutores a nivel local (negocio, supervisión de riesgos, reguladores y supervisores, etc), como a sus interlocutores a nivel corporativo",1.0,0.75,1.0
¿Cuál es la explicación de que una de las grandes ventajas de este sistema sea su transparencia?,"['Una de las grandes ventajas de este sistema es su transparencia, ya que estas ideas son visibles de forma inmediata para toda la plantilla de modo que pueden ser votadas o enriquecidas con opiniones o aportaciones complementarias.', 'Este sistema supone un importante avance en el impacto medioambiental ya que los sistemas de purificación propuestos eliminan impurezas, productos químicos e imperfecciones sin perjudicar la calidad del agua consumible por el cliente, reduciendo además espacio de almacenaje, costes económicos y tiempo por la gestión logística del producto.', '• Construir un Prosegur más ágil, rápido, consistente y homogéneo, gracias a la simplificación de procesos y estructuras que redunden en una mejor toma de decisiones', 'Este sistema, sus políticas y sus procedimientos están basados en el respeto a los Derechos Humanos y han sido desarrollados gracias al conocimiento y cercanía con toda la cadena de suministro.', 'La compañía ha ido ganando volumen merced a un modelo de negocio único en su sector, que le ha permitido aumentar su rentabilidad pese a los ciclos económicos adversos y ganarse la confianza del mercado.']",estas ideas son visibles de forma inmediata para toda la plantilla de modo que pueden ser votadas o enriquecidas con opiniones o aportaciones complementarias,estas ideas son visibles de forma inmediata para toda la plantilla de modo que pueden ser votadas o enriquecidas con opiniones o aportaciones complementarias,1.0,1.0,1.0
¿Qué implicaciones tiene que su compromiso se vea reflejado en cifras?,"['Nuestro compromiso se ve reflejado en cifras, por ello somos la tercera empresa del mundo en inversión educativa con una aportación anual de cerca de 130 millones de euros, según las estimaciones de la Fundación Varkey y la UNESCO.', 'Personas a las que quiero hacer llegar desde aquí mi más sincero agradecimiento, pues su contribución y compromiso han sido, y son, piedra angular para la consecución de nuestros objetivos y para nuestro futuro.', 'Applus+ cuenta con profesionales de gran talento, comprometidos y apasionados, que han contribuido al crecimiento y a la diversificación del negocio durante muchos años y por este motivo me gustaría expresarles mi agradecimiento por la gran labor que han realizado.', 'Atresmedia es consciente de la decisiva labor de las empresas para la consecución de estas importantes metas y, por ese motivo, apoya con sus políticas, iniciativas y capacidad de difusión, la consecución de aquellos ODS en los que la contribución de la Compañía puede ser mayor y de especial incidencia.', 'No quiero extenderme mucho en esto porque la consejera delegada lo explica con detalle en este mismo informe, pero sí quiero poner énfasis en la calidad de los resultados.']","somos la tercera empresa del mundo en inversión educativa con una aportación anual de cerca de 130 millones de euros, según las estimaciones de la Fundación Varkey y la UNESCO","somos la tercera empresa del mundo en inversión educativa con una aportación anual de cerca de 130 millones de euros, según las estimaciones de la Fundación Varkey y la UNESCO",1.0,0.8333333333333334,1.0
¿Qué resulta de mantener al cliente en el centro del negocio como prioridad para la Compañía?,"['1. Mantener al cliente en el centro del negocio resulta prioritario para la Compañía, por lo que los proyectos y las líneas de actuación acometidas por Grupo DIA tienen siempre una clara orientación hacia completar las necesidades y cambiantes hábitos de un cliente cada vez más exigente y especializado.', 'La fidelidad de los clientes del Grupo es uno de los principales activos de la Compañía, y es por ello que se realizan importantes esfuerzos por mantener a los clientes con más antigüedad a través de la medición de su satisfacción.', 'En Bankia, el cliente es el mayor activo y, por ello, ofrecerle un alto grado de profesionalidad y un servicio de calidad es objetivo fundamental.', 'Pensamos que nuestros empleados son uno de nuestros principales activos y por eso tenemos el firme compromiso de invertir en ellos y ayudarles a reforzar sus habilidades, capacidades y conocimientos, con el fin de que puedan ofrecer soluciones innovadoras a todos nuestros clientes y contribuir al crecimiento y la estrategia de negocio del Grupo.', 'Por último cabe señalar los menores niveles de deterioro del valor de los activos financieros con respecto a los del ejercicio previo, cuando se registraron dotaciones a saneamientos como consecuencia de las bajadas de rating de las compañías de oil & gas en Estados Unidos, sobre todo durante los tres primeros meses de ese año.rela Ción C on el Cliente 2017 P.69 Relación con el cliente experiencia de cliente El principal foco de atención de BBVA es satisfacer las necesidades de sus clientes y conectar con ellos de una manera más atractiva, combinando al mismo tiempo innovación, tecnología y experiencia.']",los proyectos y las líneas de actuación acometidas por Grupo DIA tienen siempre una clara orientación hacia completar las necesidades y cambiantes hábitos de un cliente cada vez más exigente y especializado,los proyectos y las líneas de actuación acometidas por Grupo DIA tienen siempre una clara orientación hacia completar las necesidades y cambiantes hábitos de un cliente cada vez más exigente y especializado,1.0,0.8571428571428571,1.0
¿Qué permite conseguir la mejora de la interfaz gráfica general?,"['También se ha mejorado la interfaz gráfica general, con lo que se consigue una mejor experiencia de usuario.', 'Gracias a estas y otras mejoras, las incidencias en todas las plataformas se han reducido en un 61% con respecto al año anterior.', '• Construir un Prosegur más ágil, rápido, consistente y homogéneo, gracias a la simplificación de procesos y estructuras que redunden en una mejor toma de decisiones', 'Ofrece a los usuarios una imagen tridimensional del objeto que se inspecciona, con lo que se ofrece una visión clara acerca del alcance y naturaleza de los posibles defectos.', 'Una de las grandes ventajas de este sistema es su transparencia, ya que estas ideas son visibles de forma inmediata para toda la plantilla de modo que pueden ser votadas o enriquecidas con opiniones o aportaciones complementarias.']",se consigue una mejor experiencia de usuario,una mejor experiencia de usuario,0.75,1.0,1.0
¿Cuál es el efecto de la aplicación de la NIC29?,"['La aplicación de la NIC29 tiene un impacto positivo en el ebitda de 10 millones de euros.', 'Gracias a estas y otras mejoras, las incidencias en todas las plataformas se han reducido en un 61% con respecto al año anterior.', 'Ofrece a los usuarios una imagen tridimensional del objeto que se inspecciona, con lo que se ofrece una visión clara acerca del alcance y naturaleza de los posibles defectos.', 'Dado que los nuevos requisitos de contabilidad de coberturas se acercarán más a las políticas de gestión de riesgo de la entidad, una evaluación preliminar de las actuales relaciones de cobertura del Grupo indica que éstas cumplirán con las condiciones para su continuidad como relaciones de cobertura con la aplicación de NIIF', 'El total del alcance 1 y 2, foco principal de las emisiones de la entidad y que representan el 64% de su huella total, han experimentado un descenso del 1% gracias a las diferentes medidas de eficiencia energética que se han ido implantando durante 2014, como el cambio de luminarias a LED, las mejoras en domótica y climatización y la renovación del parque de equipos informáticos más ecoeficientes, entre otras.']",tiene un impacto positivo en el ebitda de 10 millones de euros,un impacto positivo en el ebitda de 10 millones de euros,1.0,1.0,1.0
¿Qué efecto ha tenido el convenio trienal?,"['En virtud de este convenio trienal, Inditex y Entreculturas han desarrollado proyectos de capacitación profesional y de formación y atención a colectivos vulnerables en nueve países de América Latina y cuatro de África.', 'El impacto no fue duradero, ya que en los meses siguientes se redujo la volatilidad, la renta variable se recuperó y bajó la aversión al riesgo.', 'Esta tendencia se sustentó en una mejora de las variables macroeconómicas, pero se potenció innegablemente gracias al esfuerzo por retener el precio que inició Atresmedia desde hace un par de años, estrategia por la que parecen por fin haber optado el resto de operadores principales del mercado.', 'La apuesta por la Igualdad, diversidad y conciliación Atresmedia cuenta con un Plan de Igualdad firmado en 2014, centrado en los siguientes objetivos: Garantizar la igualdad de trato y oportunidades. Mejorar la conciliación laboral y familiar. Prevenir el acoso laboral. Proteger la maternidad Las medidas de fomento de la igualdad contempladas en el Plan se han visto acrecentadas en 2017 gracias a la firma del nuevo Convenio Colectivo.', 'En los tres últimos años, la Compañía ha logrado unos sólidos resultados financieros que han hecho que el BPA ajustado de 2016 alcance los 90,2 céntimos de euro. En consecuencia, los derechos asignados en 2014 bajo el plan de acciones por desempeño, se consolidarán en 2016 en su nivel máximo en lo que respecta al parámetro de BPA. El precio de la acción registró un fuerte crecimiento en los dos primeros años y medio de los tres que integran el período de desempeño, aunque sufrió una importante caída tras el resultado del referéndum sobre la UE celebrado en el Reino Unido.']",Inditex y Entreculturas han desarrollado proyectos de capacitación profesional y de formación y atención a colectivos vulnerables en nueve países de América Latina y cuatro de África,Inditex y Entreculturas han desarrollado proyectos de capacitación profesional y de formación y atención a colectivos vulnerables en nueve países de América Latina y cuatro de África,1.0,1.0,0.0
¿Por qué se dice que el impacto no fue duradero?,"['El impacto no fue duradero, ya que en los meses siguientes se redujo la volatilidad, la renta variable se recuperó y bajó la aversión al riesgo.', 'debido a que la substitución de la acometida al centro representaba una actividad de primera necesidad para poder seguir manteniendo tanto la emisión de señal de telefonía móvil como de televisión en la zona de tamariu y alrededores, y considerando la zona PEiN sobre la cual se ubicaba la planta, Cellnex llevó a cabo el estudio de impacto a partir de la evaluación de las alternativas posibles y los impactos potenciales que estos pudieran ocasionar, en base a criterios de impacto paisajístico.', 'El impacto de esta reforma global sobre la actividad económica es objeto de interés creciente, ya que representa un posible freno para el crecimiento económico.', 'Llevamos años siendo cada vez más y más eficientes, por eso también cada vez es más difícil mejorar.', 'El beneficio de la región refleja el discreto resultado de México debido al elevado ratio combinado de autos y al impacto de los eventos catastróficos en el negocio de GLOBAL RISKS.']","en los meses siguientes se redujo la volatilidad, la renta variable se recuperó y bajó la aversión al riesgo","en los meses siguientes se redujo la volatilidad, la renta variable se recuperó y bajó la aversión al riesgo",1.0,0.75,0.75
¿A qué debemos la inspección de oleoductos pertenecientes a la red de infraestructura energética de EE.UU.?,"['Inspección de oleoductos pertenecientes a la red de infraestructura energética de EE.UU. gracias a la Tecnología Ultrasónica Avanzada Rotoscan de Applus+ RTD. Completando 885 kilómetros de tuberías en el marco de diversos proyectos con la tecnología Rayscan en EE.UU.', 'Además, se ha procedido a revisar el estado actual de las instalaciones obteniendo como resultado unas propuestas de mejora de ahorro y eficiencia energética.', 'Por último cabe señalar los menores niveles de deterioro del valor de los activos financieros con respecto a los del ejercicio previo, cuando se registraron dotaciones a saneamientos como consecuencia de las bajadas de rating de las compañías de oil & gas en Estados Unidos, sobre todo durante los tres primeros meses de ese año.rela Ción C on el Cliente 2017 P.69 Relación con el cliente experiencia de cliente El principal foco de atención de BBVA es satisfacer las necesidades de sus clientes y conectar con ellos de una manera más atractiva, combinando al mismo tiempo innovación, tecnología y experiencia.', 'La producción hidráulica en Costa Rica se ha visto favorecida por un mayor despacho por parte de ICE (Instituto Costarricense de Energía) debido a la mayor pluviosidad respecto al año anterior y la entrada en operación comercial de Torito.', 'En la web de Iberdrola se da acceso público a la información completa, acompañada de videos divulgativos. La electrificación de la economía es el camino para lograr su descarbonización. El sector eléctrico es el que mejor puede incorporar renovables, por ello es el que más esfuerzo ha realizado tanto en el desarrollo de las mismas, como por cumplir los objetivos de reducción de emisiones. El coste de penetración de renovables y de emisiones ha de ser soportado entre la electricidad, el gas, gasolinas y gasóleos, bajo el principio de ""quien contamina paga"".']",a la Tecnología Ultrasónica Avanzada Rotoscan de Applus+ RTD,a la Tecnología Ultrasónica Avanzada Rotoscan de Applus+ RTD,1.0,1.0,1.0
¿Qué han generado las tecnologías digitales?,"['La transformación digital está impactada por los cambios en los hábitos de los consumidores, y por ello se ha iniciado un nuevo modelo de relación con los clientes, buscando nuevas formas de acercarse, allí donde ellos estén, para ser más convenientes. El objetivo ha sido mejorar la propuesta de valor y servicio del Grupo, asegurando la metodología y sistemática comercial, adaptándose a los diferentes segmentos y llevando la relación con el cliente donde más lo necesita en cada momento.', 'En este sentido, en la actualidad, el Internet de las cosas nos permite ofrecer a las ciudades soluciones digitales y eficientes que convergen en una plataforma integral y abierta, gracias a las cuales se pueden reducir costes, aumentar ingresos, mejorar la administración de recursos urbanos y la calidad de vida de sus habitantes.', 'Capacitación financiera gracias a las tecnologías digitales', 'La revolución digital, y sus implicaciones en términos de cambio de los procesos productivos, está llegando cada vez a un mayor número de sectores. Por ello, Dominion ofrece hoy soluciones y servicios a empresas en un amplio abanico de sectores y es previsible que este número se incremente en el futuro próximo.', 'Los clientes digitales aumentaron en el año 2017 un 10%, hasta los 4,4 millones de clientes, como resultado de nuestro firme compromiso con la transformación digital.']",Dominion ofrece hoy soluciones y servicios a empresas en un amplio abanico de sectores y es previsible que este número se incremente en el futuro próximo,Capacitación financiera,0.0,0.75,1.0
¿A qué se achaca que se hayan donado en torno a 200.000 euros a causas sociales?,"['Cerca de 200.000 euros donados a causas sociales gracias a los programas de entretenimiento de Atresmedia Televisión Atresmedia ha donado en 2014 un total de 171.809 euros a organizaciones de carácter social, entre ellas Fundación Pequeño Deseo, Fundación Aladina o Fundación Balia, a través de la emisión de programas especiales solidarios como Atrapa un millón, Boom!, A bailar o Tu cara me suena.', 'En su firme compromiso por sensibilizar a la sociedad para paliar las situaciones que afectan a los más desfavorecidos, ‘12 Meses’ ha culminado en 2015 su campaña ‘Balón solidario’ de ‘Los Manolos’ -Manu Carreño y Manolo Lamapuesta en marcha el año anterior en colaboración con el Banco de Alimentos y la Fundación Solidaridad Carrefour, con un rotundo éxito: más de 230.000 meriendas distribuidas entre niños en riesgo de exclusión social obtenidas a raíz de la venta de miles de ejemplares del balón solidario en 173 centros Carrefour de toda España.', 'Nuestro compromiso se ve reflejado en cifras, por ello somos la tercera empresa del mundo en inversión educativa con una aportación anual de cerca de 130 millones de euros, según las estimaciones de la Fundación Varkey y la UNESCO.', 'Gracias a esta intervención, se ha atendido a cerca de 70.000 personas en consultas externas y de salud mental.', 'Estas ventas han supuesto un ingreso de 2.412 millones de euros en el ejercicio 2016, un 16,4% inferior al del ejercicio 2015 como consecuencia de la caída en las unidades físicas vendidas y del menor precio medio de venta.']",a los programas de entretenimiento de Atresmedia Televisión,a los programas de entretenimiento de Atresmedia Televisión,1.0,0.0,1.0
¿Qué consecuencias ha tenido la reducción de las emisiones de CO2 y su monitorización?,"['Gracias a estas reformas y a la plataforma EcoTool, se ha conseguido evitar la emisión a la atmósfera de un total de 9.816 toneladas de CO2.', 'El total del alcance 1 y 2, foco principal de las emisiones de la entidad al representar el 63,4% de su huella total, han experimentado un descenso del 5% gracias a las diferentes medidas de eficiencia energética que se han ido implantando durante los últimos años, como el cambio de luminarias a sistema LED, las mejoras en domótica y climatización, y la renovación de equipamientos por otros más ecoeficientes, entre otras.', 'El total del alcance 1 y 2, foco principal de las emisiones de la entidad y que representan el 64% de su huella total, han experimentado un descenso del 1% gracias a las diferentes medidas de eficiencia energética que se han ido implantando durante 2014, como el cambio de luminarias a LED, las mejoras en domótica y climatización y la renovación del parque de equipos informáticos más ecoeficientes, entre otras.', 'Asimismo, tras la COP21 la preocupación de los Estados por la lucha contra el cambio climático creció considerablemente, por lo que se espera que se intensifique la presión regulatoria sobre el sector energético, entre otros.', 'En 2015, a pesar de avanzar en la certificación de nuevos sistemas de gestión ambiental conforme a ISO 14001 y a los requisitos internos, se ha registrado una disminución del porcentaje de ebitda certificado, como consecuencia de la incorporación de nuevas actividades en Chile donde se está trabajando en adaptarlas a los referenciales internacionales y a los requerimientos internos en materia de gestión ambiental. En materia de cambio climático este año se ha mantenido el avance de los diferentes proyectos encaminados a la determinación de nuestra huella de carbono e identificación de los riesgos y oportunidades derivados del cambio climático.']",se ha conseguido evitar la emisión a la atmósfera de un total de 9.816 toneladas de CO2,"El programa de reconocido prestigio Carbon Disclosure Program 2014 (CDP), en el que Acerinox participa voluntariamente, ha otorgado a Acerinox la puntuación más alta posible",0.25,0.6666666666666666,1.0
"¿A qué se debe la reducción de la tasa de morosidad desde un 1,35% en 2016 a un 1,13% finalizando 2017?","['La tasa de morosidad se ha reducido desde el 1,35% en 2016 al 1,13% a diciembre de 2017, gracias a un entorno macroeconómico más favorable y la aplicación de políticas prudentes.', 'Así, Bankia cerró el ejercicio 2018 con un elevado descenso de los riesgos dudosos del 31% (3.702 millones de euros) lo que permitió reducir la tasa de morosidad al 6,5%.', 'El beneficio antes de impuestos en 2015 fue de 31 millones de euros, gracias a la muy escasa morosidad (un 1%, diez veces menos que el promedio del sector), un balance equilibrado y un nivel de gastos de estructura muy bajo.', 'La morosidad y el coste de crédito permanecen en niveles estables gracias a la mejora de desempeño de las carteras de auto en SC USA, tras la implantación de la nueva política de riesgos que tuvo lugar en el primer trimestre, enfocada a mejorar el perfil de las nuevas operaciones, y tras los ajustes realizados en el sector de Oil&Gas, en línea con la industria, en Santander Bank.', 'Por otro lado, los gastos financieros se han reducido significativamente como resultado de fructíferas negociaciones con los bancos que permitieron minorar el tipo de interés medio satisfecho por la Compañía, el cual se situó en 3,2% frente al 3,5% del año 2016, así como incrementar los plazos de vencimiento de los instrumentos de deuda con los que actualmente se financia.']",a un entorno macroeconómico más favorable y la aplicación de políticas prudentes,a un entorno macroeconómico más favorable y la aplicación de políticas prudentes,1.0,1.0,1.0
¿A qué se debió que la inflación descendiera a tasas mínimas históricas?,"['La inflación descendió a tasas mínimas históricas, del 2,1% en diciembre, gracias a la reducción de los precios en telecomunicaciones y energía tras la implementación de reformas estructurales.', 'En diciembre de 2015, la inflación interanual se situó próxima a cero (0,2%), debido a los bajos precios de la energía y de los alimentos, mientras que la inflación, excluidos la energía y los alimentos, repuntó hasta el 1,4%.', 'La tasa del mes de diciembre fue inferior a la esperada, debido a la baja de los precios del petróleo, alimentos y servicios (principalmente la caída de los precios de los alimentos con una baja del 4%).', 'El impacto no fue duradero, ya que en los meses siguientes se redujo la volatilidad, la renta variable se recuperó y bajó la aversión al riesgo.', 'La tasa de morosidad se ha reducido desde el 1,35% en 2016 al 1,13% a diciembre de 2017, gracias a un entorno macroeconómico más favorable y la aplicación de políticas prudentes.']",a la reducción de los precios en telecomunicaciones y energía tras la implementación de reformas estructurales,a la reducción de los precios en telecomunicaciones y energía tras la implementación de reformas estructurales,1.0,1.0,1.0
"¿Por qué razón la temporada estival registró un fuerte incremento en la demanda turística, tanto doméstica, como extranjera (excepto por la caída del mercado ruso), acusando una confluencia de factores endógenos, como la recuperación de la economía y el empleo en España, y exógenos, como la bajada del precio del petróleo, la evolución de los tipos de interés con el dólar y la libra, y lamentablemente, la inestabilidad de algunos destinos competidores de sol y playa en el Mediterráneo y norte de África?","['Dado que la mayor parte de la producción generada por la división mediterránea tiene lugar en el tercer trimestre del año, coincidiendo con la temporada alta de los hoteles vacacionales en España, cabe comentar que la temporada estival registró un fuerte incremento en la demanda turística, tanto doméstica, como extranjera (excepto por la caída del mercado ruso), acusando una confluencia de factores endógenos, como la recuperación de la economía y el empleo en España, y exógenos, como la bajada del precio del petróleo, la evolución de los tipos de interés con el dólar y la libra, y lamentablemente, la inestabilidad de algunos destinos competidores de sol y playa en el Mediterráneo y norte de África.', 'Es cierto que se ha registrado una desaceleración de la actividad en la segunda parte de 2015 respecto a lo observado en el primer semestre debido a la ralentización de la demanda mundial, el agotamiento de algunos factores cíclicos y el aumento de la incertidumbre, en parte ligada al ciclo electoral español, pero las previsiones indican que se alcanzará un incremento del PIB de alrededor de un 2,7% para 2016.', 'Europa ha tenido una primera mitad del año con fuerte incremento del consumo aparente, debido al incremento en la utilización por parte de los clientes finales pero también debido a la recuperación de stocks en la cadena de suministro.', 'En un entorno de crecimiento económico tanto a nivel nacional como global – el PIB de España repuntó un 3,1% en 2017 en tasa interanual y el de la economía mundial un 3,7%- hemos sabido avanzar de forma firme pero no podemos olvidar que las incertidumbres del entorno pueden afectar a cualquier compañía de dimensión internacional y por ello, es importante contar con una relativa diversificación de la actividad.', 'otros movimientos que se han producido a lo largo del año han sido la reducción de las rentabilidades de la curvas de los países periféricos de la eurozona, con la excepción de Grecia, cuyas rentabilidades han aumentado sustancialmente en la última parte del año debido a la inestabilidad política.']","la mayor parte de la producción generada por la división mediterránea tiene lugar en el tercer trimestre del año, coincidiendo con la temporada alta de los hoteles vacacionales en España","la mayor parte de la producción generada por la división mediterránea tiene lugar en el tercer trimestre del año, coincidiendo con la temporada alta de los hoteles vacacionales en España",0.5,1.0,1.0
¿Cuál está siendo el resultado del proyecto?,"['Además, se ha procedido a revisar el estado actual de las instalaciones obteniendo como resultado unas propuestas de mejora de ahorro y eficiencia energética.', 'Gracias a la colaboración con Inditex, entre octubre de 2016 -fecha de incorporación del equipo técnico al proyecto- y enero de 2017 se ha trabajado con 460 personas, de las que 388 han recibido orientación laboral y una asignación de recursos ajustados a su perfil profesional.', 'Gracias a la colaboración con Inditex, en 2017 se han consolidado 32 proyectos de economía social, 1.139 personas han mejorado su empleabilidad, 849 de ellas han recibido formación y 460 además han encontrado un empleo.', 'Esta operación es positiva para los accionistas, ya que se estima que mejora el beneficio por acción (BPA) desde 2016.', 'Gran parte de las líneas están en proceso de ejecución, dado que muchos de los objetivos propuestos se han trazado a 2015.']",se ha procedido a revisar el estado actual de las instalaciones obteniendo como resultado unas propuestas de mejora de ahorro y eficiencia energética,"se están obteniendo beneficios, tales como la optimización y estandarización de procesos, digitalización completa de la información, trazabilidad de la misma y la reducción del time to market",0.25,0.5,1.0
¿Cuáles son las consecuencias de operar en una industria global y altamente competitiva?,"['Operamos en una industria global y altamente competitiva por lo que no sólo debemos adaptarnos de forma continuada a los requisitos de nuestros clientes sino que consideramos el desarrollo conjunto una oportunidad de ventaja competitiva.', 'Operamos en una industria global y altamente competitiva por lo que no sólo debemos adaptarnos de forma continuada a los requisitos de nuestros clientes sino que consideramos el I+D una oportunidad de ventaja competitiva.', 'En un entorno de crecimiento económico tanto a nivel nacional como global – el PIB de España repuntó un 3,1% en 2017 en tasa interanual y el de la economía mundial un 3,7%- hemos sabido avanzar de forma firme pero no podemos olvidar que las incertidumbres del entorno pueden afectar a cualquier compañía de dimensión internacional y por ello, es importante contar con una relativa diversificación de la actividad.', 'El impacto de esta reforma global sobre la actividad económica es objeto de interés creciente, ya que representa un posible freno para el crecimiento económico.', 'El entorno para la actividad bancaria está siendo desafiante, ya que a la evolución anterior se unen unos tipos de interés extraordinariamente bajos en los países desarrollados, crecimientos de volúmenes reducidos, fuerte presión competitiva por parte tanto de entidades bancarias como no bancarias, y un entorno regulatorio exigente.']",no sólo debemos adaptarnos de forma continuada a los requisitos de nuestros clientes sino que consideramos el desarrollo conjunto una oportunidad de ventaja competitiva,no sólo debemos adaptarnos de forma continuada a los requisitos de nuestros clientes sino que consideramos el I+D una oportunidad de ventaja competitiva,0.5,1.0,1.0
¿Por qué saben que la responsabilidad asumida en este ámbito condiciona el éxito futuro?,"['Vivimos una parte cada vez más importante de nuestra vida a través de la conectividad y los servicios digitales, por eso, sabemos que la responsabilidad que asumimos en este ámbito condiciona el éxito a futuro. Así lo ven también nuestros grupos de interés, en particular inversores y analistas, que consideran que la seguridad y la privacidad es una de las temáticas más importantes en nuestro compromiso hacia el cliente (ver capítulo Materialidad).', 'Gracias a nuestra visión estratégica y a un importante rigor en la gestión, acompañada por unos sólidos valores, aquilatados por el fuerte componente familiar, hemos superado con éxito una compleja etapa en la que hemos logrado alcanzar la mayor parte de los objetivos propuestos, afrontando el futuro con solvencia y optimismo.', 'Creemos firmemente que estamos bien preparados para afrontar este reto y marcar la diferencia. Entre otros motivos, porque gestionamos el ciclo de vida completo de los medicamentos, desde la formulación hasta la adherencia, lo que nos sitúa en una posición excelente para diseñar medicamentos que funcionan, ayudan y se adaptan a las necesidades de los pacientes.', 'Durante muchas generaciones hemos aplicado nuestro conocimiento y experiencia para innovar y reinventar la manera de hacer banca, manteniendo las fortalezas que nos han acompañado siempre. Estoy convencida de que lograremos el éxito porque:  nuestro crecimiento, rentabilidad y fortaleza de balance demuestran que nuestra estrategia está funcionando;  nuestro tamaño, diversificación y predictibilidad nos aportan una base sólida para innovar;  nuestra cultura —nuestro foco constante en ser un banco responsable— reforzará la confianza de las personas en nuestra marca.', 'Y también han de ser flexibles, porque la gestión de riesgos tiene que adaptarse rápidamente a nuevos entornos y escenarios imprevistos.']",Vivimos una parte cada vez más importante de nuestra vida a través de la conectividad y los servicios digitales,Vivimos una parte cada vez más importante de nuestra vida a través de la conectividad y los servicios digitales,1.0,1.0,1.0
¿Por qué razón el dato no incluye CDS por aproximadamente 2.293 millones de euros de nominal que cubren préstamos?,"['Este dato no incluye CDS por aproximadamente 2.293 millones de euros de nominal que cubren préstamos, dado que contablemente se catalogan como garantías financieras en lugar de como derivados de crédito al no tener impacto su variación de valor sobre resultados ni sobre reservas para evitar asimetrías contables. 18.', 'Los préstamos a las empresas crecieron un 8%, por lo que el total de préstamos asciende a 23.900 millones de libras.', 'La deuda neta de las actividades de financiación regulares aumentó en 187 millones de euros, ya que los nuevos préstamos superaron ligeramente los repagos en concepto de arrendamientos y amortizaciones de deuda del ejercicio actual. El nivel de los nuevos préstamos y arrendamientos financieros de 2016 estuvo en consonancia con el calendario de entregas de flota del Grupo.', 'En ellos se incluye la ampliación de capital con derecho de suscripción preferente por 1.607 millones de euros llevada a cabo en el mes de abril de 2015, como consecuencia de la adquisición de TSB (T16).', 'La inversión crediticia neta se ha situado en 8.836 millones de euros, un decremento del 26,9% debido a la venta SUB, aunque aislando este impacto la inversión crece un 9,2% por el negocio de México.']","contablemente se catalogan como garantías financieras en lugar de como derivados de crédito al no tener impacto su variación de valor sobre resultados ni sobre reservas para evitar asimetrías contables. 18.</doc><doc>
Los préstamos a las empresas crecieron un 8%, por lo que el total de préstamos asciende a 23.900 millones de libras</doc><doc>
La deuda neta de las actividades de financiación regulares aumentó en 187 millones de euros, ya que los nuevos préstamos superaron ligeramente los repagos en concepto de arrendamientos y amortizaciones de deuda del ejercicio actual. El nivel de los nuevos préstamos y arrendamientos financieros de 2016 estuvo en consonancia con el calendario de entregas de flota del Grupo</doc><doc>
En ellos se incluye la ampliación de capital con derecho de suscripción preferente por 1.607 millones de euros llevada a cabo en el mes de abril de 2015, como consecuencia de la adquisición de TSB (T16)</doc><doc>
La inversión crediticia neta se ha situado en 8.836 millones de euros, un decremento del 26,9% debido a la venta SUB, aunque aislando este impacto la inversión crece un 9,2% por el negocio de México</doc>",contablemente se catalogan como garantías financieras en lugar de como derivados de crédito al no tener impacto su variación de valor sobre resultados ni sobre reservas para evitar asimetrías contables,0.75,1.0,1.0
¿Cuál es la razón de que British Airways sea vulnerable a la interrupción de las operaciones a corto plazo?,"['Aeropuertos IAG depende y puede verse afectado por las decisiones relativas a infraestructuras o los cambios en las políticas de los gobiernos, los reguladores u otros organismos que se encuentran fuera de la esfera de control del Grupo. El aeropuerto de Londres Heathrow carece de capacidad libre de pista y opera en las dos mismas pistas principales desde su apertura, hace más de 60 años. Por esta razón, British Airways es vulnerable a la interrupción de las operaciones a corto plazo. En octubre, el gobierno británico confirmó una propuesta de ampliación mediante una tercera pista en Heathrow. Esta propuesta está sujeta a la aprobación del Parlamento británico.', 'Latinoamérica, Europa y Japón. La única excepción es el Reino Unido, donde se prevé un crecimiento más bajo a corto plazo debido a la incertidumbre en torno al Brexit, aunque hasta ahora este hecho apenas ha afectado a nuestro negocio.', 'Como consecuencia de este hecho, es previsible que a lo largo de los próximos trimestres se limite aún más el nivel de activos comprometidos en operaciones de financiación a largo plazo.', 'El Grupo podría hacer frente a pérdidas financieras, la suspensión de las operaciones o el menoscabo de la reputación de sus marcas, con motivo de un ataque a los sistemas del Grupo por delincuentes, terroristas o gobiernos extranjeros.', 'Nuestro objetivo es ser la aerolínea líder en precio y servicio a través del Atlántico Norte gracias a una red de corto radio rentable y sostenible. Nuestra estrategia tiene como pilares fundamentales una marca y un servicio sólidos y enfocados en el cliente, una red con atractivas conexiones y una base de costes competitiva y resiliente. Creemos que Aer Lingus está bien posicionada para seguir creciendo exitosamente aprovechando las ventajas de formar parte del Grupo IAG y para alcanzar nuestros objetivos.']","El aeropuerto de Londres Heathrow carece de capacidad libre de pista y opera en las dos mismas pistas principales desde su apertura, hace más de 60 años","El aeropuerto de Londres Heathrow carece de capacidad libre de pista y opera en las dos mismas pistas principales desde su apertura, hace más de 60 años",1.0,1.0,1.0
¿La firma del nuevo Convenio Colectivo qué ha provocado?,"['La apuesta por la Igualdad, diversidad y conciliación Atresmedia cuenta con un Plan de Igualdad firmado en 2014, centrado en los siguientes objetivos: Garantizar la igualdad de trato y oportunidades. Mejorar la conciliación laboral y familiar. Prevenir el acoso laboral. Proteger la maternidad Las medidas de fomento de la igualdad contempladas en el Plan se han visto acrecentadas en 2017 gracias a la firma del nuevo Convenio Colectivo.', 'Esta nueva revolución está creando también nuevos desafíos sociales y de sostenibilidad, por lo que debemos estar preparados para hacerles frente.', 'Asimismo, tras la COP21 la preocupación de los Estados por la lucha contra el cambio climático creció considerablemente, por lo que se espera que se intensifique la presión regulatoria sobre el sector energético, entre otros.', 'El Grupo tiene una obligación presente (ya sea legal o implícita) como resultado de un suceso pasado.', 'El impacto de esta reforma global sobre la actividad económica es objeto de interés creciente, ya que representa un posible freno para el crecimiento económico.']",Las medidas de fomento de la igualdad contempladas en el Plan se han visto acrecentadas en 2017,Las medidas de fomento de la igualdad contempladas en el Plan se han visto acrecentadas en 2017,0.75,1.0,1.0
¿Qué consecuencia han tenido los cambios en los hábitos de los consumidores en la transformación digital?,"['La transformación digital está impactada por los cambios en los hábitos de los consumidores, y por ello se ha iniciado un nuevo modelo de relación con los clientes, buscando nuevas formas de acercarse, allí donde ellos estén, para ser más convenientes. El objetivo ha sido mejorar la propuesta de valor y servicio del Grupo, asegurando la metodología y sistemática comercial, adaptándose a los diferentes segmentos y llevando la relación con el cliente donde más lo necesita en cada momento.', 'Los clientes digitales aumentaron en el año 2017 un 10%, hasta los 4,4 millones de clientes, como resultado de nuestro firme compromiso con la transformación digital.', 'Los cambios también han afectado a la distribución que debe adaptarse a los nuevos gustos. Aparecen nuevas opciones frente a la distribución tradicional como la compra por internet (super on line) donde el crecimiento es muy relevante y las posiciones de los principales actores en muchas ocasiones es distinta a la que tiene la distribución tradicional. Como resultado, hemos asistido a operaciones de fusión/concentración en algunos mercados relevantes.', 'Santander quiere proporcionar a sus clientes una experiencia de servicio excelente y, por ello, durante este año ha puesto en marcha nuevas iniciativas que pretenden mejorar los procesos desde la visión del cliente incorporando los beneficios que supone la transformación digital.', 'La revolución digital, y sus implicaciones en términos de cambio de los procesos productivos, está llegando cada vez a un mayor número de sectores. Por ello, Dominion ofrece hoy soluciones y servicios a empresas en un amplio abanico de sectores y es previsible que este número se incremente en el futuro próximo.']","se ha iniciado un nuevo modelo de relación con los clientes, buscando nuevas formas de acercarse, allí donde ellos estén, para ser más convenientes. El objetivo ha sido mejorar la propuesta de valor y servicio del Grupo, asegurando la metodología y sistemática comercial, adaptándose a los diferentes segmentos y llevando la relación con el cliente donde más lo necesita en cada momento","se ha iniciado un nuevo modelo de relación con los clientes, buscando nuevas formas de acercarse, allí donde ellos estén, para ser más convenientes",0.75,1.0,1.0
¿Qué ha llevado a Dominion a ofrecer hoy soluciones y servicios a empresas en un amplio abanico de sectores? ,"['La revolución digital, y sus implicaciones en términos de cambio de los procesos productivos, está llegando cada vez a un mayor número de sectores. Por ello, Dominion ofrece hoy soluciones y servicios a empresas en un amplio abanico de sectores y es previsible que este número se incremente en el futuro próximo.', 'Manteniendo su experiencia tecnológica y la inteligencia de los procesos a nivel central, Dominion aplica su know how en diversos campos de actividad y zonas geográficas con una filosofía plug and play para promover el cross-selling y la capacidad de adaptación gracias a la reducción de su dependencia de cualquier cliente o negocio individual.', 'La compañía ha ido ganando volumen merced a un modelo de negocio único en su sector, que le ha permitido aumentar su rentabilidad pese a los ciclos económicos adversos y ganarse la confianza del mercado.', 'Desde el pasado año, Grupo DIA viene desarrollando un ambicioso proyecto que supone la reingeniería y digitalización de los principales procesos del área comercial de la Compañía. Como resultado del proyecto, se están obteniendo beneficios, tales como la optimización y estandarización de procesos, digitalización completa de la información, trazabilidad de la misma y la reducción del time to market. La solución elegida para la digitalización de los procesos es la herramienta AuraPortal, uno de los software BPM (Business Process Management) líderes en el sector, que permite modelar, implementar y ejecutar procesos de forma automática.', 'Con el objetivo de establecer y avanzar aún más en la creación de vínculos con sus consumidores, Grupo DIA mantiene desde hace 18 años una herramienta de fidelización que le permite conocer las necesidades, gustos y preferencias de sus clientes y, en consecuencia, organizar ofertas personalizadas y adaptadas a sus perfiles. El Club DIA es una herramienta al servicio del concepto de proximidad de la compañía y de la que se benefician más de 37 millones de clientes en todos los países en los que opera.']",está llegando cada vez a un mayor número de sectores,"La revolución digital, y sus implicaciones en términos de cambio de los procesos productivos, está llegando cada vez a un mayor número de sectores",0.25,1.0,1.0
¿Qué han supuesto las soluciones habitacionales a los clientes en riesgo de exclusión social?,"['Como consecuencia de ofrecer soluciones habitacionales a los clientes en riesgo de exclusión social afectados por procesos judiciales hipotecarios o daciones en pago, el Banco tiene un parque de casi 7.500 viviendas en régimen de alquiler social, incluyendo en esta cifra las aportadas al Fondo Social de la Vivienda y más de 850 viviendas en régimen de alquiler asequible.', 'Afortunadamente, no hubo que lamentar daños personales, ya que los clientes fueron evacuados de las zonas afectadas de una manera rápida, eficaz y segura.', 'Gracias a esta intervención, se ha atendido a cerca de 70.000 personas en consultas externas y de salud mental.', 'Gracias a la colaboración con Inditex, en 2017 se han consolidado 32 proyectos de economía social, 1.139 personas han mejorado su empleabilidad, 849 de ellas han recibido formación y 460 además han encontrado un empleo.', 'Los resultados obtenidos constatan una sólida consolidación del negocio doméstico con una mejora significativa del margen de clientes. Esto ha sido posible gracias a una gestión proactiva de precios (tanto en intereses como en comisiones) junto con una mejora en las cuotas de mercado, siempre manteniendo una elevada calidad de servicio. El Banco ha sido capaz de fortalecer su margen de intereses y es la entidad con mejor comportamiento en el margen de clientes en España. Todo ello junto con una sólida posición de solvencia y liquidez.']","el Banco tiene un parque de casi 7.500 viviendas en régimen de alquiler social, incluyendo en esta cifra las aportadas al Fondo Social de la Vivienda y más de 850 viviendas en régimen de alquiler asequible","el Banco tiene un parque de casi 7.500 viviendas en régimen de alquiler social, incluyendo en esta cifra las aportadas al Fondo Social de la Vivienda y más de 850 viviendas en régimen de alquiler asequible",1.0,1.0,1.0
¿Qué se consigue con el modelo integrado de tiendas y online?,"['Gracias al modelo integrado de tiendas y online, nuestros clientes se relacionan con nuestras marcas en el momento, el lugar y el modo que sea más conveniente según sus necesidades.', 'Nuestra oferta integrada se compone de un amplio rango de productos y servicios que se anticipan y adaptan a las necesidades de nuestros clientes, gracias a propuestas personalizadas tanto para los individuos como para las empresas.', 'La transformación digital está impactada por los cambios en los hábitos de los consumidores, y por ello se ha iniciado un nuevo modelo de relación con los clientes, buscando nuevas formas de acercarse, allí donde ellos estén, para ser más convenientes. El objetivo ha sido mejorar la propuesta de valor y servicio del Grupo, asegurando la metodología y sistemática comercial, adaptándose a los diferentes segmentos y llevando la relación con el cliente donde más lo necesita en cada momento.', 'Los cambios también han afectado a la distribución que debe adaptarse a los nuevos gustos. Aparecen nuevas opciones frente a la distribución tradicional como la compra por internet (super on line) donde el crecimiento es muy relevante y las posiciones de los principales actores en muchas ocasiones es distinta a la que tiene la distribución tradicional. Como resultado, hemos asistido a operaciones de fusión/concentración en algunos mercados relevantes.', 'Así, en 2017, gracias a las nuevas aperturas y reformas, alcanzamos ya un total de 5.068 tiendas ecoeficientes, lo que supone alrededor del 80% de nuestras propias tiendas.']","nuestros clientes se relacionan con nuestras marcas en el momento, el lugar y el modo que sea más conveniente según sus necesidades","nuestros clientes se relacionan con nuestras marcas en el momento, el lugar y el modo que sea más conveniente según sus necesidades",1.0,1.0,1.0
¿Qué ha generado la venta SUB?,"['La inversión crediticia neta se ha situado en 8.836 millones de euros, un decremento del 26,9% debido a la venta SUB, aunque aislando este impacto la inversión crece un 9,2% por el negocio de México.', 'Estas ventas han supuesto un ingreso de 2.412 millones de euros en el ejercicio 2016, un 16,4% inferior al del ejercicio 2015 como consecuencia de la caída en las unidades físicas vendidas y del menor precio medio de venta.', 'La compañía ha ido ganando volumen merced a un modelo de negocio único en su sector, que le ha permitido aumentar su rentabilidad pese a los ciclos económicos adversos y ganarse la confianza del mercado.', 'LAS VENTAS crecieron debido a la incorporación de Oliveri (en 2013 sólo un mes) y Garofalo (desde el mes de junio). El impacto de los nuevos negocios es de 103 millones de euros. Ambas compañías son parte importante en la estrategia del Grupo y tienen un desarrollo específico para ampliar su distribución en mercados que entendemos complementarios.', 'Los cambios también han afectado a la distribución que debe adaptarse a los nuevos gustos. Aparecen nuevas opciones frente a la distribución tradicional como la compra por internet (super on line) donde el crecimiento es muy relevante y las posiciones de los principales actores en muchas ocasiones es distinta a la que tiene la distribución tradicional. Como resultado, hemos asistido a operaciones de fusión/concentración en algunos mercados relevantes.']","La inversión crediticia neta se ha situado en 8.836 millones de euros, un decremento del 26,9%","La inversión crediticia neta se ha situado en 8.836 millones de euros, un decremento del 26,9%",1.0,1.0,1.0
¿Qué consecuencia tiene el procedimiento de seguimiento y actualización de la normativa establecido por el Grupo DIA?,"['Para llevar a cabo esta función, el Grupo DIA ha establecido un procedimiento de seguimiento y actualización de la normativa, en virtud del cual están definidos los recursos, responsabilidades y herramientas internas y externas necesarias para desempeñar esta función y lograr el doble objetivo de disponer de un mapa regulatorio actualizado y de una organización informada sobre sus obligaciones legales.', 'Con motivo de la entrada en vigor de la nueva normativa en materia de abuso de mercado para las sociedades cotizadas, Grupo DIA ha actualizado en 2016 su Reglamento Interno de Conducta con el que se establecen las reglas para la gestión y control del uso de la información privilegiada, operaciones de autocartera y la comunicación transparente de la información relevante.', 'Desde el pasado año, Grupo DIA viene desarrollando un ambicioso proyecto que supone la reingeniería y digitalización de los principales procesos del área comercial de la Compañía. Como resultado del proyecto, se están obteniendo beneficios, tales como la optimización y estandarización de procesos, digitalización completa de la información, trazabilidad de la misma y la reducción del time to market. La solución elegida para la digitalización de los procesos es la herramienta AuraPortal, uno de los software BPM (Business Process Management) líderes en el sector, que permite modelar, implementar y ejecutar procesos de forma automática.', 'Con el objetivo de establecer y avanzar aún más en la creación de vínculos con sus consumidores, Grupo DIA mantiene desde hace 18 años una herramienta de fidelización que le permite conocer las necesidades, gustos y preferencias de sus clientes y, en consecuencia, organizar ofertas personalizadas y adaptadas a sus perfiles. El Club DIA es una herramienta al servicio del concepto de proximidad de la compañía y de la que se benefician más de 37 millones de clientes en todos los países en los que opera.', '1. Mantener al cliente en el centro del negocio resulta prioritario para la Compañía, por lo que los proyectos y las líneas de actuación acometidas por Grupo DIA tienen siempre una clara orientación hacia completar las necesidades y cambiantes hábitos de un cliente cada vez más exigente y especializado.']","están definidos los recursos, responsabilidades y herramientas internas y externas necesarias para desempeñar esta función y lograr el doble objetivo de disponer de un mapa regulatorio actualizado y de una organización informada sobre sus obligaciones legales","están definidos los recursos, responsabilidades y herramientas internas y externas necesarias para desempeñar esta función y lograr el doble objetivo de disponer de un mapa regulatorio actualizado y de una organización informada sobre sus obligaciones legales",1.0,1.0,1.0
¿Por qué se quiere agradecer sinceramente a ciertas personas?,"['Personas a las que quiero hacer llegar desde aquí mi más sincero agradecimiento, pues su contribución y compromiso han sido, y son, piedra angular para la consecución de nuestros objetivos y para nuestro futuro.', 'Applus+ cuenta con profesionales de gran talento, comprometidos y apasionados, que han contribuido al crecimiento y a la diversificación del negocio durante muchos años y por este motivo me gustaría expresarles mi agradecimiento por la gran labor que han realizado.', 'En este sentido, me gustaría enfatizar que nuestro retorno más inmediato se produce hacia los 37 millones de clientes que confían en nosotros, porque una aseguradora más eficaz siempre ofrece mejores productos y servicios.', 'Estoy segura de que lo conseguiremos porque contamos con un equipo dispuesto a esforzarse al máximo para dar el mejor servicio a los clientes.', 'Hoy en día somos lo que somos, gracias a la confianza que la empresa tuvo en nosotros y destacaría dos razonamientos claros: primero, que somos una radio comercial donde tenemos que hacer buena radio para ser un buen soporte publicitario y segundo que es fundamental saber que por motivos de cobertura somos segundos, pero no podemos pensar en ser segundones"".']","su contribución y compromiso han sido, y son, piedra angular para la consecución de nuestros objetivos y para nuestro futuro","su contribución y compromiso han sido, y son, piedra angular para la consecución de nuestros objetivos y para nuestro futuro",1.0,1.0,1.0
¿Qué impacto tienen los sucesos del pasado?,"['El Grupo tiene una obligación presente (ya sea legal o implícita) como resultado de un suceso pasado.', 'El impacto no fue duradero, ya que en los meses siguientes se redujo la volatilidad, la renta variable se recuperó y bajó la aversión al riesgo.', 'Gracias a nuestro estudio Things Matter, que está centrado en el uso que las personas hacen de las cosas conectadas, podemos visualizar claramente qué aspectos de nuestra sociedad están experimentando, en mayor o menor medida, el impacto de Internet de las Cosas.', 'El Grupo podría hacer frente a pérdidas financieras, la suspensión de las operaciones o el menoscabo de la reputación de sus marcas, con motivo de un ataque a los sistemas del Grupo por delincuentes, terroristas o gobiernos extranjeros.', 'Nuestra evolución en los últimos años y nuestras fortalezas nos permiten acelerar nuestra transformación']",El Grupo tiene una obligación presente (ya sea legal o implícita),"Se reconocen las provisiones cuando Gas Natural Fenosa tiene una obligación presente, ya sea legal o implícita",0.75,1.0,1.0
¿A qué se debe el importante crecimiento de los ROF?,"['Importante crecimiento de los ROF (+15,9% interanual), gracias al muy buen desempeño de la Unidad de Global Markets, fundamentalmente durante la primera parte del ejercicio.', 'En Colombia sobresalió el desempeño favorable del margen bruto, gracias al buen comportamiento del margen de intereses (tanto por actividad como por evolución de los diferenciales) y las comisiones, aunque mitigado por menores ROF (el mismo período del 2016 incluía resultados por venta de participaciones) y el incremento de los saneamientos.', 'La compañía ha ido ganando volumen merced a un modelo de negocio único en su sector, que le ha permitido aumentar su rentabilidad pese a los ciclos económicos adversos y ganarse la confianza del mercado.', 'Los estímulos gubernamentales parecen estar fomentando el crecimiento por medio tanto del consumo privado, que está redundando en una mejora de la confianza de los consumidores, como de la inversión, la cual está aumentando gracias a las facilidades de acceso al crédito impulsadas por el Fondo de Garantía del Crédito (CGF, por su siglas en inglés).', 'En este entorno, en la evolución de MAPFRE es de destacar: - Los magníficos resultados obtenidos en la mayor parte de los países, especialmente España y Brasil, y en los negocios de Reaseguro y Global Risks. - El crecimiento en las primas de No Vida, tanto en España como en el extranjero, así como en el reaseguro, que han permitido absorber la contracción del seguro de Vida en España. - La buena evolución del resultado del negocio de Vida, gracias a la mejora tanto del resultado de suscripción como de los ingresos financieros en Brasil.']","al muy buen desempeño de la Unidad de Global Markets, fundamentalmente durante la primera parte del ejercicio","al muy buen desempeño de la Unidad de Global Markets, fundamentalmente durante la primera parte del ejercicio",1.0,0.5,1.0
¿Por qué motivo no existen en el Grupo restricciones al derecho de voto? ,"['En el Grupo no existen restricciones al derecho de voto, ya que cada acción da derecho a un voto.', 'El Grupo tiene una obligación presente (ya sea legal o implícita) como resultado de un suceso pasado.', 'El Grupo es uno de los mayores fabricantes en Europa, el mayor de Estados Unidos, el único en el continente africano, y en la actualidad está aumentado sus cuotas de mercado en Asia y Oceanía gracias a las ventas de los productos fabricados en la nueva planta de Malasia.', 'Nuestra trayectoria avala ese propósito de estabilidad, porque mantenemos el nombre, no nos hemos fusionado con nadie y no hemos comprado nada en España.', 'Un crecimiento que hemos alcanzado sin realizar ampliaciones de capital y gracias a una política prudente de distribución del dividendo.']",cada acción da derecho a un voto,cada acción da derecho a un voto,1.0,1.0,1.0
¿Qué efecto tiene el compromiso con los colectivos profesionales de edad más avanzada?,"['Talento senior: Estamos comprometidos con los colectivos profesionales de edad más avanzada y, por ello, colaboramos con el Instituto de Empresa en su Observatorio ""Demografía y Diversidad Generacional"", con el objetivo final de explorar nuevos modelos de gestión del talento senior en las empresas, que ofrezcan oportunidades a los profesionales mayores de 55 años.', 'Applus+ cuenta con profesionales de gran talento, comprometidos y apasionados, que han contribuido al crecimiento y a la diversificación del negocio durante muchos años y por este motivo me gustaría expresarles mi agradecimiento por la gran labor que han realizado.', 'Además de las acciones que llevamos a cabo con nuestros interlocutores, los pacientes y la comunidad sanitaria, 2015 nos sirvió para reorientar toda nuestra organización al objetivo de ofrecer soluciones innovadoras para los pacientes en Dermatología a través de nuestro know-how acumulado y nuestra competencia técnica en este campo. Gracias a una amplia gama de acciones internas y externas, no solo nos encontramos hoy en una mejor posición para conseguir este objetivo, sino que podemos hacerlo escuchando mejor las aportaciones de los pacientes, los médicos y la comunidad científica.', 'Los planes de pensiones son una herramienta fundamental para fomentar la cultura del ahorro, pues ayudan a que los trabajadores afronten su jubilación en mejores condiciones económicas, especialmente ahora que la presión demográfica amenaza la sostenibilidad del sistema público, al menos tal y como lo conocemos.', 'Quiero felicitar a los más de 200.000 profesionales que trabajan en el Grupo Santander, puesto que los logros alcanzados en 2017 no hubieran sido posibles sin la aportación de cada uno de ellos. tenemos el objetivo de consolidarnos como el mejor banco comercial para nuestros empleados, clientes, accionistas y la sociedad.']","colaboramos con el Instituto de Empresa en su Observatorio ""Demografía y Diversidad Generacional"", con el objetivo final de explorar nuevos modelos de gestión del talento senior en las empresas, que ofrezcan oportunidades a los profesionales mayores de 55 años","colaboramos con el Instituto de Empresa en su Observatorio ""Demografía y Diversidad Generacional"", con el objetivo final de explorar nuevos modelos de gestión del talento senior en las empresas, que ofrezcan oportunidades a los profesionales mayores de 55 años",1.0,1.0,1.0
¿Qué efecto producen los requisitos de solvencia y/o control?,"['• Construir un Prosegur más ágil, rápido, consistente y homogéneo, gracias a la simplificación de procesos y estructuras que redunden en una mejor toma de decisiones', 'El entorno para la actividad bancaria está siendo desafiante, ya que a la evolución anterior se unen unos tipos de interés extraordinariamente bajos en los países desarrollados, crecimientos de volúmenes reducidos, fuerte presión competitiva por parte tanto de entidades bancarias como no bancarias, y un entorno regulatorio exigente.', 'El análisis de escenarios es una herramienta muy útil para la alta dirección ya que permite testar la resistencia del Banco ante entornos o escenarios estresados, así como poner en marcha conjuntos de medidas que disminuyan el perfil de riesgo del Banco ante dichos escenarios.', 'Y también han de ser flexibles, porque la gestión de riesgos tiene que adaptarse rápidamente a nuevos entornos y escenarios imprevistos.', 'Estas cifras unidas a una baja rotación voluntaria del 5,3 % dan como resultado un elevado índice de estabilidad.']","están siendo desafiante, ya que a la evolución anterior se unen unos tipos de interés extraordinariamente bajos en los países desarrollados, crecimientos de volúmenes reducidos, fuerte presión competitiva por parte tanto de entidades bancarias como no bancarias, y un entorno regulatorio exigente",La baja contable de los activos de un plan puede producirse cuando estos activos son mayores que la obligación proyectada y el Grupo no puede recuperar ningún superávit a través de reembolsos del instrumento en que está materializado el compromiso de prestación definida,0.0,0.4166666666666667,0.5
¿En qué deriva la mejora de la autoestima y el incremento del orgullo de pertenencia a la empresa?,"['Esto redunda en una mejora de la autoestima, incrementando el orgullo de pertenencia a la empresa, y, por consiguiente, en la atracción y retención del talento.', 'También, en la relación con sus propietarios, la Compañía refleja sus valores corporativos ya que les ofrece un canal directo con la Compañía para la resolución de incidencias, ofrecer respuesta ágil a sus inquietudes y necesidades de información, con el objetivo de reforzar el vínculo y el orgullo de pertenencia, a través de la aportación de valor al negocio entendida en su más amplio sentido.', 'Nuestra evolución en los últimos años y nuestras fortalezas nos permiten acelerar nuestra transformación', 'La compañía ha ido ganando volumen merced a un modelo de negocio único en su sector, que le ha permitido aumentar su rentabilidad pese a los ciclos económicos adversos y ganarse la confianza del mercado.', 'La plantilla aumentó un 2,6% dado que se han puesto en marcha nuevas líneas y que ha aumentado la producción.']",en la atracción y retención del talento,en la atracción y retención del talento,1.0,0.3333333333333333,1.0
¿A qué se atribuye que la industria financiera se haya referido a esta última fase como Basilea IV?,"['La industria financiera se ha referido a esta última fase como Basilea IV, debido al elevado impacto que podría representar para algunas jurisdicciones.', 'Nuestra evolución en los últimos años y nuestras fortalezas nos permiten acelerar nuestra transformación', 'Esta operación es positiva para los accionistas, ya que se estima que mejora el beneficio por acción (BPA) desde 2016.', 'Los ingresos de terminales registran un significativo crecimiento interanual en el cuarto trimestre (+41,0%; +3,8% en el año) debido a la mayor actividad comercial de venta de equipos de gama alta.', 'Después de un primer trimestre exigente como empresa cotizada y a pesar de las dificultades experimentadas por la industria del petróleo y el gas, que es una parte importante de nuestra actividad, me complace anunciar que, gracias a la gestión y dirección de Fernando Basabe y de su equipo, el Grupo ha logrado obtener resultados conforme a nuestras expectativas.']",al elevado impacto que podría representar para algunas jurisdicciones,al elevado impacto que podría representar para algunas jurisdicciones,1.0,1.0,1.0
¿Qué repercusión han tenido las continuas actividades de racionalización realizadas desde el año 2008?,"['Desde el año 2008, y a consecuencia de estas continuas actividades de racionalización, se ha obtenido una reducción de aproximadamente 1.600 empleados en todo el Grupo, equivalentes al 20% de la plantilla global.', 'Los equipos han seguido trabajando en la homogeneización de la flota en tres ámbitos: configuración de la cabina, sistemas de aviónica y equipamiento para casos de emergencia. La homogeneización se ha extendido a todas las nuevas aeronaves, incluidos los nuevos Airbus A320neo y los Airbus A350. El objetivo del programa sigue siendo reducir los gastos de explotación gracias a la simplificación de la flota y a inversiones en inmovilizado ágiles y flexibles.', 'otros movimientos que se han producido a lo largo del año han sido la reducción de las rentabilidades de la curvas de los países periféricos de la eurozona, con la excepción de Grecia, cuyas rentabilidades han aumentado sustancialmente en la última parte del año debido a la inestabilidad política.', 'Como consecuencia de los compromisos adquiridos en el Plan de Recapitalización, la actividad de la entidad en los mercados financieros se mantuvo reducida.', 'Estricto control de costes, con una disminución del 0,6% gracias al plan de eficiencia y de productividad.']","se ha obtenido una reducción de aproximadamente 1.600 empleados en todo el Grupo, equivalentes al 20% de la plantilla global","se ha obtenido una reducción de aproximadamente 1.600 empleados en todo el Grupo, equivalentes al 20% de la plantilla global",1.0,1.0,1.0
¿Por qué razón se realizan importantes esfuerzos por mantener a los clientes con más antigüedad a través de la medición de su satisfacción?,"['La fidelidad de los clientes del Grupo es uno de los principales activos de la Compañía, y es por ello que se realizan importantes esfuerzos por mantener a los clientes con más antigüedad a través de la medición de su satisfacción.', 'También continúa a buen ritmo la instalación de nuevos cajeros automáticos multiservicio que facilitan a nuestros clientes realizar su operativa básica de manera sencilla y ágil.  Los CRMs NEO se consolidan como herramienta CRM referente en el mercado, con nuevas mejoras como el CRM transaccional +Che de Santander Rio, el nuevo CRM multicanal en el Contact Center de Polonia, el NEO Jupiter que ya está desplegado en todas las oficinas de México, O el NEO CRM recientemente lanzado en Reino Unido que ha sido desarrollado en tiempo récord, con un equipo multidisciplinar dedicado y trabajando con metodología Agile. 3.- La satisfacción y experiencia de nuestros clientes sigue siendo nuestra prioridad, por lo que continuamos trabajando en la excelencia operativa , con nuevos procesos más sencillos, eficientes y omnichannel, desarrollados con metodología Agile, y también en mejorar la calidad de servicio.', 'Con el objetivo de establecer y avanzar aún más en la creación de vínculos con sus consumidores, Grupo DIA mantiene desde hace 18 años una herramienta de fidelización que le permite conocer las necesidades, gustos y preferencias de sus clientes y, en consecuencia, organizar ofertas personalizadas y adaptadas a sus perfiles. El Club DIA es una herramienta al servicio del concepto de proximidad de la compañía y de la que se benefician más de 37 millones de clientes en todos los países en los que opera.', 'Por último cabe señalar los menores niveles de deterioro del valor de los activos financieros con respecto a los del ejercicio previo, cuando se registraron dotaciones a saneamientos como consecuencia de las bajadas de rating de las compañías de oil & gas en Estados Unidos, sobre todo durante los tres primeros meses de ese año.rela Ción C on el Cliente 2017 P.69 Relación con el cliente experiencia de cliente El principal foco de atención de BBVA es satisfacer las necesidades de sus clientes y conectar con ellos de una manera más atractiva, combinando al mismo tiempo innovación, tecnología y experiencia.', 'Santander quiere proporcionar a sus clientes una experiencia de servicio excelente y, por ello, durante este año ha puesto en marcha nuevas iniciativas que pretenden mejorar los procesos desde la visión del cliente incorporando los beneficios que supone la transformación digital.']",La fidelidad de los clientes del Grupo es uno de los principales activos de la Compañía,La fidelidad de los clientes del Grupo es uno de los principales activos de la Compañía,1.0,1.0,1.0
¿Cuál es la causa de que las previsiones de crecimiento del PIB británico que formulan los distintos organismos presenten fuertes divergencias?,"['Sin embargo, las previsiones de crecimiento del PIB británico que formulan los distintos organismos presentan fuertes divergencias, ya que oscilan entre el +0,8% y el +2,6% de cara a 2017.', 'Es cierto que se ha registrado una desaceleración de la actividad en la segunda parte de 2015 respecto a lo observado en el primer semestre debido a la ralentización de la demanda mundial, el agotamiento de algunos factores cíclicos y el aumento de la incertidumbre, en parte ligada al ciclo electoral español, pero las previsiones indican que se alcanzará un incremento del PIB de alrededor de un 2,7% para 2016.', 'Latinoamérica, Europa y Japón. La única excepción es el Reino Unido, donde se prevé un crecimiento más bajo a corto plazo debido a la incertidumbre en torno al Brexit, aunque hasta ahora este hecho apenas ha afectado a nuestro negocio.', 'En un entorno de crecimiento económico tanto a nivel nacional como global – el PIB de España repuntó un 3,1% en 2017 en tasa interanual y el de la economía mundial un 3,7%- hemos sabido avanzar de forma firme pero no podemos olvidar que las incertidumbres del entorno pueden afectar a cualquier compañía de dimensión internacional y por ello, es importante contar con una relativa diversificación de la actividad.', 'Aeropuertos IAG depende y puede verse afectado por las decisiones relativas a infraestructuras o los cambios en las políticas de los gobiernos, los reguladores u otros organismos que se encuentran fuera de la esfera de control del Grupo. El aeropuerto de Londres Heathrow carece de capacidad libre de pista y opera en las dos mismas pistas principales desde su apertura, hace más de 60 años. Por esta razón, British Airways es vulnerable a la interrupción de las operaciones a corto plazo. En octubre, el gobierno británico confirmó una propuesta de ampliación mediante una tercera pista en Heathrow. Esta propuesta está sujeta a la aprobación del Parlamento británico.']","oscilan entre el +0,8% y el +2,6% de cara a 2017","oscilan entre el +0,8% y el +2,6% de cara a 2017",1.0,1.0,1.0
¿De qué son consecuencia las pérdidas inesperadas del riesgo actuaria?,"['Radica en la posibilidad de que el fondo no cubra estos compromisos en el periodo de devengo de la prestación y la rentabilidad obtenida por la cartera no sea suficiente y obligue al Grupo a incrementar el nivel de aportaciones. Riesgo actuarial: pérdidas inesperadas producidas como consecuencia de un incremento en los compromisos con los tomadores del seguro, así como las pérdidas derivadas de un incremento no previsto en los gastos. 217 "" D.2.2.', 'El impacto no fue duradero, ya que en los meses siguientes se redujo la volatilidad, la renta variable se recuperó y bajó la aversión al riesgo.', 'La Comisión de Auditoría analizará anualmente la vigencia del mapa de Riesgos de la Compañía y procederá a incorporar, modificar o descartar los riesgos que, en su caso, sea necesario debido a cambios en los objetivos estratégicos, estructura organizativa, normativa vigente, etc.', 'El ebitda disminuye un 20,9% debido al impacto de una menor demanda y un efecto negativo de los tipos de cambio (–46 millones de euros).', 'La entidad mantiene políticas de cobertura con el objetivo prioritario de minimizar el impacto negativo debido a movimientos adversos de los mercados de los cambios de divisas sobre las ratios de capital, así como sobre los resultados generados en su negocio en divisa. Las operaciones de cobertura cubren el riesgo de cambio de las inversiones realizadas en las sociedades del grupo radicadas en países cuya moneda funcional no es el euro (véase nota 4.4.3.1 apartado Riesgo estructural de tipo de cambio).']","de un incremento en los compromisos con los tomadores del seguro, así como las pérdidas derivadas de un incremento no previsto en los gastos",de un incremento en los compromisos con los tomadores del seguro,0.75,1.0,1.0
¿Por qué es determinante tanto la calidad como la disponibilidad de los componentes para asegurar el correcto funcionamiento de la cadena de montaje?,"['En el sector de la automoción, es fundamental el correcto funcionamiento y desempeño de todos los eslabones de la cadena de producción por lo que no sólo la calidad de los componentes, sino también una disponibilidad adecuada de los mismos, es determinante para asegurar el correcto funcionamiento de la cadena de montaje de los fabricantes de automóviles.', 'Los proveedores de equipos y componentes, como Gestamp, son un elemento clave del sector ya que sus piezas suponen el 70-75% del total del vehículo. La tendencia hace prever que el porcentaje aumente en el futuro.', 'La homologación de proveedores es imprescindible para todas las empresas que deseen contratar con MAPFRE, ya que garantiza la capacidad técnica, financiera y de calidad para cumplir con los compromisos que suscriben.', 'Con una plantilla superior a las 60 personas, y una facturación anual cercana a los 10 millones de euros, ha experimentado un importante crecimiento durante los últimos años gracias a la apuesta realizada por modernizar sus instalaciones, métodos y procesos productivos.  Crecimiento significativo en negocios relacionados con el diseño y construcción de sistemas de transporte llave en mano para operar y, cuando los clientes así lo requieran, realizar su mantenimiento Uoperación, en solitario o en alianza, incluyendo inversión de capital según el caso.  Continuación del esfuerzo inversor en desarrollo tecnológico, tanto en lo referido a tecnologías como a productos de alto valor añadido, comercializables a nivel de componente, subsistema o material destinado a proveer a los clientes en todas nuestras ramas de actividad (material rodante, señalización, energía, gestión de datos, inspecciones, etc.).', 'Como se ha señalado, esta fase de implantación es otra de las posibles fuentes de riesgo de modelo, por lo que es requisito indispensable que se realicen pruebas por parte de los equipos técnicos y los propietarios del modelo, certificando que se ha implementado de acuerdo a la definición metodológica y funciona de acuerdo a lo esperado.']",es fundamental el correcto funcionamiento y desempeño de todos los eslabones de la cadena de producción,"En el sector de la automoción, es fundamental el correcto funcionamiento y desempeño de todos los eslabones de la cadena de producción",0.75,1.0,1.0
¿Por qué aceptan de buen grado las nuevas reglas?,"['Nuevas reglas que aceptamos de buen grado pues son iguales para todos y Bankinter tiene plena capacidad para cumplir con ellas como el que más.', 'La morosidad y el coste de crédito permanecen en niveles moderados gracias a las políticas de admisión de nueva producción más estrictas en SC USA, y el buen comportamiento en las carteras de particulares y empresas en Santander Bank.', 'Esta nueva revolución está creando también nuevos desafíos sociales y de sostenibilidad, por lo que debemos estar preparados para hacerles frente.', 'Esta tendencia favorable se produjo a pesar de haberse generado menores comisiones de mantenimiento de cuentas debido a la suspensión de su cobro al segmento retail, impuesta por el Consejo de Estado turco, y de los altos ingresos generados en el 2016 por el programa de millas Miles & Smiles.', 'Y también han de ser flexibles, porque la gestión de riesgos tiene que adaptarse rápidamente a nuevos entornos y escenarios imprevistos.']",son iguales para todos y Bankinter tiene plena capacidad para cumplir con ellas como el que más,son iguales para todos y Bankinter tiene plena capacidad para cumplir con ellas como el que más,1.0,0.6666666666666666,1.0
¿Por qué esta operación ha sido positiva para los accionistas?,"['Esta operación es positiva para los accionistas, ya que se estima que mejora el beneficio por acción (BPA) desde 2016.', 'El precio de las acciones de Almirall tuvo una evolución positiva durante 2015 y experimentó un aumento general (del 35,49 %) debido al mayor rendimiento operativo de la compañía y a la considerable actividad de fusiones y adquisiciones.', 'Esta tendencia favorable se produjo a pesar de haberse generado menores comisiones de mantenimiento de cuentas debido a la suspensión de su cobro al segmento retail, impuesta por el Consejo de Estado turco, y de los altos ingresos generados en el 2016 por el programa de millas Miles & Smiles.', 'La compañía ha ido ganando volumen merced a un modelo de negocio único en su sector, que le ha permitido aumentar su rentabilidad pese a los ciclos económicos adversos y ganarse la confianza del mercado.', 'La aplicación de la NIC29 tiene un impacto positivo en el ebitda de 10 millones de euros.']",se estima que mejora el beneficio por acción (BPA) desde 2016,se estima que mejora el beneficio por acción (BPA) desde 2016,1.0,1.0,1.0
¿A qué se atribuye que pudieran existir determinados pasivos por impuestos de carácter contingente?,"['Debido a posibles interpretaciones que pueden hacerse de la normativa fiscal aplicable a algunas operaciones realizadas en el sector bancario, podrían existir determinados pasivos por impuestos de carácter contingente. Sin embargo, la posibilidad de que se materialicen estos pasivos es remota y, en cualquier caso, la deuda tributaria que de ellos pudiera derivarse no afectaría significativamente a las presentes Cuentas anuales consolidadas.', 'La baja contable de los activos de un plan puede producirse cuando estos activos son mayores que la obligación proyectada y el Grupo no puede recuperar ningún superávit a través de reembolsos del instrumento en que está materializado el compromiso de prestación definida como consecuencia de requisitos de solvencia y/o control.', 'El beneficio antes de impuestos crece menos que los anteriores márgenes, debido a (i)n un aumento de los costes financieros asociados a la elevada volatilidad de tipo de cambio del US$ durante el ejercicio (el Grupo realiza una parte significativa de sus compras en US$) y (ii) a una peor evolución de los resultados no recurrentes, con una menor generación de ingresos procedente de la venta activos frente a las que se verificaron en 2016 (venta de inmuebles y venta del negocio de Puerto Rico, principalmente).', 'Radica en la posibilidad de que el fondo no cubra estos compromisos en el periodo de devengo de la prestación y la rentabilidad obtenida por la cartera no sea suficiente y obligue al Grupo a incrementar el nivel de aportaciones. Riesgo actuarial: pérdidas inesperadas producidas como consecuencia de un incremento en los compromisos con los tomadores del seguro, así como las pérdidas derivadas de un incremento no previsto en los gastos. 217 "" D.2.2.', 'Este nivel de deuda pública representa un factor claro de vulnerabilidad financiera ante cambios en el sentimiento inversor, ya que implica unas necesidades de financiación elevadas del sector público y limita el margen de actuación de la política fiscal en un eventual escenario de desaceleración.']",a posibles interpretaciones que pueden hacerse de la normativa fiscal aplicable a algunas operaciones realizadas en el sector bancario,a posibles interpretaciones que pueden hacerse de la normativa fiscal aplicable a algunas operaciones realizadas en el sector bancario,1.0,1.0,1.0
¿Qué consecuencia tiene el entorno de tipos de interés bajos?,"['En el año 2014 destaca el movimiento de saldos de depósitos a plazo a cuentas a la vista, como resultado del entorno de tipos de interés bajos.', 'En paralelo, continúa el crecimiento de los depósitos en los mercados maduros aunque a menor ritmo, como consecuencia de un mayor foco en la reducción del coste del pasivo, como principal palanca para recuperar margen de intereses en entornos de tipos de interés en mínimos.', 'El entorno para la actividad bancaria está siendo desafiante, ya que a la evolución anterior se unen unos tipos de interés extraordinariamente bajos en los países desarrollados, crecimientos de volúmenes reducidos, fuerte presión competitiva por parte tanto de entidades bancarias como no bancarias, y un entorno regulatorio exigente.', 'Como consecuencia de la intervención del BCe en los mercados, la excepcionalidad en el área euro es tal que los tipos de interés negativos de la deuda pública se han convertido en habituales.', 'Por otro lado, los gastos financieros se han reducido significativamente como resultado de fructíferas negociaciones con los bancos que permitieron minorar el tipo de interés medio satisfecho por la Compañía, el cual se situó en 3,2% frente al 3,5% del año 2016, así como incrementar los plazos de vencimiento de los instrumentos de deuda con los que actualmente se financia.']",En el año 2014 destaca el movimiento de saldos de depósitos a plazo a cuentas a la vista,En el año 2014 destaca el movimiento de saldos de depósitos a plazo a cuentas a la vista,1.0,1.0,1.0
¿A qué es debido que la región Asia-Pacífico mantenga cierta autonomía?,"['La región EMEA se espera que continúe presentando resultados positivos de cara a los próximos meses, ya que las dinámicas de mercado en Europa siguen siendo buenas tanto en los segmentos vacacional, como urbano.', 'El beneficio de la región refleja el discreto resultado de México debido al elevado ratio combinado de autos y al impacto de los eventos catastróficos en el negocio de GLOBAL RISKS.', 'Nuestra trayectoria avala ese propósito de estabilidad, porque mantenemos el nombre, no nos hemos fusionado con nadie y no hemos comprado nada en España.', 'Latinoamérica, Europa y Japón. La única excepción es el Reino Unido, donde se prevé un crecimiento más bajo a corto plazo debido a la incertidumbre en torno al Brexit, aunque hasta ahora este hecho apenas ha afectado a nuestro negocio.', 'Un crecimiento que hemos alcanzado sin realizar ampliaciones de capital y gracias a una política prudente de distribución del dividendo.']",a una política prudente de distribución del dividendo,a las particularidades que presentan estos mercados,0.25,0.5,0.0
¿Por qué estas sociedades y fondos  no son objeto de consolidación?,"['Estas sociedades y fondos son autosuficientes en lo que a sus actividades se refiere y no dependen de una estructura de capital que les pudiese llegar a impedir la realización de sus actividades sin apoyo financiero adicional, por lo que no son objeto de consolidación.', 'A-2) Diferencia negativa de consolidación La incorporación al perímetro de consolidación de la Sociedad Hispania Fides, S.L. ha supuesto una diferencia negativa de consolidación, que se recoge en la cuenta de pérdidas y ganancias del Grupo. Esta diferencia negativa de consolidación surge fundamentalmente como consecuencia de la diferencia entre los activos netos aportados a valor de mercado y la contraprestación pagada por el 90% del capital de Hispania Fides, S.L.', 'Nuestra trayectoria avala ese propósito de estabilidad, porque mantenemos el nombre, no nos hemos fusionado con nadie y no hemos comprado nada en España.', 'En las cuentas anuales consolidadas adjuntas no se ha registrado provisión alguna por este concepto, ya que no están previstas situaciones de esta naturaleza.', 'Un crecimiento que hemos alcanzado sin realizar ampliaciones de capital y gracias a una política prudente de distribución del dividendo.']",son autosuficientes en lo que a sus actividades se refiere y no dependen de una estructura de capital que les pudiese llegar a impedir la realización de sus actividades sin apoyo financiero adicional,son autosuficientes en lo que a sus actividades se refiere y no dependen de una estructura de capital que les pudiese llegar a impedir la realización de sus actividades sin apoyo financiero adicional,1.0,1.0,1.0
¿A qué se debe que Logista continúe disfrutando de la confianza de los fabricantes?,"['Logista continúa disfrutando de la confianza de los fabricantes, gracias a su especializado y completo servicio de distribución y a los servicios de valor añadido que ofrece, así como a su neutralidad operativa.', 'Por otro lado, Logista Pharma mantuvo su fuerte crecimiento gracias a su especialización en la logística a hospitales y a su modelo de distribución directa a farmacias, que aporta un servicio de claro valor añadido y aúna en un solo distribuidor las ventajas de la distribución directa desde el laboratorio y las de la distribución mayorista.', 'Grupo Logista tiene en sus profesionales una de las principales ventajas competitivas. En consecuencia, el Grupo invierte en el desarrollo de sus profesionales y procura que su talento, profesionalidad y capacidad se desarrollen en el mejor ambiente posible, extendiendo a este ámbito el principio de la mutua creación de valor.', 'La compañía ha ido ganando volumen merced a un modelo de negocio único en su sector, que le ha permitido aumentar su rentabilidad pese a los ciclos económicos adversos y ganarse la confianza del mercado.', 'A pesar de que ha sido un año complicado para el sector, hemos conseguido resultados estables y resilientes. IAG Cargo cuenta con un modelo muy consolidado y seguiremos ofreciendo nuevas ventajas a nuestros clientes y accionista gracias a nuestras inversiones constantes en todas las áreas del negocio, en forma de mejoras de las infraestructuras, ampliaciones de la red, nuevas alianzas y avances tecnológicos. Mantenemos la confianza en nuestra estrategia en 2017 y en el futuro.']","a su especializado y completo servicio de distribución y a los servicios de valor añadido que ofrece, así como a su neutralidad operativa","a su especializado y completo servicio de distribución y a los servicios de valor añadido que ofrece, así como a su neutralidad operativa",1.0,1.0,1.0
¿Qué efecto tiene la apuesta digital?,"['Gracias a su apuesta digital, Zardoya OTIS disminuirá en los próximos meses gran parte del consumo de papel que tradicionalmente exigía la asistencia a nuestros clientes.', 'La transformación digital está impactada por los cambios en los hábitos de los consumidores, y por ello se ha iniciado un nuevo modelo de relación con los clientes, buscando nuevas formas de acercarse, allí donde ellos estén, para ser más convenientes. El objetivo ha sido mejorar la propuesta de valor y servicio del Grupo, asegurando la metodología y sistemática comercial, adaptándose a los diferentes segmentos y llevando la relación con el cliente donde más lo necesita en cada momento.', 'Vivimos una parte cada vez más importante de nuestra vida a través de la conectividad y los servicios digitales, por eso, sabemos que la responsabilidad que asumimos en este ámbito condiciona el éxito a futuro. Así lo ven también nuestros grupos de interés, en particular inversores y analistas, que consideran que la seguridad y la privacidad es una de las temáticas más importantes en nuestro compromiso hacia el cliente (ver capítulo Materialidad).', 'La revolución digital, y sus implicaciones en términos de cambio de los procesos productivos, está llegando cada vez a un mayor número de sectores. Por ello, Dominion ofrece hoy soluciones y servicios a empresas en un amplio abanico de sectores y es previsible que este número se incremente en el futuro próximo.', 'Capacitación financiera gracias a las tecnologías digitales']",Zardoya OTIS disminuirá en los próximos meses gran parte del consumo de papel que tradicionalmente exigía la asistencia a nuestros clientes,Zardoya OTIS disminuirá en los próximos meses gran parte del consumo de papel que tradicionalmente exigía la asistencia a nuestros clientes,1.0,1.0,1.0
¿A qué se atribuye el incremento de la cartera de crédito de TSB en 2015?,"['TSB en 2015 ha conseguido incrementar la cartera de crédito gracias a la buena dinámica comercial y las fuentes de financiación de TSB que están constituidas fundamentalmente por el crecimiento de los depósitos de clientes y el éxito en la diversificación de las mismas.', 'En ellos se incluye la ampliación de capital con derecho de suscripción preferente por 1.607 millones de euros llevada a cabo en el mes de abril de 2015, como consecuencia de la adquisición de TSB (T16).', 'La contratación de préstamos al consumo consolida su crecimiento con un incremento de volumen del 46,42% respecto al año anterior gracias al foco en la red comercial y a la estrategia aplicada en la política de precios con tipos de interés más atractivos.', 'La compañía ha ido ganando volumen merced a un modelo de negocio único en su sector, que le ha permitido aumentar su rentabilidad pese a los ciclos económicos adversos y ganarse la confianza del mercado.', 'Gran parte de las líneas están en proceso de ejecución, dado que muchos de los objetivos propuestos se han trazado a 2015.']",a la buena dinámica comercial y las fuentes de financiación de TSB que están constituidas fundamentalmente por el crecimiento de los depósitos de clientes y el éxito en la diversificación de las mismas,a la buena dinámica comercial y las fuentes de financiación de TSB que están constituidas fundamentalmente por el crecimiento de los depósitos de clientes y el éxito en la diversificación de las mismas,1.0,0.75,1.0
¿A qué se debe que el ARPU permanece relativamente estable en el ejercicio?,"['El ARPU permanece relativamente estable en el ejercicio (-0,6%) gracias a la captación de clientes de valor, que permite compensar el fuerte impacto regulatorio.', 'Estas cifras unidas a una baja rotación voluntaria del 5,3 % dan como resultado un elevado índice de estabilidad.', 'Desde la fusión, sigue creciendo todos los meses respecto al mismo mes del año anterior, con lo que encadena, a cierre del Ejercicio 2014, 27 meses de crecimiento ininterrumpido.', 'La morosidad y el coste de crédito permanecen en niveles estables gracias a la mejora de desempeño de las carteras de auto en SC USA, tras la implantación de la nueva política de riesgos que tuvo lugar en el primer trimestre, enfocada a mejorar el perfil de las nuevas operaciones, y tras los ajustes realizados en el sector de Oil&Gas, en línea con la industria, en Santander Bank.', 'La morosidad y el coste de crédito permanecen en niveles moderados gracias a las políticas de admisión de nueva producción más estrictas en SC USA, y el buen comportamiento en las carteras de particulares y empresas en Santander Bank.']","a la captación de clientes de valor, que permite compensar el fuerte impacto regulatorio"," a la captación de clientes de valor, que permite compensar el fuerte impacto regulatorio",1.0,1.0,1.0
¿Qué resultado se espera con una mayor especialización y disminución del riesgo de negocio para Atresmedia?,"['Esta estrategia marcará, previsiblemente, la pauta del posicionamiento futuro en este complejo sector respecto al resto de operadores audiovisuales, dado que permite una mayor especialización y una significativa disminución del riesgo de negocio para Atresmedia.', 'Atresmedia es consciente de la decisiva labor de las empresas para la consecución de estas importantes metas y, por ese motivo, apoya con sus políticas, iniciativas y capacidad de difusión, la consecución de aquellos ODS en los que la contribución de la Compañía puede ser mayor y de especial incidencia.', 'Esta tendencia se sustentó en una mejora de las variables macroeconómicas, pero se potenció innegablemente gracias al esfuerzo por retener el precio que inició Atresmedia desde hace un par de años, estrategia por la que parecen por fin haber optado el resto de operadores principales del mercado.', 'La apuesta por la Igualdad, diversidad y conciliación Atresmedia cuenta con un Plan de Igualdad firmado en 2014, centrado en los siguientes objetivos: Garantizar la igualdad de trato y oportunidades. Mejorar la conciliación laboral y familiar. Prevenir el acoso laboral. Proteger la maternidad Las medidas de fomento de la igualdad contempladas en el Plan se han visto acrecentadas en 2017 gracias a la firma del nuevo Convenio Colectivo.', 'El evento fue posible gracias a la colaboración de Atresmedia y una de las principales distribuidoras con las que trabaja, Warner Bros.']","permite una mayor especialización y una significativa disminución del riesgo de negocio para Atresmedia, Esta estrategia marcará, previsiblemente, la pauta del posicionamiento futuro en este complejo sector respecto al resto de operadores audiovisuales","Esta estrategia marcará, previsiblemente, la pauta del posicionamiento futuro en este complejo sector respecto al resto de operadores audiovisuales",0.75,1.0,1.0
¿A qué se ha debido la buena evolución del resultado de negocio de Vida?,"['En este entorno, en la evolución de MAPFRE es de destacar: - Los magníficos resultados obtenidos en la mayor parte de los países, especialmente España y Brasil, y en los negocios de Reaseguro y Global Risks. - El crecimiento en las primas de No Vida, tanto en España como en el extranjero, así como en el reaseguro, que han permitido absorber la contracción del seguro de Vida en España. - La buena evolución del resultado del negocio de Vida, gracias a la mejora tanto del resultado de suscripción como de los ingresos financieros en Brasil.', 'El resultado antes de impuestos, que refleja mejor la evolución del negocio, crece un 8% gracias al aumento de volúmenes, la buena gestión de márgenes y el control de costes.', 'La compañía ha ido ganando volumen merced a un modelo de negocio único en su sector, que le ha permitido aumentar su rentabilidad pese a los ciclos económicos adversos y ganarse la confianza del mercado.', 'En 2017 continuó mejorando el mercado de la vivienda y la situación financiera de los hogares gracias al buen cuadro macroeconómico y en particular a la evolución del empleo.', 'En 2017 las ventas han aumentado un 4,3% como consecuencia de una ligera recuperación de la situación general económica y también del sector de la construcción.']",a la mejora tanto del resultado de suscripción como de los ingresos financieros en Brasil,a la mejora tanto del resultado de suscripción como de los ingresos financieros en Brasil,1.0,0.0,1.0
¿Qué efecto tuvo la política de precios implementada en España en la segunda mitad del año?,"['El EBITDA ajustado descendió un 9,4% en 2017 hasta EUR568.6m, una caída del 8,9% a divisa constante. Este descenso tuvo su reflejo en una erosión de 65 puntos básicos en el margen EBITDA ajustado, que fue del 6,6% en el año como resultado de la política de precios implementada en España en la segunda mitad del año.', 'Gracias a estas medidas, tal y como queda reflejado en la gráfica anterior, hemos alcanzado una reducción del 6% en el consumo de energía eléctrica por prenda puesta en el mercado y de un 3% con respecto a las ventas, en comparación con 2016.', 'Estas ventas han supuesto un ingreso de 2.885 millones de euros en el ejercicio 2015, un 5,3% menor al del ejercicio 2014 ya que la caída en las ventas físicas como consecuencia de la reducción en el número de clientes a precio regulado (–9,5%) y el incremento del coste de la energía no se ha visto compensada por el incremento del precio medio de venta.', 'Europa ha tenido una primera mitad del año con fuerte incremento del consumo aparente, debido al incremento en la utilización por parte de los clientes finales pero también debido a la recuperación de stocks en la cadena de suministro.', 'Es cierto que se ha registrado una desaceleración de la actividad en la segunda parte de 2015 respecto a lo observado en el primer semestre debido a la ralentización de la demanda mundial, el agotamiento de algunos factores cíclicos y el aumento de la incertidumbre, en parte ligada al ciclo electoral español, pero las previsiones indican que se alcanzará un incremento del PIB de alrededor de un 2,7% para 2016.']","El EBITDA ajustado descendió un 9,4% en 2017 hasta EUR568.6m, una caída del 8,9% a divisa constante. Este descenso tuvo su reflejo en una erosión de 65 puntos básicos en el margen EBITDA ajustado, que fue del 6,6% en el año como resultado de la política de precios implementada en España en la segunda mitad del año","una erosión de 65 puntos básicos en el margen EBITDA ajustado, que fue del 6,6% en el año",0.75,1.0,1.0
¿Cuál es el resultado de que la innovación sea uno de los motores del desarrollo de Gas Natural Fenosa?,"['La innovación es uno de los motores del desarrollo de Gas Natural Fenosa, por lo que destina una parte importante de sus recursos y sus esfuerzos a las actividades de I+D+i, tratando de buscar una optimización de los recursos, de desarrollar nuevas tecnologías y de mantenerse al corriente de los avances tecnológicos en los sectores en los que opera.', 'Gas Natural Fenosa promueve la conciliación de la vida profesional y personal gracias al importante conjunto de medidas de flexibilización laboral, servicios y beneficios adaptados a las necesidades de los empleados.', 'Contar la historia de Gas Natural Fenosa es contar una historia de pasión, fe, trabajo y visión de progreso, porque la energía es progreso.', 'Gracias a la introducción de tecnologías innovadoras y el desarrollo de nuevas soluciones y procesos de negocio, buscamos convertirnos en un Grupo más efectivo, eficiente y orientado al cliente.', 'Nuestra evolución en los últimos años y nuestras fortalezas nos permiten acelerar nuestra transformación']","destina una parte importante de sus recursos y sus esfuerzos a las actividades de I+D+i, tratando de buscar una optimización de los recursos, de desarrollar nuevas tecnologías y de mantenerse al corriente de los avances tecnológicos en los sectores en los que opera","destina una parte importante de sus recursos y sus esfuerzos a las actividades de I+D+i, tratando de buscar una optimización de los recursos, de desarrollar nuevas tecnologías y de mantenerse al corriente de los avances tecnológicos en los sectores en los que opera",1.0,1.0,1.0
¿Qué ha hecho ganar volumen a la compañía?,"['La compañía ha ido ganando volumen merced a un modelo de negocio único en su sector, que le ha permitido aumentar su rentabilidad pese a los ciclos económicos adversos y ganarse la confianza del mercado.', 'Con una plantilla superior a las 60 personas, y una facturación anual cercana a los 10 millones de euros, ha experimentado un importante crecimiento durante los últimos años gracias a la apuesta realizada por modernizar sus instalaciones, métodos y procesos productivos.  Crecimiento significativo en negocios relacionados con el diseño y construcción de sistemas de transporte llave en mano para operar y, cuando los clientes así lo requieran, realizar su mantenimiento Uoperación, en solitario o en alianza, incluyendo inversión de capital según el caso.  Continuación del esfuerzo inversor en desarrollo tecnológico, tanto en lo referido a tecnologías como a productos de alto valor añadido, comercializables a nivel de componente, subsistema o material destinado a proveer a los clientes en todas nuestras ramas de actividad (material rodante, señalización, energía, gestión de datos, inspecciones, etc.).', 'La plantilla aumentó un 2,6% dado que se han puesto en marcha nuevas líneas y que ha aumentado la producción.', 'LAS VENTAS crecieron debido a la incorporación de Oliveri (en 2013 sólo un mes) y Garofalo (desde el mes de junio). El impacto de los nuevos negocios es de 103 millones de euros. Ambas compañías son parte importante en la estrategia del Grupo y tienen un desarrollo específico para ampliar su distribución en mercados que entendemos complementarios.', 'En 2017 las ventas han aumentado un 4,3% como consecuencia de una ligera recuperación de la situación general económica y también del sector de la construcción.']","a un modelo de negocio único en su sector, que le ha permitido aumentar su rentabilidad pese a los ciclos económicos adversos y ganarse la confianza del mercado","un modelo de negocio único en su sector, que le ha permitido aumentar su rentabilidad pese a los ciclos económicos adversos y ganarse la confianza del mercado",0.75,1.0,1.0
¿Cuál es el desencadenante que propicia que la relación con sus propietarios refleje los valores corporativos de la Compañía?,"['También, en la relación con sus propietarios, la Compañía refleja sus valores corporativos ya que les ofrece un canal directo con la Compañía para la resolución de incidencias, ofrecer respuesta ágil a sus inquietudes y necesidades de información, con el objetivo de reforzar el vínculo y el orgullo de pertenencia, a través de la aportación de valor al negocio entendida en su más amplio sentido.', 'La fidelidad de los clientes del Grupo es uno de los principales activos de la Compañía, y es por ello que se realizan importantes esfuerzos por mantener a los clientes con más antigüedad a través de la medición de su satisfacción.', 'Gracias a nuestra visión estratégica y a un importante rigor en la gestión, acompañada por unos sólidos valores, aquilatados por el fuerte componente familiar, hemos superado con éxito una compleja etapa en la que hemos logrado alcanzar la mayor parte de los objetivos propuestos, afrontando el futuro con solvencia y optimismo.', 'Por último cabe señalar los menores niveles de deterioro del valor de los activos financieros con respecto a los del ejercicio previo, cuando se registraron dotaciones a saneamientos como consecuencia de las bajadas de rating de las compañías de oil & gas en Estados Unidos, sobre todo durante los tres primeros meses de ese año.rela Ción C on el Cliente 2017 P.69 Relación con el cliente experiencia de cliente El principal foco de atención de BBVA es satisfacer las necesidades de sus clientes y conectar con ellos de una manera más atractiva, combinando al mismo tiempo innovación, tecnología y experiencia.', 'Esto redunda en una mejora de la autoestima, incrementando el orgullo de pertenencia a la empresa, y, por consiguiente, en la atracción y retención del talento.']","les ofrece un canal directo con la Compañía para la resolución de incidencias, ofrecer respuesta ágil a sus inquietudes y necesidades de información, con el objetivo de reforzar el vínculo y el orgullo de pertenencia, a través de la aportación de valor al negocio entendida en su más amplio sentido","les ofrece un canal directo con la Compañía para la resolución de incidencias, ofrecer respuesta ágil a sus inquietudes y necesidades de información,",0.75,1.0,1.0
¿Por qué razón creen que están bien preparados para afrontar el reto y marcar la diferencia?,"['Creemos firmemente que estamos bien preparados para afrontar este reto y marcar la diferencia. Entre otros motivos, porque gestionamos el ciclo de vida completo de los medicamentos, desde la formulación hasta la adherencia, lo que nos sitúa en una posición excelente para diseñar medicamentos que funcionan, ayudan y se adaptan a las necesidades de los pacientes.', 'Somos lo que somos porque durante todos estos años hemos sabido como nadie adelantarnos, innovar y prepararnos, en definitiva, para el cambio.', 'Gracias a nuestra visión estratégica y a un importante rigor en la gestión, acompañada por unos sólidos valores, aquilatados por el fuerte componente familiar, hemos superado con éxito una compleja etapa en la que hemos logrado alcanzar la mayor parte de los objetivos propuestos, afrontando el futuro con solvencia y optimismo.', 'Durante muchas generaciones hemos aplicado nuestro conocimiento y experiencia para innovar y reinventar la manera de hacer banca, manteniendo las fortalezas que nos han acompañado siempre. Estoy convencida de que lograremos el éxito porque:  nuestro crecimiento, rentabilidad y fortaleza de balance demuestran que nuestra estrategia está funcionando;  nuestro tamaño, diversificación y predictibilidad nos aportan una base sólida para innovar;  nuestra cultura —nuestro foco constante en ser un banco responsable— reforzará la confianza de las personas en nuestra marca.', 'Estoy segura de que lo conseguiremos porque contamos con un equipo dispuesto a esforzarse al máximo para dar el mejor servicio a los clientes.']","gestionamos el ciclo de vida completo de los medicamentos, desde la formulación hasta la adherencia, lo que nos sitúa en una posición excelente para diseñar medicamentos que funcionan, ayudan y se adaptan a las necesidades de los pacientes","gestionamos el ciclo de vida completo de los medicamentos, desde la formulación hasta la adherencia, lo que nos sitúa en una posición excelente para diseñar medicamentos que funcionan, ayudan y se adaptan a las necesidades de los pacientes",1.0,0.5,1.0
¿Qué se ha conseguido con la venta de miles de ejemplares de balón solidario en 173 centros Carrefour de España?,"['En su firme compromiso por sensibilizar a la sociedad para paliar las situaciones que afectan a los más desfavorecidos, ‘12 Meses’ ha culminado en 2015 su campaña ‘Balón solidario’ de ‘Los Manolos’ -Manu Carreño y Manolo Lamapuesta en marcha el año anterior en colaboración con el Banco de Alimentos y la Fundación Solidaridad Carrefour, con un rotundo éxito: más de 230.000 meriendas distribuidas entre niños en riesgo de exclusión social obtenidas a raíz de la venta de miles de ejemplares del balón solidario en 173 centros Carrefour de toda España.', 'Gracias a esta intervención, se ha atendido a cerca de 70.000 personas en consultas externas y de salud mental.', 'También queremos que nuestros proyectos de responsabilidad social sean cada vez más cercanos a ellos y a sus familias, y por esto buscamos que en cada uno de ellos puedan participar y estar con nosotros. Pongo como ejemplos, el lanzamiento de nuestra Superliga DIA en España, la carrera en apoyo a los niños con cáncer en Sao Paulo, la ayuda a jóvenes madres en riesgo de exclusión en Portugal o la campaña de recogida de ropa de abrigo en Argentina entre otras muchas acciones.', 'Gracias a la emisión de la serie de Antena 3, Tiempos de Guerra, la campaña ha tenido gran repercusión y visibilidad. 7.3.3.', 'Gracias a la contribución de todos nuestros empleados, Inditex ha logrado unos resultados especialmente positivos en los ejercicios 2015 y 2016, que han permitido repartir más de 79 millones de euros entre más de 84.000 personas en 50 países.']",se ha atendido a cerca de 70.000 personas en consultas externas y de salud mental,más de 230.000 meriendas distribuidas entre niños en riesgo de exclusión social obtenidas,0.0,1.0,1.0
¿Qué efecto tiene la creciente preocupación de los Estados ante el cambio climático tras la COP21?,"['Asimismo, tras la COP21 la preocupación de los Estados por la lucha contra el cambio climático creció considerablemente, por lo que se espera que se intensifique la presión regulatoria sobre el sector energético, entre otros.', 'Esta nueva revolución está creando también nuevos desafíos sociales y de sostenibilidad, por lo que debemos estar preparados para hacerles frente.', 'El impacto de esta reforma global sobre la actividad económica es objeto de interés creciente, ya que representa un posible freno para el crecimiento económico.', 'En este sentido ha hecho, junto con otros bancos, un llamamiento público a todas las entidades signatarias de los Principios de Ecuador para que apoyen la ampliación de esta exigencia.finanzas sosteniBles 2017 P.97 Finanzas sostenibles Los bancos juegan un papel crucial en la lucha contra el cambio climático gracias a su posición única para movilizar capital mediante inversiones, préstamos y funciones de asesoramiento.', 'En 2015, a pesar de avanzar en la certificación de nuevos sistemas de gestión ambiental conforme a ISO 14001 y a los requisitos internos, se ha registrado una disminución del porcentaje de ebitda certificado, como consecuencia de la incorporación de nuevas actividades en Chile donde se está trabajando en adaptarlas a los referenciales internacionales y a los requerimientos internos en materia de gestión ambiental. En materia de cambio climático este año se ha mantenido el avance de los diferentes proyectos encaminados a la determinación de nuestra huella de carbono e identificación de los riesgos y oportunidades derivados del cambio climático.']","se espera que se intensifique la presión regulatoria sobre el sector energético, entre otros","se espera que se intensifique la presión regulatoria sobre el sector energético, entre otros",1.0,1.0,1.0
¿Cuál ha sido el efecto que la entrada en vigor de la nueva normativa en materia de abuso de mercado para las sociedades cotizadas ha tenido?,"['Con motivo de la entrada en vigor de la nueva normativa en materia de abuso de mercado para las sociedades cotizadas, Grupo DIA ha actualizado en 2016 su Reglamento Interno de Conducta con el que se establecen las reglas para la gestión y control del uso de la información privilegiada, operaciones de autocartera y la comunicación transparente de la información relevante.', 'Del mismo modo, la calidad y fiabilidad de la información financiera que las empresas cotizadas difunden al mercado es un elemento fundamental para la credibilidad de la Sociedad, que afecta de forma significativa al valor que el mercado le asigna, por lo que la difusión de información financiera incorrecta o de baja calidad podría provocar una disminución significativa del valor de la Sociedad, con el consiguiente perjuicio para sus accionistas.', 'Como consecuencia de la intervención del BCe en los mercados, la excepcionalidad en el área euro es tal que los tipos de interés negativos de la deuda pública se han convertido en habituales.', 'Como consecuencia de los compromisos adquiridos en el Plan de Recapitalización, la actividad de la entidad en los mercados financieros se mantuvo reducida.', 'En el negocio de corporate finance, ha existido una elevada actividad en el año 2017 y se ha llevado a cabo una gran labor de marketing, gracias a la cual BBVA ha obtenido numerosos mandatos, reforzando su posición de mercado en este negocio.']","Grupo DIA ha actualizado en 2016 su Reglamento Interno de Conducta con el que se establecen las reglas para la gestión y control del uso de la información privilegiada, operaciones de autocartera y la comunicación transparente de la información relevante","Grupo DIA ha actualizado en 2016 su Reglamento Interno de Conducta con el que se establecen las reglas para la gestión y control del uso de la información privilegiada, operaciones de autocartera y la comunicación transparente de la información relevante",1.0,1.0,1.0
¿Cuál ha sido el resultado de la gestión y dirección de Fernando Basabe y de su equipo?,"['Después de un primer trimestre exigente como empresa cotizada y a pesar de las dificultades experimentadas por la industria del petróleo y el gas, que es una parte importante de nuestra actividad, me complace anunciar que, gracias a la gestión y dirección de Fernando Basabe y de su equipo, el Grupo ha logrado obtener resultados conforme a nuestras expectativas.', 'Gracias a nuestra visión estratégica y a un importante rigor en la gestión, acompañada por unos sólidos valores, aquilatados por el fuerte componente familiar, hemos superado con éxito una compleja etapa en la que hemos logrado alcanzar la mayor parte de los objetivos propuestos, afrontando el futuro con solvencia y optimismo.', 'En vista de estas difíciles circunstancias, creo que el nuevo equipo directivo de Vueling ha hecho un fantástico trabajo. Se han enfrentado a estos retos, han sido honestos acerca de los problemas que les afectaban y no se desentendieron de los errores que se cometieron a nivel interno. El nuevo equipo ha restablecido el desempeño operativo de la aerolínea, ha potenciado la resiliencia de la red.', 'La compañía ha ido ganando volumen merced a un modelo de negocio único en su sector, que le ha permitido aumentar su rentabilidad pese a los ciclos económicos adversos y ganarse la confianza del mercado.', '2014 ha sido el primer año de la ejecución del Plan Estratégico a cinco años, un ejercicio en el que la Compañía ha vivido una profunda transformación gracias a la puesta en marcha de las iniciativas del Plan y sus positivos resultados.']",el Grupo ha logrado obtener resultados conforme a nuestras expectativas,el Grupo ha logrado obtener resultados conforme a nuestras expectativas,1.0,1.0,1.0
"¿Cuál ha sido el resultado de fructíferas negociaciones con los bancos que permitieron minorar el tipo de interés medio satisfecho por la Compañía, el cual se situó en 3,2% frente al 3,5% del año 2016, así como incrementar los plazos de vencimiento de los instrumentos de deuda con los que actualmente se financia?","['Por otro lado, los gastos financieros se han reducido significativamente como resultado de fructíferas negociaciones con los bancos que permitieron minorar el tipo de interés medio satisfecho por la Compañía, el cual se situó en 3,2% frente al 3,5% del año 2016, así como incrementar los plazos de vencimiento de los instrumentos de deuda con los que actualmente se financia.', 'Así, Bankia cerró el ejercicio 2018 con un elevado descenso de los riesgos dudosos del 31% (3.702 millones de euros) lo que permitió reducir la tasa de morosidad al 6,5%.', 'En los tres últimos años, la Compañía ha logrado unos sólidos resultados financieros que han hecho que el BPA ajustado de 2016 alcance los 90,2 céntimos de euro. En consecuencia, los derechos asignados en 2014 bajo el plan de acciones por desempeño, se consolidarán en 2016 en su nivel máximo en lo que respecta al parámetro de BPA. El precio de la acción registró un fuerte crecimiento en los dos primeros años y medio de los tres que integran el período de desempeño, aunque sufrió una importante caída tras el resultado del referéndum sobre la UE celebrado en el Reino Unido.', 'Los resultados obtenidos constatan una sólida consolidación del negocio doméstico con una mejora significativa del margen de clientes. Esto ha sido posible gracias a una gestión proactiva de precios (tanto en intereses como en comisiones) junto con una mejora en las cuotas de mercado, siempre manteniendo una elevada calidad de servicio. El Banco ha sido capaz de fortalecer su margen de intereses y es la entidad con mejor comportamiento en el margen de clientes en España. Todo ello junto con una sólida posición de solvencia y liquidez.', 'La tasa de morosidad se ha reducido desde el 1,35% en 2016 al 1,13% a diciembre de 2017, gracias a un entorno macroeconómico más favorable y la aplicación de políticas prudentes.']",los gastos financieros se han reducido significativamente,los gastos financieros se han reducido significativamente,0.75,1.0,1.0
¿Qué supone que el sector eléctrico sea el que mejor puede incorporar renovables?,"['En la web de Iberdrola se da acceso público a la información completa, acompañada de videos divulgativos. La electrificación de la economía es el camino para lograr su descarbonización. El sector eléctrico es el que mejor puede incorporar renovables, por ello es el que más esfuerzo ha realizado tanto en el desarrollo de las mismas, como por cumplir los objetivos de reducción de emisiones. El coste de penetración de renovables y de emisiones ha de ser soportado entre la electricidad, el gas, gasolinas y gasóleos, bajo el principio de ""quien contamina paga"".', 'Asimismo, tras la COP21 la preocupación de los Estados por la lucha contra el cambio climático creció considerablemente, por lo que se espera que se intensifique la presión regulatoria sobre el sector energético, entre otros.', 'Gracias a estas medidas, tal y como queda reflejado en la gráfica anterior, hemos alcanzado una reducción del 6% en el consumo de energía eléctrica por prenda puesta en el mercado y de un 3% con respecto a las ventas, en comparación con 2016.', 'La región EMEA se espera que continúe presentando resultados positivos de cara a los próximos meses, ya que las dinámicas de mercado en Europa siguen siendo buenas tanto en los segmentos vacacional, como urbano.', 'En este sentido ha hecho, junto con otros bancos, un llamamiento público a todas las entidades signatarias de los Principios de Ecuador para que apoyen la ampliación de esta exigencia.finanzas sosteniBles 2017 P.97 Finanzas sostenibles Los bancos juegan un papel crucial en la lucha contra el cambio climático gracias a su posición única para movilizar capital mediante inversiones, préstamos y funciones de asesoramiento.']","es el que más esfuerzo ha realizado tanto en el desarrollo de las mismas, como por cumplir los objetivos de reducción de emisiones","es el que más esfuerzo ha realizado tanto en el desarrollo de las mismas, como por cumplir los objetivos de reducción de emisiones",1.0,0.0,1.0
¿Cuál ha sido el resultado de la operación?,"['Desde el punto de vista de los resultados del ejercicio, Indra ha aumentado su cartera gracias a una mayor contratación y ha recuperado la rentabilidad con un margen EBIT positivo del 6% y con una generación de caja de 184 millones de euros. Desde el punto de vista operativo, han finalizado las principales acciones de restructuración y se empiezan a ver los resultados de las mismas.', 'Gracias a esta intervención, se ha atendido a cerca de 70.000 personas en consultas externas y de salud mental.', 'Esta operación es positiva para los accionistas, ya que se estima que mejora el beneficio por acción (BPA) desde 2016.', 'Tanto el proceso de pruebas, como el de la pura migración y de la fase de estabilización posterior correspondiente a la ola de Iberclear fueron un completo éxito, ya que no se produjeron impactos relevantes en la plataforma.', 'En vista de estas difíciles circunstancias, creo que el nuevo equipo directivo de Vueling ha hecho un fantástico trabajo. Se han enfrentado a estos retos, han sido honestos acerca de los problemas que les afectaban y no se desentendieron de los errores que se cometieron a nivel interno. El nuevo equipo ha restablecido el desempeño operativo de la aerolínea, ha potenciado la resiliencia de la red.']",se ha atendido a cerca de 70.000 personas en consultas externas y de salud mental,"la participación actual de Acek Desarrollo y  Gestión Industrial, S.L. en la Sociedad Dominante asciende a un 89,25%",0.0,1.0,0.75
¿Cuál fue el resultado del buen rendimiento en el comportamiento del valor?,"['En Colombia sobresalió el desempeño favorable del margen bruto, gracias al buen comportamiento del margen de intereses (tanto por actividad como por evolución de los diferenciales) y las comisiones, aunque mitigado por menores ROF (el mismo período del 2016 incluía resultados por venta de participaciones) y el incremento de los saneamientos.', 'Los resultados obtenidos constatan una sólida consolidación del negocio doméstico con una mejora significativa del margen de clientes. Esto ha sido posible gracias a una gestión proactiva de precios (tanto en intereses como en comisiones) junto con una mejora en las cuotas de mercado, siempre manteniendo una elevada calidad de servicio. El Banco ha sido capaz de fortalecer su margen de intereses y es la entidad con mejor comportamiento en el margen de clientes en España. Todo ello junto con una sólida posición de solvencia y liquidez.', 'En los tres últimos años, la Compañía ha logrado unos sólidos resultados financieros que han hecho que el BPA ajustado de 2016 alcance los 90,2 céntimos de euro. En consecuencia, los derechos asignados en 2014 bajo el plan de acciones por desempeño, se consolidarán en 2016 en su nivel máximo en lo que respecta al parámetro de BPA. El precio de la acción registró un fuerte crecimiento en los dos primeros años y medio de los tres que integran el período de desempeño, aunque sufrió una importante caída tras el resultado del referéndum sobre la UE celebrado en el Reino Unido.', 'Estas cifras unidas a una baja rotación voluntaria del 5,3 % dan como resultado un elevado índice de estabilidad.', 'El impacto no fue duradero, ya que en los meses siguientes se redujo la volatilidad, la renta variable se recuperó y bajó la aversión al riesgo.']",El Banco ha sido capaz de fortalecer su margen de intereses y es la entidad con mejor comportamiento en el margen de clientes en España. Todo ello junto con una sólida posición de solvencia y liquidez,la edición india de la revista Fortune calificó a Mahindra CIE Automotive como la segunda mejor empresa en creación de riqueza entre las compañías cotizadas del país,0.0,1.0,1.0
¿Qué ha provocado la mejora de desempeño de las carteras de auto en SC USA?,"['La morosidad y el coste de crédito permanecen en niveles estables gracias a la mejora de desempeño de las carteras de auto en SC USA, tras la implantación de la nueva política de riesgos que tuvo lugar en el primer trimestre, enfocada a mejorar el perfil de las nuevas operaciones, y tras los ajustes realizados en el sector de Oil&Gas, en línea con la industria, en Santander Bank.', 'La morosidad y el coste de crédito permanecen en niveles moderados gracias a las políticas de admisión de nueva producción más estrictas en SC USA, y el buen comportamiento en las carteras de particulares y empresas en Santander Bank.', 'Esta operación es positiva para los accionistas, ya que se estima que mejora el beneficio por acción (BPA) desde 2016.', 'Esta tendencia favorable se produjo a pesar de haberse generado menores comisiones de mantenimiento de cuentas debido a la suspensión de su cobro al segmento retail, impuesta por el Consejo de Estado turco, y de los altos ingresos generados en el 2016 por el programa de millas Miles & Smiles.', 'CLAVES DEL EJERCICIO 2016 En 2016 Santander Chile logró una mejora sustancial en los indicadores de satisfacción de clientes gracias a la simplificación de procesos y a un mayor foco en el cliente, y cerrando así la brecha que existía con los principales competidores en materia de calidad de servicio.']",La morosidad y el coste de crédito permanecen en niveles estables,La morosidad y el coste de crédito permanecen en niveles estables,1.0,0.5,1.0
¿Por qué no se ha registrado ninguna provisión por este concepto en las cuentas anuales consolidadas adjuntas?,"['En las cuentas anuales consolidadas adjuntas no se ha registrado provisión alguna por este concepto, ya que no están previstas situaciones de esta naturaleza.', 'Debido a posibles interpretaciones que pueden hacerse de la normativa fiscal aplicable a algunas operaciones realizadas en el sector bancario, podrían existir determinados pasivos por impuestos de carácter contingente. Sin embargo, la posibilidad de que se materialicen estos pasivos es remota y, en cualquier caso, la deuda tributaria que de ellos pudiera derivarse no afectaría significativamente a las presentes Cuentas anuales consolidadas.', 'El Grupo se acogió a la exención contemplada en la NIIF 1 ""Adopción por primera vez de las NIIF"" relativa a diferencias de conversión acumuladas, por lo que aquellas diferencias de conversión reconocidas en las cuentas anuales consolidadas que se hubieran generado con anterioridad al 1 de enero de 2004 se muestran en cuentas de reservas.', 'Este dato no incluye CDS por aproximadamente 2.293 millones de euros de nominal que cubren préstamos, dado que contablemente se catalogan como garantías financieras en lugar de como derivados de crédito al no tener impacto su variación de valor sobre resultados ni sobre reservas para evitar asimetrías contables. 18.', 'Nuestra trayectoria avala ese propósito de estabilidad, porque mantenemos el nombre, no nos hemos fusionado con nadie y no hemos comprado nada en España.']",no están previstas situaciones de esta naturaleza,no están previstas situaciones de esta naturaleza,1.0,1.0,1.0
¿Por qué se considera que no hay exposición en cuanto a la operativa en derivados organizados (MMOO)?,"['En cuanto a la operativa en derivados en mercados organizados (MMOO), se considera bajo criterios de gestión que no hay exposición, dado que el riesgo no existe al actuar los MMOo como contrapartida en las operaciones y disponer de mecanismo de liquidación y de garantías para garantizar la transparencia y continuidad de la actividad.', 'El riesgo con este tipo de contrapartidas se analiza caso a caso, estableciendo los porcentajes de colateralización en función de las características y activos de cada fondo. Conduits: No hay exposición. Monolines: la exposición del Santander a compañías aseguradoras de bonos (denominadas monolines) era, en diciembre de 2014, de 137 millones de euros 29 , referida mayoritariamente a la exposición indirecta, 136 millones de euros, en virtud de la garantía prestada por este tipo de entidades a diversas operaciones de financiación o titulización tradicional.', 'En las cuentas anuales consolidadas adjuntas no se ha registrado provisión alguna por este concepto, ya que no están previstas situaciones de esta naturaleza.', 'Un crecimiento que hemos alcanzado sin realizar ampliaciones de capital y gracias a una política prudente de distribución del dividendo.', 'Nuestra trayectoria avala ese propósito de estabilidad, porque mantenemos el nombre, no nos hemos fusionado con nadie y no hemos comprado nada en España.']",el riesgo no existe al actuar los MMOo como contrapartida en las operaciones y disponer de mecanismo de liquidación y de garantías para garantizar la transparencia y continuidad de la actividad,el riesgo no existe al actuar los MMOo como contrapartida en las operaciones y disponer de mecanismo de liquidación y de garantías para garantizar la transparencia y continuidad de la,1.0,0.8,1.0
¿Que consecuencia se derivan de este hecho?,"['Como consecuencia de este hecho, es previsible que a lo largo de los próximos trimestres se limite aún más el nivel de activos comprometidos en operaciones de financiación a largo plazo.', 'Como consecuencia de las conclusiones que ofreció este informe, se han identificado los puntos significativos y las mejoras que deben abordarse en los próximos años.', 'El impacto de esta reforma global sobre la actividad económica es objeto de interés creciente, ya que representa un posible freno para el crecimiento económico.', 'Además, se ha procedido a revisar el estado actual de las instalaciones obteniendo como resultado unas propuestas de mejora de ahorro y eficiencia energética.', 'Esta nueva revolución está creando también nuevos desafíos sociales y de sostenibilidad, por lo que debemos estar preparados para hacerles frente.']",es previsible que a lo largo de los próximos trimestres se limite aún más el nivel de activos comprometidos en operaciones de financiación a largo plazo,es previsible que a lo largo de los próximos trimestres se limite aún más el nivel de activos comprometidos en operaciones de financiación a largo plazo,1.0,1.0,1.0
¿Qué supone que una de las principales ventajas competitivas de Grupo Logista sean sus profesionales?,"['Grupo Logista tiene en sus profesionales una de las principales ventajas competitivas. En consecuencia, el Grupo invierte en el desarrollo de sus profesionales y procura que su talento, profesionalidad y capacidad se desarrollen en el mejor ambiente posible, extendiendo a este ámbito el principio de la mutua creación de valor.', 'Por otro lado, Logista Pharma mantuvo su fuerte crecimiento gracias a su especialización en la logística a hospitales y a su modelo de distribución directa a farmacias, que aporta un servicio de claro valor añadido y aúna en un solo distribuidor las ventajas de la distribución directa desde el laboratorio y las de la distribución mayorista.', 'Logista continúa disfrutando de la confianza de los fabricantes, gracias a su especializado y completo servicio de distribución y a los servicios de valor añadido que ofrece, así como a su neutralidad operativa.', 'Estoy segura de que lo conseguiremos porque contamos con un equipo dispuesto a esforzarse al máximo para dar el mejor servicio a los clientes.', 'Quiero felicitar a los más de 200.000 profesionales que trabajan en el Grupo Santander, puesto que los logros alcanzados en 2017 no hubieran sido posibles sin la aportación de cada uno de ellos. tenemos el objetivo de consolidarnos como el mejor banco comercial para nuestros empleados, clientes, accionistas y la sociedad.']","el Grupo invierte en el desarrollo de sus profesionales y procura que su talento, profesionalidad y capacidad se desarrollen en el mejor ambiente posible, extendiendo a este ámbito el principio de la mutua creación de valor","el Grupo invierte en el desarrollo de sus profesionales y procura que su talento, profesionalidad y capacidad se desarrollen en el mejor ambiente posible, extendiendo a este ámbito el principio de la mutua creación de valor",1.0,1.0,1.0
¿Por qué se espera que la región EMEA siga obteniendo resultados positivos en los próximos meses?,"['La región EMEA se espera que continúe presentando resultados positivos de cara a los próximos meses, ya que las dinámicas de mercado en Europa siguen siendo buenas tanto en los segmentos vacacional, como urbano.', 'Los mercados emisores canadiense y latinoamericanos muestran un buen ritmo de crecimiento desde enero -debido a las mejores condiciones climáticas que se dieron en el periodo-, y parece ser que el mercado emisor estadounidense también podría mejorar sus cifras en el corto plazo.', 'Esta operación es positiva para los accionistas, ya que se estima que mejora el beneficio por acción (BPA) desde 2016.', 'Desde la fusión, sigue creciendo todos los meses respecto al mismo mes del año anterior, con lo que encadena, a cierre del Ejercicio 2014, 27 meses de crecimiento ininterrumpido.', 'En 2017 continuó mejorando el mercado de la vivienda y la situación financiera de los hogares gracias al buen cuadro macroeconómico y en particular a la evolución del empleo.']","las dinámicas de mercado en Europa siguen siendo buenas tanto en los segmentos vacacionales, como urbano","las dinámicas de mercado en Europa siguen siendo buenas tanto en los segmentos vacacional, como urbano",1.0,1.0,1.0
¿Por qué se verán afectados a la hora de trasladar los resultados a euros?,"['No obstante, a la hora de trasladar nuestros resultados a Euros, nos veremos negativamente afectados, ya que el tipo de cambio USD/EUR medio que usamos en el primer trimestre de 2017 fue 1.07, el cual se comparará con un nivel que será significativamente más alto en los primeros meses de 2018.', 'El beneficio antes de impuestos crece menos que los anteriores márgenes, debido a (i)n un aumento de los costes financieros asociados a la elevada volatilidad de tipo de cambio del US$ durante el ejercicio (el Grupo realiza una parte significativa de sus compras en US$) y (ii) a una peor evolución de los resultados no recurrentes, con una menor generación de ingresos procedente de la venta activos frente a las que se verificaron en 2016 (venta de inmuebles y venta del negocio de Puerto Rico, principalmente).', 'El ebitda disminuye un 20,9% debido al impacto de una menor demanda y un efecto negativo de los tipos de cambio (–46 millones de euros).', 'Las ventas netas aumentaron un 25,7% en moneda local, pero descendieron un 1,5% en euros hasta los 3.122 millones debido a la depreciación de las divisas registradas en el año (-4,8% real brasileño, -37,4% peso argentino y -5,2% yuan chino)', 'La cifra de negocio disminuyó un 14,0% hasta los 401,3 millones de euros, debido a una severa bajada del mercado local y a las fluctuaciones adversas de tipo de cambio tanto en Brasil como en Argentina.']","el tipo de cambio USD/EUR medio que usamos en el primer trimestre de 2017 fue 1.07, el cual se comparará con un nivel que será significativamente más alto en los primeros meses de 2018","el tipo de cambio USD/EUR medio que usamos en el primer trimestre de 2017 fue 1.07, el cual se comparará con un nivel que será significativamente más alto en los primeros meses de 2018",1.0,1.0,1.0
¿Qué efecto tiene el riesgo propio del Grupo que asumen sus contrapartidas en los derivados OTC?,"['Debt Valuation Adjustment (DVA): ajuste a la valoración similar al CVA, pero en este caso como consecuencia del riesgo propio del Grupo que asumen sus contrapartidas en los derivados OTC.', 'El Grupo podría hacer frente a pérdidas financieras, la suspensión de las operaciones o el menoscabo de la reputación de sus marcas, con motivo de un ataque a los sistemas del Grupo por delincuentes, terroristas o gobiernos extranjeros.', 'Es política del Grupo para operaciones de financiación de circulante, acudir a endeudamiento con terceros a través de recursos ajenos a corto plazo y referenciados a índices variables de mercado, normalmente Euribor, con lo que se mitiga sustancialmente este riesgo de tipo de interés.', 'El riesgo con este tipo de contrapartidas se analiza caso a caso, estableciendo los porcentajes de colateralización en función de las características y activos de cada fondo. Conduits: No hay exposición. Monolines: la exposición del Santander a compañías aseguradoras de bonos (denominadas monolines) era, en diciembre de 2014, de 137 millones de euros 29 , referida mayoritariamente a la exposición indirecta, 136 millones de euros, en virtud de la garantía prestada por este tipo de entidades a diversas operaciones de financiación o titulización tradicional.', 'El resultado financiero ha contribuido con 62,3 millones de euros a la cuenta de resultados del Grupo. Respecto al año anterior el resultado financiero desciende un 26,5% debido al diferente impacto de los resultados no recurrentes (pérdida de 15,5 millones de euros en 2016 respecto a beneficios de 22,3 millones de euros en 2015).']","Debt Valuation Adjustment (DVA): ajuste a la valoración similar al CVA, pero en este caso como consecuencia del riesgo propio del Grupo que asumen sus contrapartidas en los derivados OTC",Debt Valuation Adjustment (DVA): ajuste a la valoración similar al CVA,1.0,1.0,1.0
¿La integración de Enor en el año 2013 qué ha motivado?,"['Durante el presente mes de mayo hemos firmado un contrato para el suministro de ascensores y escaleras mecánicas en cuatro cruceros de lujo. Gracias a la integración de Enor en el año 2013, nos introducimos en un nuevo nicho de mercado en fase expansión.', 'La compañía ha ido ganando volumen merced a un modelo de negocio único en su sector, que le ha permitido aumentar su rentabilidad pese a los ciclos económicos adversos y ganarse la confianza del mercado.', 'LAS VENTAS crecieron debido a la incorporación de Oliveri (en 2013 sólo un mes) y Garofalo (desde el mes de junio). El impacto de los nuevos negocios es de 103 millones de euros. Ambas compañías son parte importante en la estrategia del Grupo y tienen un desarrollo específico para ampliar su distribución en mercados que entendemos complementarios.', 'Nuestra evolución en los últimos años y nuestras fortalezas nos permiten acelerar nuestra transformación', 'Portis ha consolidado su presencia en la península, especialmente en el noroeste a través de la recientemente adquirida Enor, gracias a su estrategia de expansión basada en una oferta completa de mantenimiento y especial atención al servicio al cliente.']",nos introducimos en un nuevo nicho de mercado en fase expansión,nos introducimos en un nuevo nicho de mercado en fase expansión,1.0,1.0,1.0
¿Qué permitió la colaboración vecinal?,"['El evento fue posible gracias a la colaboración de Atresmedia y una de las principales distribuidoras con las que trabaja, Warner Bros.', 'Gracias a la colaboración con los diferentes departamentos, todos los empleados -e incluso las nuevas incorporaciones- participan en talleres de sensibilización ambiental.', 'Afortunadamente, no hubo que lamentar daños personales, ya que los clientes fueron evacuados de las zonas afectadas de una manera rápida, eficaz y segura.', 'Personas a las que quiero hacer llegar desde aquí mi más sincero agradecimiento, pues su contribución y compromiso han sido, y son, piedra angular para la consecución de nuestros objetivos y para nuestro futuro.', 'Nuestra evolución en los últimos años y nuestras fortalezas nos permiten acelerar nuestra transformación']",todos los empleados -e incluso las nuevas incorporaciones- participan en talleres de sensibilización ambiental,Lanzar el proyecto Santander Advance dirigido a las pymes con una oferta financiera y no financiera que ha proporcionado una importante notoriedad al Banco,0.0,0.3333333333333333,0.5
"¿A qué se debe que el ebitda disminuya un 20,9%?","['El ebitda disminuye un 20,9% debido al impacto de una menor demanda y un efecto negativo de los tipos de cambio (–46 millones de euros).', 'El EBITDA ajustado descendió un 9,4% en 2017 hasta EUR568.6m, una caída del 8,9% a divisa constante. Este descenso tuvo su reflejo en una erosión de 65 puntos básicos en el margen EBITDA ajustado, que fue del 6,6% en el año como resultado de la política de precios implementada en España en la segunda mitad del año.', 'El resultado financiero ha contribuido con 62,3 millones de euros a la cuenta de resultados del Grupo. Respecto al año anterior el resultado financiero desciende un 26,5% debido al diferente impacto de los resultados no recurrentes (pérdida de 15,5 millones de euros en 2016 respecto a beneficios de 22,3 millones de euros en 2015).', 'La cifra de negocio disminuyó un 14,0% hasta los 401,3 millones de euros, debido a una severa bajada del mercado local y a las fluctuaciones adversas de tipo de cambio tanto en Brasil como en Argentina.', 'Estas ventas han supuesto un ingreso de 2.412 millones de euros en el ejercicio 2016, un 16,4% inferior al del ejercicio 2015 como consecuencia de la caída en las unidades físicas vendidas y del menor precio medio de venta.']",al impacto de una menor demanda y un efecto negativo de los tipos de cambio (–46 millones de euros),al impacto de una menor demanda y un efecto negativo de los tipos de cambio (–46 millones de euros),1.0,1.0,1.0
¿A qué se ha debido la decisión de Ofgem de reducir los subsidios encubiertos percibidos por los pequeños generadores diésel? ,"['La decisión de Ofgem de reducir los subsidios encubiertos percibidos por los pequeños generadores diésel debido a los cargos de transporte. 2.', 'El gasóleo sigue registrando una reducción debido a la sustitución de las calderas alimentadas por este combustible.', 'Estas ventas han supuesto un ingreso de 2.885 millones de euros en el ejercicio 2015, un 5,3% menor al del ejercicio 2014 ya que la caída en las ventas físicas como consecuencia de la reducción en el número de clientes a precio regulado (–9,5%) y el incremento del coste de la energía no se ha visto compensada por el incremento del precio medio de venta.', 'En concreto, la renovación de la flota con 30 nuevos vehículos con consumos más bajos y adaptados a la más reciente norma anticontaminación Euro VI, la incorporación de camiones combinados de gran capacidad como los megatrailers o el uso de camiones híbridos, han permitido registrar ahorros de combustible de 448.715 litros de combustible y más de 1200 Tn de CO2 no emitidas a la atmfera. A pesar de las mejoras en este sentido, el consumo global de combustible del transporte primario y secundario ha aumentado en un 2%, debido al aumento de la frecuencia de reparto que exigen los nuevos modelos comerciales.', 'Estas ventas han supuesto un ingreso de 2.412 millones de euros en el ejercicio 2016, un 16,4% inferior al del ejercicio 2015 como consecuencia de la caída en las unidades físicas vendidas y del menor precio medio de venta.']",a los cargos de transporte,a los cargos de transporte,1.0,1.0,1.0
¿Por qué se concentran los esfuerzos en capitalizar las ventajas diferenciales de servicio y construir la imagen de una entidad en evolución?,"['En el mes de abril, con la campaña ""Cien Respuestas Inmediatas"" se comunicó que BS da un paso más en el acompañamiento, en dos sentidos: dando respuestas de crédito de forma inmediata e in situ (donde quiera que esté el cliente del segmento negocios). A partir de esa ventaja, se persigue no solo mejorar la percepción de marca, sino también incrementar la consideración/captación de nuevos negocios. Por ello, se concentran los esfuerzos en capitalizar esas ventajas diferenciales de servicio y ello sirvió para dar un paso más en la construcción de imagen de una entidad en evolución.', 'Santander quiere proporcionar a sus clientes una experiencia de servicio excelente y, por ello, durante este año ha puesto en marcha nuevas iniciativas que pretenden mejorar los procesos desde la visión del cliente incorporando los beneficios que supone la transformación digital.', 'Nuestra evolución en los últimos años y nuestras fortalezas nos permiten acelerar nuestra transformación', 'Operamos en una industria global y altamente competitiva por lo que no sólo debemos adaptarnos de forma continuada a los requisitos de nuestros clientes sino que consideramos el desarrollo conjunto una oportunidad de ventaja competitiva.', 'Operamos en una industria global y altamente competitiva por lo que no sólo debemos adaptarnos de forma continuada a los requisitos de nuestros clientes sino que consideramos el I+D una oportunidad de ventaja competitiva.']",Santander quiere proporcionar a sus clientes una experiencia de servicio excelente,"En el mes de abril, con la campaña ""Cien Respuestas Inmediatas"" se comunicó que BS da un paso más en el acompañamiento, en dos sentidos: dando respuestas de crédito de forma inmediata e in situ (donde quiera que esté el cliente del segmento negocios). A partir de esa ventaja, se persigue no solo mejorar la percepción de marca, sino también incrementar la consideración/captación de nuevos negocios",0.5,1.0,1.0
¿A qué se debe que la entidad mantenga políticas de cobertura con el objetivo de minimizar el impacto negativo?,"['La entidad mantiene políticas de cobertura con el objetivo prioritario de minimizar el impacto negativo debido a movimientos adversos de los mercados de los cambios de divisas sobre las ratios de capital, así como sobre los resultados generados en su negocio en divisa. Las operaciones de cobertura cubren el riesgo de cambio de las inversiones realizadas en las sociedades del grupo radicadas en países cuya moneda funcional no es el euro (véase nota 4.4.3.1 apartado Riesgo estructural de tipo de cambio).', 'Dado que los nuevos requisitos de contabilidad de coberturas se acercarán más a las políticas de gestión de riesgo de la entidad, una evaluación preliminar de las actuales relaciones de cobertura del Grupo indica que éstas cumplirán con las condiciones para su continuidad como relaciones de cobertura con la aplicación de NIIF', 'Somos conscientes del impacto de nuestra actividad en la sociedad y, por ello, buscamos procesos más eficientes e innovadores, apoyándonos en las nuevas tecnologías, que nos permitan contribuir de forma positiva a lograr un entorno más sostenible.', 'El total del alcance 1 y 2, foco principal de las emisiones de la entidad al representar el 63,4% de su huella total, han experimentado un descenso del 5% gracias a las diferentes medidas de eficiencia energética que se han ido implantando durante los últimos años, como el cambio de luminarias a sistema LED, las mejoras en domótica y climatización, y la renovación de equipamientos por otros más ecoeficientes, entre otras.', 'Como consecuencia de los compromisos adquiridos en el Plan de Recapitalización, la actividad de la entidad en los mercados financieros se mantuvo reducida.']","a movimientos adversos de los mercados de los cambios de divisas sobre las ratios de capital, así como sobre los resultados generados en su negocio en divisa","a movimientos adversos de los mercados de los cambios de divisas sobre las ratios de capital, así como sobre los resultados generados en su negocio en divisa",1.0,0.8,1.0
"¿Qué causó que el yen tendiera a fortalecerse, a pesar de la agresividad de la política monetaria aplicada por el Banco Central de Japón?","['El yen tendió a fortalecerse, a pesar de la agresividad de la política monetaria aplicada por el Banco Central de Japón, ya que en los momentos más confusos de mercado actuó como ""activo refugio"".', 'Como consecuencia de la intervención del BCe en los mercados, la excepcionalidad en el área euro es tal que los tipos de interés negativos de la deuda pública se han convertido en habituales.', 'Las ventas netas aumentaron un 25,7% en moneda local, pero descendieron un 1,5% en euros hasta los 3.122 millones debido a la depreciación de las divisas registradas en el año (-4,8% real brasileño, -37,4% peso argentino y -5,2% yuan chino)', 'El impacto no fue duradero, ya que en los meses siguientes se redujo la volatilidad, la renta variable se recuperó y bajó la aversión al riesgo.', 'otros movimientos que se han producido a lo largo del año han sido la reducción de las rentabilidades de la curvas de los países periféricos de la eurozona, con la excepción de Grecia, cuyas rentabilidades han aumentado sustancialmente en la última parte del año debido a la inestabilidad política.']","en los momentos más confusos de mercado actuó como ""activo refugio""","en los momentos más confusos de mercado actuó como ""activo refugio""",1.0,0.3333333333333333,1.0
¿Qué motivo hay detrás de que la deuda neta de las actividades de financiación regulares haya aumentado en 187 millones de euros?,"['La deuda neta de las actividades de financiación regulares aumentó en 187 millones de euros, ya que los nuevos préstamos superaron ligeramente los repagos en concepto de arrendamientos y amortizaciones de deuda del ejercicio actual. El nivel de los nuevos préstamos y arrendamientos financieros de 2016 estuvo en consonancia con el calendario de entregas de flota del Grupo.', 'Las comisiones netas ascendieron a 1.148,6 millones de euros (1.022,8 millones de euros sin considerar TSB) y crecieron un 14,5% (10,6% sin considerar TSB) en términos interanuales (T4). Este crecimiento se manifestó como consecuencia principalmente de la evolución positiva de las comisiones de comercialización de fondos de pensiones y seguros, que crecen un 48,9% respeto al ejercicio anterior.', 'Este dato no incluye CDS por aproximadamente 2.293 millones de euros de nominal que cubren préstamos, dado que contablemente se catalogan como garantías financieras en lugar de como derivados de crédito al no tener impacto su variación de valor sobre resultados ni sobre reservas para evitar asimetrías contables. 18.', 'El flujo libre de caja para el accionista del Grupo aumentó 630 millones de euros en 2017, debido al incremento del EBITDAR y del EBITDA antes de partidas excepcionales y a una ligera reducción neta de las inversiones en inmovilizado (CAPEX). El CAPEX neto es la adquisición y venta de inmovilizado material e inmaterial (2017: 1.184 millones de euros; 2016: 1.301 millones de euros).', 'La inversión crediticia neta se ha situado en 8.836 millones de euros, un decremento del 26,9% debido a la venta SUB, aunque aislando este impacto la inversión crece un 9,2% por el negocio de México.']",los nuevos préstamos superaron ligeramente los repagos en concepto de arrendamientos y amortizaciones de deuda del ejercicio actual,los nuevos préstamos superaron ligeramente los repagos en concepto de arrendamientos y amortizaciones de deuda del ejercicio actual,1.0,0.6666666666666666,1.0
¿Qué se consiguió en 2017 gracias a las nuevas aperturas y reformas en las tiendas?,"['Así, en 2017, gracias a las nuevas aperturas y reformas, alcanzamos ya un total de 5.068 tiendas ecoeficientes, lo que supone alrededor del 80% de nuestras propias tiendas.', 'Gracias a la colaboración con Inditex, en 2017 se han consolidado 32 proyectos de economía social, 1.139 personas han mejorado su empleabilidad, 849 de ellas han recibido formación y 460 además han encontrado un empleo.', 'En 2017 las ventas han aumentado un 4,3% como consecuencia de una ligera recuperación de la situación general económica y también del sector de la construcción.', 'Esta tendencia favorable se produjo a pesar de haberse generado menores comisiones de mantenimiento de cuentas debido a la suspensión de su cobro al segmento retail, impuesta por el Consejo de Estado turco, y de los altos ingresos generados en el 2016 por el programa de millas Miles & Smiles.', 'En 2017 continuó mejorando el mercado de la vivienda y la situación financiera de los hogares gracias al buen cuadro macroeconómico y en particular a la evolución del empleo.']","alcanzamos ya un total de 5.068 tiendas ecoeficientes, lo que supone alrededor del 80% de nuestras propias tiendas","alcanzamos ya un total de 5.068 tiendas ecoeficientes, lo que supone alrededor del 80% de nuestras propias tiendas",1.0,1.0,1.0
¿A qué se atribuye que el Grupo esté aumentando sus cuotas de mercado en Asia y Oceanía?,"['El Grupo es uno de los mayores fabricantes en Europa, el mayor de Estados Unidos, el único en el continente africano, y en la actualidad está aumentado sus cuotas de mercado en Asia y Oceanía gracias a las ventas de los productos fabricados en la nueva planta de Malasia.', 'La compañía ha ido ganando volumen merced a un modelo de negocio único en su sector, que le ha permitido aumentar su rentabilidad pese a los ciclos económicos adversos y ganarse la confianza del mercado.', 'Gracias a la introducción de tecnologías innovadoras y el desarrollo de nuevas soluciones y procesos de negocio, buscamos convertirnos en un Grupo más efectivo, eficiente y orientado al cliente.', 'LAS VENTAS crecieron debido a la incorporación de Oliveri (en 2013 sólo un mes) y Garofalo (desde el mes de junio). El impacto de los nuevos negocios es de 103 millones de euros. Ambas compañías son parte importante en la estrategia del Grupo y tienen un desarrollo específico para ampliar su distribución en mercados que entendemos complementarios.', 'Al cierre del ejercicio 2014, la actividad en las autopistas del Grupo presenta una evolución positiva, gracias a los incrementos registrados en los principales países en los que opera, incluyendo España –donde hay claras señales de recuperación de la actividad económica– y Francia –país caracterizado por un cierto estancamiento en el crecimiento en el ejercicio anterior–.']",a las ventas de los productos fabricados en la nueva planta de Malasia,a las ventas de los productos fabricados en la nueva planta de Malasia,1.0,1.0,1.0
¿Qué implica el hecho de que todas las propuestas deban pasar la tramitación por el Parlamento y el Consejo?,"['Todas las propuestas deben pasar la tramitación por el Parlamento y el Consejo, por lo que se estima que la tramitación se alargará hasta finales de 2018 y que entrarán en vigor en 2019.', 'Una de las grandes ventajas de este sistema es su transparencia, ya que estas ideas son visibles de forma inmediata para toda la plantilla de modo que pueden ser votadas o enriquecidas con opiniones o aportaciones complementarias.', 'El Consejo de Administración es el órgano responsable del establecimiento de las directrices generales sobre la distribución organizativa de las funciones de gestión y control de riesgos así como de determinar las principales líneas estratégicas al respecto. Por ello, es el órgano responsable de aprobar el marco estratégico de riesgos (desarrollado en colaboración entre el consejero delegado, director de riesgos y director financiero) y de asegurar que éste es consistente con los objetivos estratégicos de la entidad a corto y largo plazo, así como con el plan de negocio, la planificación de capital, la capacidad de riesgo y los programas de compensación.', 'Me resulta complicado abarcar en esta carta todos los aspectos de interés que pueden encontrar en el presente informe, por lo que les animo a leerlo con atención y detenimiento.', 'Como consecuencia de este cambio, se procedió al nombramiento de doña Patricia Estany como Consejera Coordinadora, a la que se han atribuido, además de las funciones previstas legalmente, todas las que recoge el artículo 15 del Reglamento del Consejo de Administración, cuyo contenido se ajusta a la Recomendación 34 del Código de Buen Gobierno.']",se estima que la tramitación se alargará hasta finales de 2018 y que entrarán en vigor en 2019,se estima que la tramitación se alargará hasta finales de 2018 y que entrarán en vigor en 2019,1.0,0.6666666666666666,1.0
¿Qué efecto tiene la complejidad del traslado a los clientes tras largas negociaciones con la distribución?,"['Un aumento de precios del coste de la materia prima en origen tan abrupto como el descrito impacta directamente en los márgenes, ya que el traslado a los clientes resulta complejo y es fruto de largas negociaciones con la distribución.', 'Los cambios también han afectado a la distribución que debe adaptarse a los nuevos gustos. Aparecen nuevas opciones frente a la distribución tradicional como la compra por internet (super on line) donde el crecimiento es muy relevante y las posiciones de los principales actores en muchas ocasiones es distinta a la que tiene la distribución tradicional. Como resultado, hemos asistido a operaciones de fusión/concentración en algunos mercados relevantes.', 'Por otro lado, Logista Pharma mantuvo su fuerte crecimiento gracias a su especialización en la logística a hospitales y a su modelo de distribución directa a farmacias, que aporta un servicio de claro valor añadido y aúna en un solo distribuidor las ventajas de la distribución directa desde el laboratorio y las de la distribución mayorista.', 'Sin considerar el efecto de este impuesto la variación sería del 25%, respondiendo fundamentalmente a los mayores ingresos por incremento del cargo de comercialización desde mayo de 2015 y el aumento de la demanda. A pesar del crecimiento del negocio de distribución de Colombia, el ebitda se ha visto afectado por el incremento significativo del coste de la energía, registrado principalmente desde el mes de septiembre debido a la situación climatológica del país.', 'La transformación digital está impactada por los cambios en los hábitos de los consumidores, y por ello se ha iniciado un nuevo modelo de relación con los clientes, buscando nuevas formas de acercarse, allí donde ellos estén, para ser más convenientes. El objetivo ha sido mejorar la propuesta de valor y servicio del Grupo, asegurando la metodología y sistemática comercial, adaptándose a los diferentes segmentos y llevando la relación con el cliente donde más lo necesita en cada momento.']",Un aumento de precios del coste de la materia prima en origen tan abrupto como el descrito impacta directamente en los márgenes,Un aumento de precios del coste de la materia prima en origen tan abrupto como el descrito impacta directamente en los márgenes,1.0,1.0,1.0
¿A qué se ha debido el sostenido incremento interanual de los ingresos y de doble dígito en OIBDA?,"['Telefónica Colombia (Variaciones interanuales en términos orgánicos) En el año 2014, Telefónica Colombia muestra unos sólidos resultados tanto en términos operativos (crecimiento de accesos en todos los servicios), como en términos financieros (sostenido incremento interanual de los ingresos y de doble dígito en OIBDA gracias a las eficiencias logradas).', 'Los ingresos del periodo enero-diciembre de 2014 ascienden a 1.719 millones de euros y aumentan un 7,8% interanual, debido al crecimiento tanto del negocio móvil como del fijo.', 'Los ingresos de terminales registran un significativo crecimiento interanual en el cuarto trimestre (+41,0%; +3,8% en el año) debido a la mayor actividad comercial de venta de equipos de gama alta.', 'La compañía ha ido ganando volumen merced a un modelo de negocio único en su sector, que le ha permitido aumentar su rentabilidad pese a los ciclos económicos adversos y ganarse la confianza del mercado.', 'Desde la fusión, sigue creciendo todos los meses respecto al mismo mes del año anterior, con lo que encadena, a cierre del Ejercicio 2014, 27 meses de crecimiento ininterrumpido.']",a las eficiencias logradas,a las eficiencias logradas,1.0,0.5,1.0
¿Cuál es la razón de que la deuda esté concentrada principalmente en euros?,"['• Mercados/Geografía (doméstico, extranjero): La Sociedad opera básicamente en el mercado nacional, por lo que la deuda está concentrada principalmente en euros.', 'Como consecuencia de la intervención del BCe en los mercados, la excepcionalidad en el área euro es tal que los tipos de interés negativos de la deuda pública se han convertido en habituales.', 'Entre el conjunto de desequilibrios financieros acumulados por la economía española, el excesivo endeudamiento de las empresas tiene especial relevancia por cuanto supone un freno a la recuperación de la inversión y por consiguiente a la recuperación del empleo.', 'Las ventas netas aumentaron un 25,7% en moneda local, pero descendieron un 1,5% en euros hasta los 3.122 millones debido a la depreciación de las divisas registradas en el año (-4,8% real brasileño, -37,4% peso argentino y -5,2% yuan chino)']",La Sociedad opera básicamente en el mercado nacional,La Sociedad opera básicamente en el mercado nacional,0.5,0.5,1.0
¿Qué permite obtener propiedades customizadas en una pieza de estampación en caliente? ,"['Consiste en obtener propiedades customizadas en una pieza de estampación en caliente gracias al uso de diferentes tasas de enfriamiento en el troquel, con zonas calentadas y enfriadas parcialmente.', 'Una de las grandes ventajas de este sistema es su transparencia, ya que estas ideas son visibles de forma inmediata para toda la plantilla de modo que pueden ser votadas o enriquecidas con opiniones o aportaciones complementarias.', 'También se ha mejorado la interfaz gráfica general, con lo que se consigue una mejor experiencia de usuario.', 'Ofrece a los usuarios una imagen tridimensional del objeto que se inspecciona, con lo que se ofrece una visión clara acerca del alcance y naturaleza de los posibles defectos.', 'Gracias al modelo integrado de tiendas y online, nuestros clientes se relacionan con nuestras marcas en el momento, el lugar y el modo que sea más conveniente según sus necesidades.']","el uso de diferentes tasas de enfriamiento en el troquel, con zonas calentadas y enfriadas parcialmente","diferentes tasas de enfriamiento en el troquel, con zonas calentadas y enfriadas parcialmente",0.75,0.6666666666666666,1.0
"¿Cuál es la consecuencia de esta práctica, cada vez más extendida dentro del Grupo?","['Esta práctica está cada vez más extendida dentro del Grupo, por ello, durante 2016, 41.085 de nuestras estaciones base eran compartidas.', 'El Grupo tiene una obligación presente (ya sea legal o implícita) como resultado de un suceso pasado.', 'Gracias a la introducción de tecnologías innovadoras y el desarrollo de nuevas soluciones y procesos de negocio, buscamos convertirnos en un Grupo más efectivo, eficiente y orientado al cliente.', 'Asimismo, y tal y como se describe en la nota 31.2.o, el Grupo aplica la contabilidad de coberturas al objeto de mitigar la volatilidad que se produciría en la cuenta de pérdidas y ganancias consolidada como consecuencia de la existencia de transacciones relevantes en moneda extranjera.', 'En el Grupo no existen restricciones al derecho de voto, ya que cada acción da derecho a un voto.']","durante 2016, 41.085 de nuestras estaciones base eran compartidas","durante 2016, 41.085 de nuestras estaciones base eran compartidas",1.0,1.0,0.75
¿Qué supone que sus empleados sean uno de sus principales activos?,"['Pensamos que nuestros empleados son uno de nuestros principales activos y por eso tenemos el firme compromiso de invertir en ellos y ayudarles a reforzar sus habilidades, capacidades y conocimientos, con el fin de que puedan ofrecer soluciones innovadoras a todos nuestros clientes y contribuir al crecimiento y la estrategia de negocio del Grupo.', 'La fidelidad de los clientes del Grupo es uno de los principales activos de la Compañía, y es por ello que se realizan importantes esfuerzos por mantener a los clientes con más antigüedad a través de la medición de su satisfacción.', 'En Bankia, el cliente es el mayor activo y, por ello, ofrecerle un alto grado de profesionalidad y un servicio de calidad es objetivo fundamental.', 'Con una plantilla superior a las 60 personas, y una facturación anual cercana a los 10 millones de euros, ha experimentado un importante crecimiento durante los últimos años gracias a la apuesta realizada por modernizar sus instalaciones, métodos y procesos productivos.  Crecimiento significativo en negocios relacionados con el diseño y construcción de sistemas de transporte llave en mano para operar y, cuando los clientes así lo requieran, realizar su mantenimiento Uoperación, en solitario o en alianza, incluyendo inversión de capital según el caso.  Continuación del esfuerzo inversor en desarrollo tecnológico, tanto en lo referido a tecnologías como a productos de alto valor añadido, comercializables a nivel de componente, subsistema o material destinado a proveer a los clientes en todas nuestras ramas de actividad (material rodante, señalización, energía, gestión de datos, inspecciones, etc.).', 'Grupo Logista tiene en sus profesionales una de las principales ventajas competitivas. En consecuencia, el Grupo invierte en el desarrollo de sus profesionales y procura que su talento, profesionalidad y capacidad se desarrollen en el mejor ambiente posible, extendiendo a este ámbito el principio de la mutua creación de valor.']","tenemos el firme compromiso de invertir en ellos y ayudarles a reforzar sus habilidades, capacidades y conocimientos, con el fin de que puedan ofrecer soluciones innovadoras a todos nuestros clientes y contribuir al crecimiento y la estrategia de negocio del Grupo","tenemos el firme compromiso de invertir en ellos y ayudarles a reforzar sus habilidades, capacidades y conocimientos",0.75,1.0,1.0
¿A qué se le atribuye el hecho de que Europa haya tenido una primera miad del año con fuerte incremento del consumo aparente?,"['Europa ha tenido una primera mitad del año con fuerte incremento del consumo aparente, debido al incremento en la utilización por parte de los clientes finales pero también debido a la recuperación de stocks en la cadena de suministro.', 'A pesar de los esfuerzos, este año el consumo energético fue superior al de 2015 debido a una mayor producción.', 'Dado que la mayor parte de la producción generada por la división mediterránea tiene lugar en el tercer trimestre del año, coincidiendo con la temporada alta de los hoteles vacacionales en España, cabe comentar que la temporada estival registró un fuerte incremento en la demanda turística, tanto doméstica, como extranjera (excepto por la caída del mercado ruso), acusando una confluencia de factores endógenos, como la recuperación de la economía y el empleo en España, y exógenos, como la bajada del precio del petróleo, la evolución de los tipos de interés con el dólar y la libra, y lamentablemente, la inestabilidad de algunos destinos competidores de sol y playa en el Mediterráneo y norte de África.', 'Portugal también respondió bien el ejercicio pasado, el primero completo con nosotros, y tuvo incrementos notables en recursos minoristas e inversión crediticia, en parte como consecuencia de la mejora de la situación macroeconómica del país.', 'Estados Unidos, por su parte, experimentó cierta ralentización en su crecimiento, con un incremento anual del PIB del 1,6%, pero con un satisfactorio cuadro macroeconómico: prácticamente pleno empleo, inflación controlada, incremento del número de asalariados con mejoras en los salarios medios y un índice de confianza de los consumidores positivo gracias al impulso fiscal anunciado por el nuevo presidente.']",al incremento en la utilización por parte de los clientes finales pero también debido a la recuperación de stocks en la cadena de suministro,al incremento en la utilización por parte de los clientes finales pero también debido a la recuperación de stocks en la cadena de suministro,1.0,0.5,1.0
"¿De qué forma el oyente, además  de poder escuchar la radio en directo, puede dar su opinión sobre los contenidos?","['Gracias a la renovada www.ondacero.es, a www.europafm.com y desde enero de 2014, a www.melodía-fm.com además de poder escuchar la radio en directo, el oyente puede dar su opinión sobre los contenidos.', 'Hoy en día somos lo que somos, gracias a la confianza que la empresa tuvo en nosotros y destacaría dos razonamientos claros: primero, que somos una radio comercial donde tenemos que hacer buena radio para ser un buen soporte publicitario y segundo que es fundamental saber que por motivos de cobertura somos segundos, pero no podemos pensar en ser segundones"".', 'Con esta integración, el proyecto de El Estirón toma una dimensión más amplia y gana en difusión, gracias a la sinergia de los soportes y altavoces con los que cuenta objetivo Bienestar.', 'Una de las grandes ventajas de este sistema es su transparencia, ya que estas ideas son visibles de forma inmediata para toda la plantilla de modo que pueden ser votadas o enriquecidas con opiniones o aportaciones complementarias.', 'Ofrece a los usuarios una imagen tridimensional del objeto que se inspecciona, con lo que se ofrece una visión clara acerca del alcance y naturaleza de los posibles defectos.']","a la renovada www.ondacero.es, a www.europafm.com y desde enero de 2014, a www.melodía-fm.com","la renovada www.ondacero.es, a www.europafm.com y desde enero de 2014, a www.melodía-fm.com",1.0,1.0,1.0
"¿Qué provocó que en 2017 las ventas hayan aumentado un 4,3%?","['En 2017 las ventas han aumentado un 4,3% como consecuencia de una ligera recuperación de la situación general económica y también del sector de la construcción.', 'En 2017 continuó mejorando el mercado de la vivienda y la situación financiera de los hogares gracias al buen cuadro macroeconómico y en particular a la evolución del empleo.', 'Los clientes digitales aumentaron en el año 2017 un 10%, hasta los 4,4 millones de clientes, como resultado de nuestro firme compromiso con la transformación digital.', 'La plantilla aumentó un 2,6% dado que se han puesto en marcha nuevas líneas y que ha aumentado la producción.', 'La compañía ha ido ganando volumen merced a un modelo de negocio único en su sector, que le ha permitido aumentar su rentabilidad pese a los ciclos económicos adversos y ganarse la confianza del mercado.']",consecuencia de una ligera recuperación de la situación general económica y también del sector de la construcción,una ligera recuperación de la situación general económica y también del sector de la construcción,0.75,1.0,1.0
¿Qué se ha conseguido con los más de 42000 microcréditos concedidos?,"['En Camboya, en concreto, más de 190.000 personas tienen hoy acceso a saneamiento y agua potable gracias a los más de 42.000 microcréditos concedidos.', 'Gracias a la colaboración con Inditex, en 2017 se han consolidado 32 proyectos de economía social, 1.139 personas han mejorado su empleabilidad, 849 de ellas han recibido formación y 460 además han encontrado un empleo.', 'Gracias a esta intervención, se ha atendido a cerca de 70.000 personas en consultas externas y de salud mental.', 'Los préstamos a las empresas crecieron un 8%, por lo que el total de préstamos asciende a 23.900 millones de libras.', 'En 2016, 4 millones de nuevos clientes han confiado en nosotros, con lo que la cifra total de clientes del Banco es ya de 125 millones.']","En Camboya, en concreto, más de 190.000 personas tienen hoy acceso a saneamiento y agua potable","En Camboya, en concreto, más de 190.000 personas tienen hoy acceso a saneamiento y agua potable",0.5,1.0,0.75
¿Qué consecuencias tiene abarcar cuestiones adicionales de sostenibilidad ambiental?,"['Simultáneamente, hemos comenzado a trabajar en la cuarta edición, que supondrá una importante ampliación del alcance del programa, ya que también abarcará cuestiones adicionales de sostenibilidad ambiental.', 'Somos conscientes del impacto de nuestra actividad en la sociedad y, por ello, buscamos procesos más eficientes e innovadores, apoyándonos en las nuevas tecnologías, que nos permitan contribuir de forma positiva a lograr un entorno más sostenible.', 'Asimismo, tras la COP21 la preocupación de los Estados por la lucha contra el cambio climático creció considerablemente, por lo que se espera que se intensifique la presión regulatoria sobre el sector energético, entre otros.', 'Esta nueva revolución está creando también nuevos desafíos sociales y de sostenibilidad, por lo que debemos estar preparados para hacerles frente.', 'En 2015, a pesar de avanzar en la certificación de nuevos sistemas de gestión ambiental conforme a ISO 14001 y a los requisitos internos, se ha registrado una disminución del porcentaje de ebitda certificado, como consecuencia de la incorporación de nuevas actividades en Chile donde se está trabajando en adaptarlas a los referenciales internacionales y a los requerimientos internos en materia de gestión ambiental. En materia de cambio climático este año se ha mantenido el avance de los diferentes proyectos encaminados a la determinación de nuestra huella de carbono e identificación de los riesgos y oportunidades derivados del cambio climático.']","hemos comenzado a trabajar en la cuarta edición, que supondrá una importante ampliación del alcance del programa","hemos comenzado a trabajar en la cuarta edición, que supondrá una importante ampliación del alcance del programa",0.75,1.0,1.0
¿Qué supone la digitalización para satisfacer las demandas de nuestros clientes y preparar la Compañía para un mundo hiperconectado?,"['La digitalización es necesaria para satisfacer las demandas de nuestros clientes, ofrecer la mejor experiencia diferencial y preparar la Compañía para un mundo hiperconectado. Por ello, desde Telefónica transformamos nuestro negocio buscando la automatización y la gestión en tiempo real de todos los procesos, impulsando la multicanalidad, reduciendo los costes asociados a la atención de los clientes y, a su vez, mejorando su experiencia y satisfacción con nuestros servicios.', 'La transformación digital está impactada por los cambios en los hábitos de los consumidores, y por ello se ha iniciado un nuevo modelo de relación con los clientes, buscando nuevas formas de acercarse, allí donde ellos estén, para ser más convenientes. El objetivo ha sido mejorar la propuesta de valor y servicio del Grupo, asegurando la metodología y sistemática comercial, adaptándose a los diferentes segmentos y llevando la relación con el cliente donde más lo necesita en cada momento.', 'Santander quiere proporcionar a sus clientes una experiencia de servicio excelente y, por ello, durante este año ha puesto en marcha nuevas iniciativas que pretenden mejorar los procesos desde la visión del cliente incorporando los beneficios que supone la transformación digital.', 'Gracias a la introducción de tecnologías innovadoras y el desarrollo de nuevas soluciones y procesos de negocio, buscamos convertirnos en un Grupo más efectivo, eficiente y orientado al cliente.', 'La revolución digital, y sus implicaciones en términos de cambio de los procesos productivos, está llegando cada vez a un mayor número de sectores. Por ello, Dominion ofrece hoy soluciones y servicios a empresas en un amplio abanico de sectores y es previsible que este número se incremente en el futuro próximo.']","desde Telefónica transformamos nuestro negocio buscando la automatización y la gestión en tiempo real de todos los procesos, impulsando la multicanalidad, reduciendo los costes asociados a la atención de los clientes y, a su vez, mejorando su experiencia y satisfacción con nuestros servicios","desde Telefónica transformamos nuestro negocio buscando la automatización y la gestión en tiempo real de todos los procesos, impulsando la multicanalidad, reduciendo los costes asociados a la atención de los clientes y, a su vez, mejorando su experiencia y satisfacción con nuestros servicios",1.0,1.0,1.0
"¿Qué efecto han supuesto las acciones de patrocinio, mecenazgo y de responsabilidad social corporativa?","['Todas las marcas han realizado una más que destacable función social y cultural en sus territorios de influencia gracias a acciones de patrocinio, mecenazgo y de responsabilidad social corporativa.', 'En el negocio de corporate finance, ha existido una elevada actividad en el año 2017 y se ha llevado a cabo una gran labor de marketing, gracias a la cual BBVA ha obtenido numerosos mandatos, reforzando su posición de mercado en este negocio.', '2014 ha sido el primer año de la ejecución del Plan Estratégico a cinco años, un ejercicio en el que la Compañía ha vivido una profunda transformación gracias a la puesta en marcha de las iniciativas del Plan y sus positivos resultados.', 'Gracias a la emisión de la serie de Antena 3, Tiempos de Guerra, la campaña ha tenido gran repercusión y visibilidad. 7.3.3.', 'Los estímulos gubernamentales parecen estar fomentando el crecimiento por medio tanto del consumo privado, que está redundando en una mejora de la confianza de los consumidores, como de la inversión, la cual está aumentando gracias a las facilidades de acceso al crédito impulsadas por el Fondo de Garantía del Crédito (CGF, por su siglas en inglés).']",Todas las marcas han realizado una más que destacable función social y cultural en sus territorios de influencia,Todas las marcas han realizado una más que destacable función social y cultural en sus territorios de influencia ,1.0,0.6666666666666666,1.0
¿Qué ha provocado el estancamiento del mercado sudafricano?,"['Debido al estancamiento del mercado sudafricano, Columbus ha debido exportar una mayor parte de su producción a los restantes mercados del Grupo, en los que se ha beneficiado de la devaluación de la moneda local, el rand sudafricano.', 'En 2014 ha continuado la caída en ventas como consecuencia de la situación general económica y en particular del sector de la construcción.', 'La cifra de negocio disminuyó un 14,0% hasta los 401,3 millones de euros, debido a una severa bajada del mercado local y a las fluctuaciones adversas de tipo de cambio tanto en Brasil como en Argentina.', 'El ebitda disminuye un 20,9% debido al impacto de una menor demanda y un efecto negativo de los tipos de cambio (–46 millones de euros).', 'De igual forma, entendemos que la innovación, la investigación y el desarrollo de nuevos servicios y productos son la única vía para afianzar nuestro liderazgo en el mercado internacional de la seguridad privada. Además, queremos seguir creciendo junto a nuestros clientes y a comienzos de 2016 anunciamos nuestra entrada en el accionariado de la compañía de logística de valores y gestión de efectivo sudafricana SBV Services, con lo que ya contamos con presencia en los cinco continentes. Nuestra llegada al continente africano es un paso adelante que nos llena de ilusión. Aportaremos toda nuestra experiencia y, al mismo tiempo, aprenderemos de sus mejores prácticas. Estamos seguros de que trabajando juntos ésta será una etapa de crecimiento y desarrollo junto a nuestros nuevos socios.']","Columbus ha debido exportar una mayor parte de su producción a los restantes mercados del Grupo, en los que se ha beneficiado de la devaluación de la moneda local, el rand sudafricano","Columbus ha debido exportar una mayor parte de su producción a los restantes mercados del Grupo, en los que se ha beneficiado de la devaluación de la moneda local, el rand sudafricano",1.0,1.0,1.0
"¿Qué implica que, desde la fusión, siga creciendo todos los meses respecto al mismo mes del año anterior?","['Desde la fusión, sigue creciendo todos los meses respecto al mismo mes del año anterior, con lo que encadena, a cierre del Ejercicio 2014, 27 meses de crecimiento ininterrumpido.', 'Un crecimiento que hemos alcanzado sin realizar ampliaciones de capital y gracias a una política prudente de distribución del dividendo.', 'La compañía ha ido ganando volumen merced a un modelo de negocio único en su sector, que le ha permitido aumentar su rentabilidad pese a los ciclos económicos adversos y ganarse la confianza del mercado.', 'Nuestra trayectoria avala ese propósito de estabilidad, porque mantenemos el nombre, no nos hemos fusionado con nadie y no hemos comprado nada en España.', 'El resultado antes de impuestos, que refleja mejor la evolución del negocio, crece un 8% gracias al aumento de volúmenes, la buena gestión de márgenes y el control de costes.']","encadena, a cierre del Ejercicio 2014, 27 meses de crecimiento ininterrumpido","encadena, a cierre del Ejercicio 2014, 27 meses de crecimiento ininterrumpido",1.0,1.0,1.0
¿Qué les permite afirmar que hoy en día son lo que son?,"['Hoy en día somos lo que somos, gracias a la confianza que la empresa tuvo en nosotros y destacaría dos razonamientos claros: primero, que somos una radio comercial donde tenemos que hacer buena radio para ser un buen soporte publicitario y segundo que es fundamental saber que por motivos de cobertura somos segundos, pero no podemos pensar en ser segundones"".', 'Nuestra evolución en los últimos años y nuestras fortalezas nos permiten acelerar nuestra transformación', 'Somos lo que somos porque durante todos estos años hemos sabido como nadie adelantarnos, innovar y prepararnos, en definitiva, para el cambio.', 'Personas a las que quiero hacer llegar desde aquí mi más sincero agradecimiento, pues su contribución y compromiso han sido, y son, piedra angular para la consecución de nuestros objetivos y para nuestro futuro.', 'El Grupo tiene una obligación presente (ya sea legal o implícita) como resultado de un suceso pasado.']","la confianza que la empresa tuvo en nosotros y destacaría dos razonamientos claros: primero, que somos una radio comercial donde tenemos que hacer buena radio para ser un buen soporte publicitario y segundo que es fundamental saber que por motivos de cobertura somos segundos, pero no podemos pensar en ser segundones","la confianza que la empresa tuvo en nosotros y destacaría dos razonamientos claros: primero, que somos una radio comercial donde tenemos que hacer buena radio para ser un buen soporte publicitario y segundo que es fundamental saber que por motivos de cobertura somos segundos, pero no podemos pensar en ser segundones",1.0,0.6,1.0
¿Debido a qué está segura de que lo conseguirán?,"['Estoy segura de que lo conseguiremos porque contamos con un equipo dispuesto a esforzarse al máximo para dar el mejor servicio a los clientes.', 'Durante muchas generaciones hemos aplicado nuestro conocimiento y experiencia para innovar y reinventar la manera de hacer banca, manteniendo las fortalezas que nos han acompañado siempre. Estoy convencida de que lograremos el éxito porque:  nuestro crecimiento, rentabilidad y fortaleza de balance demuestran que nuestra estrategia está funcionando;  nuestro tamaño, diversificación y predictibilidad nos aportan una base sólida para innovar;  nuestra cultura —nuestro foco constante en ser un banco responsable— reforzará la confianza de las personas en nuestra marca.', 'La compañía ha ido ganando volumen merced a un modelo de negocio único en su sector, que le ha permitido aumentar su rentabilidad pese a los ciclos económicos adversos y ganarse la confianza del mercado.', 'En este sentido, me gustaría enfatizar que nuestro retorno más inmediato se produce hacia los 37 millones de clientes que confían en nosotros, porque una aseguradora más eficaz siempre ofrece mejores productos y servicios.', 'Soy una incondicional de la unidad europea, porque creo que unidos podemos hacer muchísimo más que separados.']",contamos con un equipo dispuesto a esforzarse al máximo para dar el mejor servicio a los clientes,contamos con un equipo dispuesto a esforzarse al máximo para dar el mejor servicio a los clientes,1.0,1.0,1.0
¿A qué se atribuye que el volumen de escombros haya caído un 27%?,"['También el volumen de escombros ha caído un 27 %, debido a la diferencia en la tipología de residuo que han producido las obras realizadas.', 'Gracias a estas y otras mejoras, las incidencias en todas las plataformas se han reducido en un 61% con respecto al año anterior.', 'El total del alcance 1 y 2, foco principal de las emisiones de la entidad al representar el 63,4% de su huella total, han experimentado un descenso del 5% gracias a las diferentes medidas de eficiencia energética que se han ido implantando durante los últimos años, como el cambio de luminarias a sistema LED, las mejoras en domótica y climatización, y la renovación de equipamientos por otros más ecoeficientes, entre otras.', 'La tasa de morosidad se ha reducido desde el 1,35% en 2016 al 1,13% a diciembre de 2017, gracias a un entorno macroeconómico más favorable y la aplicación de políticas prudentes.', 'Gracias a estas reformas y a la plataforma EcoTool, se ha conseguido evitar la emisión a la atmósfera de un total de 9.816 toneladas de CO2.']",a la diferencia en la tipología de residuo que han producido las obras realizadas,a la diferencia en la tipología de residuo que han producido las obras realizadas,1.0,0.6666666666666666,1.0
¿Qué ha conseguido Indra gracias a una mayor contratación?,"['Desde el punto de vista de los resultados del ejercicio, Indra ha aumentado su cartera gracias a una mayor contratación y ha recuperado la rentabilidad con un margen EBIT positivo del 6% y con una generación de caja de 184 millones de euros. Desde el punto de vista operativo, han finalizado las principales acciones de restructuración y se empiezan a ver los resultados de las mismas.', 'La compañía ha ido ganando volumen merced a un modelo de negocio único en su sector, que le ha permitido aumentar su rentabilidad pese a los ciclos económicos adversos y ganarse la confianza del mercado.', 'La plantilla aumentó un 2,6% dado que se han puesto en marcha nuevas líneas y que ha aumentado la producción.', 'Gracias a la colaboración con Inditex, en 2017 se han consolidado 32 proyectos de economía social, 1.139 personas han mejorado su empleabilidad, 849 de ellas han recibido formación y 460 además han encontrado un empleo.', 'CLAVES DEL EJERCICIO 2016 En 2016 Santander Chile logró una mejora sustancial en los indicadores de satisfacción de clientes gracias a la simplificación de procesos y a un mayor foco en el cliente, y cerrando así la brecha que existía con los principales competidores en materia de calidad de servicio.']",ha recuperado la rentabilidad con un margen EBIT positivo del 6% y con una generación de caja de 184 millones de euros,"Desde el punto de vista de los resultados del ejercicio, Indra ha aumentado su cartera",0.25,1.0,1.0
¿A qué se debe que los mercados emisores canadiense y latinoamericanos muestren un buen ritmo de crecimiento desde enero?,"['Los mercados emisores canadiense y latinoamericanos muestran un buen ritmo de crecimiento desde enero -debido a las mejores condiciones climáticas que se dieron en el periodo-, y parece ser que el mercado emisor estadounidense también podría mejorar sus cifras en el corto plazo.', 'Importante crecimiento de los ROF (+15,9% interanual), gracias al muy buen desempeño de la Unidad de Global Markets, fundamentalmente durante la primera parte del ejercicio.', 'Al margen de nuestra apuesta por Asia, seguimos focalizando nuestra inversión en otros mercados con fuerte potencial de crecimiento, como es el caso de México. En 2014, hemos desarrollado cuatro nuevos greenfields que revertirán en nuevos incrementos de los márgenes a futuro gracias al fuerte dinamismo de la demanda doméstica y al tirón de las exportaciones a Estados Unidos. Hoy, el mercado de NAFTA, supera ya el 20% de nuestras ventas.', 'En 2017 continuó mejorando el mercado de la vivienda y la situación financiera de los hogares gracias al buen cuadro macroeconómico y en particular a la evolución del empleo.', 'La vinculación del sector del seguro con el entorno macroeconómico resulta indudable. En este sentido, la economía mundial mejoró en los últimos meses del 2016 gracias a la recuperación de economías avanzadas como las de Estados Unidos, Europa y China, marcando una tendencia de aceleración que se prevé continúe durante el 2017. En conjunto, la economía global creció un 3,1%, cifra inferior a la del 2015, pero superior a la prevista a principios de año.']",a las mejores condiciones climáticas que se dieron en el periodo,a las mejores condiciones climáticas que se dieron en el periodo,1.0,0.6666666666666666,1.0
"Que el factor climático tenga cada vez mayor importancia, ¿qué implicaciones tiene?","['El factor climático tiene cada vez mayor importancia, por lo que impulsar y fomentar acciones para proteger el medioambiente y luchar contra su degradación adquieren una importancia capital.', 'Asimismo, tras la COP21 la preocupación de los Estados por la lucha contra el cambio climático creció considerablemente, por lo que se espera que se intensifique la presión regulatoria sobre el sector energético, entre otros.', 'En este sentido ha hecho, junto con otros bancos, un llamamiento público a todas las entidades signatarias de los Principios de Ecuador para que apoyen la ampliación de esta exigencia.finanzas sosteniBles 2017 P.97 Finanzas sostenibles Los bancos juegan un papel crucial en la lucha contra el cambio climático gracias a su posición única para movilizar capital mediante inversiones, préstamos y funciones de asesoramiento.', 'Llevamos años siendo cada vez más y más eficientes, por eso también cada vez es más difícil mejorar.', 'Nuestra evolución en los últimos años y nuestras fortalezas nos permiten acelerar nuestra transformación']",impulsar y fomentar acciones para proteger el medioambiente y luchar contra su degradación adquieren una importancia capital,impulsar y fomentar acciones para proteger el medioambiente y luchar contra su degradación adquieren una importancia capital,1.0,1.0,1.0
¿A qué se debe que LUCA juegue un papel clave en el posicionamiento de Telefónica como uno de los líderes en el mercado de Big Data?,"['Esta unidad, lanzada en 2016, cuenta en la actualidad con más de más de 150 proyectos en 8 países diferentes en materias como transporte, comercio, turismo, finanzas o publicidad. LUCA juega un papel clave en el posicionamiento de Telefónica como uno de los líderes en el mercado de Big Data debido a nuestra oferta multisectorial.', 'La digitalización es necesaria para satisfacer las demandas de nuestros clientes, ofrecer la mejor experiencia diferencial y preparar la Compañía para un mundo hiperconectado. Por ello, desde Telefónica transformamos nuestro negocio buscando la automatización y la gestión en tiempo real de todos los procesos, impulsando la multicanalidad, reduciendo los costes asociados a la atención de los clientes y, a su vez, mejorando su experiencia y satisfacción con nuestros servicios.', '2018: Telefónica es incluida en el índice global Bloomberg de igualdad de género, gracias a sus políticas de trabajo flexible, sus programas de desarrollo de mujeres y de sensibilización a la alta dirección, junto con otras cuatro telcos del mundo.', 'Telefónica Colombia (Variaciones interanuales en términos orgánicos) En el año 2014, Telefónica Colombia muestra unos sólidos resultados tanto en términos operativos (crecimiento de accesos en todos los servicios), como en términos financieros (sostenido incremento interanual de los ingresos y de doble dígito en OIBDA gracias a las eficiencias logradas).', 'En la variable de las audiencias televisivas, que marcan la pauta a los anunciantes para realizar sus inversiones, Mediaset España ha sido el grupo audiovisual líder con el dato más alto de su historia, un 30,7% de share.Telecinco ha sido por tercer año consecutivo la cadena más vista con su mejor dato de los últimos cuatro años, Cuatro ha cerrado el año también con su mejor dato anual desde esa misma fecha y los temáticos han vuelto a crecer, siendo Factoría de Ficción el canal de nicho más visto de 2014 y el resto -Divinity, Energy y Boingliderando en sus respectivos targets objetivos. Respecto a nuestra presencia en internet y redes sociales, podemos afirmar que estamos en la mejor de las posiciones para llegar al consumidor multipantalla, porque la interactividad y la transversalidad de nuestros contenidos televisivos nos colocan en una posición incontestable, como el grupo audiovisual con mayor tráfico en internet con un promedio mensual de 10 millones de usuarios únicos y 54,1 millones de comentarios en las redes sociales en 2014.']",a nuestra oferta multisectorial,a nuestra oferta multisectorial,1.0,1.0,1.0
"¿Qué factor contribuyó a que mejorara en 1,1 puntos más el resultado del año anterior?","['La fase de grupos de la temporada 2016-17 promedió un 28,0 % y 5.080.000 espectadores, con lo que mejoró en 1,1 puntos más el resultado del año anterior.', 'Gracias a esta medida, hemos mejorado la densidad de dichos envíos en un 1,5% respecto al año anterior.', 'Gracias a estas y otras mejoras, las incidencias en todas las plataformas se han reducido en un 61% con respecto al año anterior.', 'CLAVES DEL EJERCICIO 2016 En 2016 Santander Chile logró una mejora sustancial en los indicadores de satisfacción de clientes gracias a la simplificación de procesos y a un mayor foco en el cliente, y cerrando así la brecha que existía con los principales competidores en materia de calidad de servicio.', 'Esta operación es positiva para los accionistas, ya que se estima que mejora el beneficio por acción (BPA) desde 2016.']","La fase de grupos de la temporada 2016-17 promedió un 28,0 % y 5.080.000 espectadores","La fase de grupos de la temporada 2016-17 promedió un 28,0 % y 5.080.000 espectadores",1.0,0.6666666666666666,1.0
¿Qué consecuencias tuvo la mejora de la situación macroeconómica del país?,"['Portugal también respondió bien el ejercicio pasado, el primero completo con nosotros, y tuvo incrementos notables en recursos minoristas e inversión crediticia, en parte como consecuencia de la mejora de la situación macroeconómica del país.', 'Estados Unidos, por su parte, experimentó cierta ralentización en su crecimiento, con un incremento anual del PIB del 1,6%, pero con un satisfactorio cuadro macroeconómico: prácticamente pleno empleo, inflación controlada, incremento del número de asalariados con mejoras en los salarios medios y un índice de confianza de los consumidores positivo gracias al impulso fiscal anunciado por el nuevo presidente.', 'En 2017 continuó mejorando el mercado de la vivienda y la situación financiera de los hogares gracias al buen cuadro macroeconómico y en particular a la evolución del empleo.', 'La vinculación del sector del seguro con el entorno macroeconómico resulta indudable. En este sentido, la economía mundial mejoró en los últimos meses del 2016 gracias a la recuperación de economías avanzadas como las de Estados Unidos, Europa y China, marcando una tendencia de aceleración que se prevé continúe durante el 2017. En conjunto, la economía global creció un 3,1%, cifra inferior a la del 2015, pero superior a la prevista a principios de año.', 'Esta tendencia favorable se produjo a pesar de haberse generado menores comisiones de mantenimiento de cuentas debido a la suspensión de su cobro al segmento retail, impuesta por el Consejo de Estado turco, y de los altos ingresos generados en el 2016 por el programa de millas Miles & Smiles.']","Portugal también respondió bien el ejercicio pasado, el primero completo con nosotros, y tuvo incrementos notables en recursos minoristas e inversión crediticia","Portugal también respondió bien el ejercicio pasado, el primero completo con nosotros, y tuvo incrementos notables en recursos minoristas e inversión crediticia",1.0,1.0,1.0
¿Por qué se afirma que el resultado obtenido ha sido positivo?,"['Esta operación es positiva para los accionistas, ya que se estima que mejora el beneficio por acción (BPA) desde 2016.', 'Después de un primer trimestre exigente como empresa cotizada y a pesar de las dificultades experimentadas por la industria del petróleo y el gas, que es una parte importante de nuestra actividad, me complace anunciar que, gracias a la gestión y dirección de Fernando Basabe y de su equipo, el Grupo ha logrado obtener resultados conforme a nuestras expectativas.', 'El año pasado resultó especialmente gratificante porque de los 72 tests que se realizaron no se detectó ningún positivo por VIH.', 'Como resultado de esa experiencia, Sasso ha lanzado un exitoso test en Arabia Saudí.', 'Estoy segura de que lo conseguiremos porque contamos con un equipo dispuesto a esforzarse al máximo para dar el mejor servicio a los clientes.']",se estima que mejora el beneficio por acción (BPA) desde 2016,que la mejora en los sistemas de gestión ha repercutido en las condiciones laborales de sus trabajadores.,0.25,1.0,1.0
¿Qué genera esta esta vocación de excelencia?,"['Gracias a esta vocación de excelencia, la compañía mantiene certificaciones en los campos de gestión de calidad, gestión ambiental y seguridad y salud.', 'Somos lo que somos porque durante todos estos años hemos sabido como nadie adelantarnos, innovar y prepararnos, en definitiva, para el cambio.', 'Applus+ cuenta con profesionales de gran talento, comprometidos y apasionados, que han contribuido al crecimiento y a la diversificación del negocio durante muchos años y por este motivo me gustaría expresarles mi agradecimiento por la gran labor que han realizado.', 'Estoy segura de que lo conseguiremos porque contamos con un equipo dispuesto a esforzarse al máximo para dar el mejor servicio a los clientes.', 'Personas a las que quiero hacer llegar desde aquí mi más sincero agradecimiento, pues su contribución y compromiso han sido, y son, piedra angular para la consecución de nuestros objetivos y para nuestro futuro.']","la compañía mantiene certificaciones en los campos de gestión de calidad, gestión ambiental y seguridad y salud","la compañía mantiene certificaciones en los campos de gestión de calidad, gestión ambiental y seguridad y salud",1.0,1.0,1.0
¿Por qué no produce impactos en la biodiversidad?,"['Señale si existen colaboraciones con terceros para proteger o restaurar áreas de hábitat distintas de aquellas en las que la organización ha supervisado o ejecutado medidas de restauración protección y el estado final. Atresmedia desarrolla su actividad en zonas urbanas que no afectan a espacios naturales por lo que no produce impactos en la biodiversidad', 'Gracias a estas reformas y a la plataforma EcoTool, se ha conseguido evitar la emisión a la atmósfera de un total de 9.816 toneladas de CO2.', 'El impacto no fue duradero, ya que en los meses siguientes se redujo la volatilidad, la renta variable se recuperó y bajó la aversión al riesgo.', 'Nuestra trayectoria avala ese propósito de estabilidad, porque mantenemos el nombre, no nos hemos fusionado con nadie y no hemos comprado nada en España.', 'Un crecimiento que hemos alcanzado sin realizar ampliaciones de capital y gracias a una política prudente de distribución del dividendo.']",Atresmedia desarrolla su actividad en zonas urbanas que no afectan a espacios naturales,Atresmedia desarrolla su actividad en zonas urbanas que no afectan a espacios naturales,1.0,1.0,1.0
¿Qué ha permitido un importante crecimiento durante los últimos años? ,"['Nuestra evolución en los últimos años y nuestras fortalezas nos permiten acelerar nuestra transformación', 'Un crecimiento que hemos alcanzado sin realizar ampliaciones de capital y gracias a una política prudente de distribución del dividendo.', 'La compañía ha ido ganando volumen merced a un modelo de negocio único en su sector, que le ha permitido aumentar su rentabilidad pese a los ciclos económicos adversos y ganarse la confianza del mercado.', 'Desde la fusión, sigue creciendo todos los meses respecto al mismo mes del año anterior, con lo que encadena, a cierre del Ejercicio 2014, 27 meses de crecimiento ininterrumpido.', 'En 2017 las ventas han aumentado un 4,3% como consecuencia de una ligera recuperación de la situación general económica y también del sector de la construcción.']",nuestras fortalezas nos permiten acelerar nuestra transformación,"la apuesta realizada por modernizar sus instalaciones, métodos y procesos productivos",0.25,0.3333333333333333,1.0
¿Por qué el propano canalizado será conectado a la red de distribución de gas natural?,"['El 30 de septiembre de 2015 se firmó un acuerdo con Repsol Butano para la compra de activos de propano canalizado, en virtud del cual Gas Natural Distribución adquirirá alrededor de 250.000 puntos de suministro que se encuentran en el área de influencia de sus zonas de distribución actuales, lo que permitirá que sean conectados a la red de distribución de gas natural.', 'Gas Natural Fenosa promueve la conciliación de la vida profesional y personal gracias al importante conjunto de medidas de flexibilización laboral, servicios y beneficios adaptados a las necesidades de los empleados.', 'Provisiones Se reconocen las provisiones cuando Gas Natural Fenosa tiene una obligación presente, ya sea legal o implícita, como resultado de sucesos pasados; hay más probabilidades de que vaya a ser necesaria una salida de recursos para liquidar la obligación que de lo contrario; y el importe se ha estimado de forma fiable.', 'Se reconoce como coste del sistema el desvío correspondiente a la retribución del gas natural destinado al mercado a tarifa procedente del contrato de Argelia y suministrado a través del gasoducto del Magreb, como consecuencia del Laudo dictado por la Corte Internacional de Arbitraje de París el día 9 de agosto de 2010.', 'En la web de Iberdrola se da acceso público a la información completa, acompañada de videos divulgativos. La electrificación de la economía es el camino para lograr su descarbonización. El sector eléctrico es el que mejor puede incorporar renovables, por ello es el que más esfuerzo ha realizado tanto en el desarrollo de las mismas, como por cumplir los objetivos de reducción de emisiones. El coste de penetración de renovables y de emisiones ha de ser soportado entre la electricidad, el gas, gasolinas y gasóleos, bajo el principio de ""quien contamina paga"".']","El 30 de septiembre de 2015 se firmó un acuerdo con Repsol Butano para la compra de activos de propano canalizado, en virtud del cual Gas Natural Distribución adquirirá alrededor de 250.000 puntos de suministro que se encuentran en el área de influencia de sus zonas de distribución actuales, lo que permitirá que sean conectados a la red de distribución de gas natural","El 30 de septiembre de 2015 se firmó un acuerdo con Repsol Butano para la compra de activos de propano canalizado, en virtud del cual Gas Natural Distribución adquirirá alrededor de 250.000 puntos de suministro que se encuentran en el área de influencia de sus zonas de distribución actuales",1.0,1.0,1.0
¿En qué repercutirá que los nuevos requisitos de contabilidad de coberturas se acerquen más a las políticas de gestión de riesgo de la entidad?,"['Dado que los nuevos requisitos de contabilidad de coberturas se acercarán más a las políticas de gestión de riesgo de la entidad, una evaluación preliminar de las actuales relaciones de cobertura del Grupo indica que éstas cumplirán con las condiciones para su continuidad como relaciones de cobertura con la aplicación de NIIF', 'Asimismo, y tal y como se describe en la nota 31.2.o, el Grupo aplica la contabilidad de coberturas al objeto de mitigar la volatilidad que se produciría en la cuenta de pérdidas y ganancias consolidada como consecuencia de la existencia de transacciones relevantes en moneda extranjera.', 'La morosidad y el coste de crédito permanecen en niveles estables gracias a la mejora de desempeño de las carteras de auto en SC USA, tras la implantación de la nueva política de riesgos que tuvo lugar en el primer trimestre, enfocada a mejorar el perfil de las nuevas operaciones, y tras los ajustes realizados en el sector de Oil&Gas, en línea con la industria, en Santander Bank.', 'Y también han de ser flexibles, porque la gestión de riesgos tiene que adaptarse rápidamente a nuevos entornos y escenarios imprevistos.', 'La entidad mantiene políticas de cobertura con el objetivo prioritario de minimizar el impacto negativo debido a movimientos adversos de los mercados de los cambios de divisas sobre las ratios de capital, así como sobre los resultados generados en su negocio en divisa. Las operaciones de cobertura cubren el riesgo de cambio de las inversiones realizadas en las sociedades del grupo radicadas en países cuya moneda funcional no es el euro (véase nota 4.4.3.1 apartado Riesgo estructural de tipo de cambio).']",una evaluación preliminar de las actuales relaciones de cobertura del Grupo indica que éstas cumplirán con las condiciones para su continuidad como relaciones de cobertura con la aplicación de NIIF,una evaluación preliminar de las actuales relaciones de cobertura del Grupo indica que éstas cumplirán con las condiciones para su continuidad como relaciones de cobertura con la aplicación de NIIF,1.0,1.0,1.0
¿Qué supone que nuestra estrategia de diversidad sea el resultado de adaptar nuestro negocio al entorno?,"['Así, nuestra estrategia de diversidad viene definida como el resultado inevitable y natural de adaptar nuestro negocio al entorno en el que operamos y, en consecuencia, entenderla como parte de nuestra realidad empresarial.', 'En un entorno de crecimiento económico tanto a nivel nacional como global – el PIB de España repuntó un 3,1% en 2017 en tasa interanual y el de la economía mundial un 3,7%- hemos sabido avanzar de forma firme pero no podemos olvidar que las incertidumbres del entorno pueden afectar a cualquier compañía de dimensión internacional y por ello, es importante contar con una relativa diversificación de la actividad.', 'Operamos en una industria global y altamente competitiva por lo que no sólo debemos adaptarnos de forma continuada a los requisitos de nuestros clientes sino que consideramos el desarrollo conjunto una oportunidad de ventaja competitiva.', 'La diversidad y la inclusión es para Acerinox un objetivo estratégico porque de lo que se trata es de atraer y retener el talento que se necesita para el éxito, proporcionando los mejores servicios a nuestros clientes en todo el mundo.', 'Y también han de ser flexibles, porque la gestión de riesgos tiene que adaptarse rápidamente a nuevos entornos y escenarios imprevistos.']",entenderla como parte de nuestra realidad empresarial,entenderla como parte de nuestra realidad empresarial,1.0,1.0,1.0
¿En qué han desembocado las conclusiones de este informe?,"['Como consecuencia de las conclusiones que ofreció este informe, se han identificado los puntos significativos y las mejoras que deben abordarse en los próximos años.', 'En el ejercicio 2017 se ha revisado el proceso de identificación y gestión de riesgos con la ayuda de un consultor externo y se ha incluido una nueva herramienta que facilita su gestión. Como resultado de este estudio, se han incluido 35 nuevos indicadores clave de riesgo (KRI), se han modificado 26 KRI existentes, y se han eliminado 18 KRI.', 'No quiero extenderme mucho en esto porque la consejera delegada lo explica con detalle en este mismo informe, pero sí quiero poner énfasis en la calidad de los resultados.', 'Me resulta complicado abarcar en esta carta todos los aspectos de interés que pueden encontrar en el presente informe, por lo que les animo a leerlo con atención y detenimiento.', 'Además, se ha procedido a revisar el estado actual de las instalaciones obteniendo como resultado unas propuestas de mejora de ahorro y eficiencia energética.']",se han identificado los puntos significativos y las mejoras que deben abordarse en los próximos años,se han identificado los puntos significativos y las mejoras que deben abordarse en los próximos años,1.0,1.0,1.0
¿Qué le ha llevado a ser una incondicional de la unidad europea?,"['Soy una incondicional de la unidad europea, porque creo que unidos podemos hacer muchísimo más que separados.', 'Nuestra trayectoria avala ese propósito de estabilidad, porque mantenemos el nombre, no nos hemos fusionado con nadie y no hemos comprado nada en España.', 'Somos lo que somos porque durante todos estos años hemos sabido como nadie adelantarnos, innovar y prepararnos, en definitiva, para el cambio.', 'Personas a las que quiero hacer llegar desde aquí mi más sincero agradecimiento, pues su contribución y compromiso han sido, y son, piedra angular para la consecución de nuestros objetivos y para nuestro futuro.', 'Estoy segura de que lo conseguiremos porque contamos con un equipo dispuesto a esforzarse al máximo para dar el mejor servicio a los clientes.']",creo que unidos podemos hacer muchísimo más que separados,creo que unidos podemos hacer muchísimo más que separados,1.0,0.6666666666666666,1.0
¿Por qué los planes de pensiones son una herramienta fundamental para fomentar la cultura del ahorro?,"['Los planes de pensiones son una herramienta fundamental para fomentar la cultura del ahorro, pues ayudan a que los trabajadores afronten su jubilación en mejores condiciones económicas, especialmente ahora que la presión demográfica amenaza la sostenibilidad del sistema público, al menos tal y como lo conocemos.', 'La capacidad de maximizar la utilización de nuestros activos durante su vida  útil es un factor importante dado que nuestra actividad requiere de importantes  inversiones.', 'En paralelo, continúa el crecimiento de los depósitos en los mercados maduros aunque a menor ritmo, como consecuencia de un mayor foco en la reducción del coste del pasivo, como principal palanca para recuperar margen de intereses en entornos de tipos de interés en mínimos.', 'Durante muchas generaciones hemos aplicado nuestro conocimiento y experiencia para innovar y reinventar la manera de hacer banca, manteniendo las fortalezas que nos han acompañado siempre. Estoy convencida de que lograremos el éxito porque:  nuestro crecimiento, rentabilidad y fortaleza de balance demuestran que nuestra estrategia está funcionando;  nuestro tamaño, diversificación y predictibilidad nos aportan una base sólida para innovar;  nuestra cultura —nuestro foco constante en ser un banco responsable— reforzará la confianza de las personas en nuestra marca.', 'Los estímulos gubernamentales parecen estar fomentando el crecimiento por medio tanto del consumo privado, que está redundando en una mejora de la confianza de los consumidores, como de la inversión, la cual está aumentando gracias a las facilidades de acceso al crédito impulsadas por el Fondo de Garantía del Crédito (CGF, por su siglas en inglés).']","ayudan a que los trabajadores afronten su jubilación en mejores condiciones económicas, especialmente ahora que la presión demográfica amenaza la sostenibilidad del sistema público, al menos tal y como lo conocemos","ayudan a que los trabajadores afronten su jubilación en mejores condiciones económicas, especialmente ahora que la presión demográfica amenaza la sostenibilidad del sistema público, al menos tal y como lo conocemos",1.0,0.6666666666666666,1.0
¿Qué permite a Telefónica ser incluida en el índice global Bloomberg de igualdad de género?,"['2018: Telefónica es incluida en el índice global Bloomberg de igualdad de género, gracias a sus políticas de trabajo flexible, sus programas de desarrollo de mujeres y de sensibilización a la alta dirección, junto con otras cuatro telcos del mundo.', 'La digitalización es necesaria para satisfacer las demandas de nuestros clientes, ofrecer la mejor experiencia diferencial y preparar la Compañía para un mundo hiperconectado. Por ello, desde Telefónica transformamos nuestro negocio buscando la automatización y la gestión en tiempo real de todos los procesos, impulsando la multicanalidad, reduciendo los costes asociados a la atención de los clientes y, a su vez, mejorando su experiencia y satisfacción con nuestros servicios.', 'Esta unidad, lanzada en 2016, cuenta en la actualidad con más de más de 150 proyectos en 8 países diferentes en materias como transporte, comercio, turismo, finanzas o publicidad. LUCA juega un papel clave en el posicionamiento de Telefónica como uno de los líderes en el mercado de Big Data debido a nuestra oferta multisectorial.', 'La apuesta por la Igualdad, diversidad y conciliación Atresmedia cuenta con un Plan de Igualdad firmado en 2014, centrado en los siguientes objetivos: Garantizar la igualdad de trato y oportunidades. Mejorar la conciliación laboral y familiar. Prevenir el acoso laboral. Proteger la maternidad Las medidas de fomento de la igualdad contempladas en el Plan se han visto acrecentadas en 2017 gracias a la firma del nuevo Convenio Colectivo.', 'Telefónica Colombia (Variaciones interanuales en términos orgánicos) En el año 2014, Telefónica Colombia muestra unos sólidos resultados tanto en términos operativos (crecimiento de accesos en todos los servicios), como en términos financieros (sostenido incremento interanual de los ingresos y de doble dígito en OIBDA gracias a las eficiencias logradas).']","sus políticas de trabajo flexible, sus programas de desarrollo de mujeres y de sensibilización a la alta dirección, junto con otras cuatro telcos del mundo","sus políticas de trabajo flexible, sus programas de desarrollo de mujeres y de sensibilización a la alta dirección, junto con otras cuatro telcos del mundo",1.0,1.0,1.0
¿Qué se ha conseguido con la colaboración con Inditex?,"['Gracias a la colaboración con Inditex, en 2017 se han consolidado 32 proyectos de economía social, 1.139 personas han mejorado su empleabilidad, 849 de ellas han recibido formación y 460 además han encontrado un empleo.', 'Gracias a la colaboración con Inditex, entre octubre de 2016 -fecha de incorporación del equipo técnico al proyecto- y enero de 2017 se ha trabajado con 460 personas, de las que 388 han recibido orientación laboral y una asignación de recursos ajustados a su perfil profesional.', 'En virtud de este convenio trienal, Inditex y Entreculturas han desarrollado proyectos de capacitación profesional y de formación y atención a colectivos vulnerables en nueve países de América Latina y cuatro de África.', 'Gracias a la contribución de todos nuestros empleados, Inditex ha logrado unos resultados especialmente positivos en los ejercicios 2015 y 2016, que han permitido repartir más de 79 millones de euros entre más de 84.000 personas en 50 países.', 'Como resultado de la integración de todos nuestros canales de venta, en Inditex hemos trabajado en desarrollos tecnológicos que permitan aportar nuevas posibilidades a las necesidades de nuestros clientes.']","en 2017 se han consolidado 32 proyectos de economía social, 1.139 personas han mejorado su empleabilidad, 849 de ellas han recibido formación y 460 además han encontrado un empleo","en 2017 se han consolidado 32 proyectos de economía social, 1.139 personas han mejorado su empleabilidad, 849 de ellas han recibido formación y 460 además han encontrado un empleo",1.0,,1.0
¿Por qué la operación supone ampliar la presencia internacional de Prosegur?,"['SBV Services es la compañía líder en logística de valores. Una posición que se ha ganado tras más de 30 años de bagaje en el mercado sudafricano. Además, cuenta con presencia en Nigeria, Namibia y Lesoto, por lo que la operación supone ampliar la presencia internacional de Prosegur a 21 países. Este hecho supone un aspecto clave para facilitar la consolidación y expansión de Prosegur en el continente.', '• Direcciones de negocio: con el nuevo modelo, las tres líneas de negocio de Prosegur (Soluciones Integrales de Seguridad, Logística de Valores y Gestión de Efectivo, y Alarmas) se erigen como los principales ejes estructurales de la organización global. Dentro de cada una de las tres direcciones de negocio se han establecido las divisiones geográficas de Iberoamérica (LATAM) y Resto del Mundo (ROW). A su vez, la región de Asia-Pacífico mantiene cierta autonomía debido a las particularidades que presentan estos mercados.', 'Esta operación es positiva para los accionistas, ya que se estima que mejora el beneficio por acción (BPA) desde 2016.', 'La entidad mantiene políticas de cobertura con el objetivo prioritario de minimizar el impacto negativo debido a movimientos adversos de los mercados de los cambios de divisas sobre las ratios de capital, así como sobre los resultados generados en su negocio en divisa. Las operaciones de cobertura cubren el riesgo de cambio de las inversiones realizadas en las sociedades del grupo radicadas en países cuya moneda funcional no es el euro (véase nota 4.4.3.1 apartado Riesgo estructural de tipo de cambio).', '• Construir un Prosegur más ágil, rápido, consistente y homogéneo, gracias a la simplificación de procesos y estructuras que redunden en una mejor toma de decisiones']","cuenta con presencia en Nigeria, Namibia y Lesoto",SBV Services es la compañía líder en logística de valores. Una posición que se ha ganado tras más de 30 años de bagaje en el mercado sudafricano,0.25,0.6666666666666666,1.0
¿Por qué proveedores de equipos y componentes como Gestamp resultan clave para el sector?,"['Los proveedores de equipos y componentes, como Gestamp, son un elemento clave del sector ya que sus piezas suponen el 70-75% del total del vehículo. La tendencia hace prever que el porcentaje aumente en el futuro.', 'importante, a la generación de riqueza y empleo, no solo de forma directa, sino concepto de impuestos. también a través de los flujos económicos indirectos e inducidos que se producen como consecuencia de la actividad de Gestamp.', 'Todos los empleados de Gestamp tienen la obligación de conocer, comprender y aplicar el Código. Por ello, en el plan de bienvenida de los nuevos empleados se incluye un curso de formación específico obligatorio.', 'En el sector de la automoción, es fundamental el correcto funcionamiento y desempeño de todos los eslabones de la cadena de producción por lo que no sólo la calidad de los componentes, sino también una disponibilidad adecuada de los mismos, es determinante para asegurar el correcto funcionamiento de la cadena de montaje de los fabricantes de automóviles.', 'Los ingresos de terminales registran un significativo crecimiento interanual en el cuarto trimestre (+41,0%; +3,8% en el año) debido a la mayor actividad comercial de venta de equipos de gama alta.']",sus piezas suponen el 70-75% del total del vehículo. La tendencia hace prever que el porcentaje aumente en el futuro,sus piezas suponen el 70-75% del total del vehículo,0.75,1.0,1.0
¿Qué causó el descenso del 5% en el total del alcance 1 y 2 de las emisiones de la entidad?,"['El total del alcance 1 y 2, foco principal de las emisiones de la entidad al representar el 63,4% de su huella total, han experimentado un descenso del 5% gracias a las diferentes medidas de eficiencia energética que se han ido implantando durante los últimos años, como el cambio de luminarias a sistema LED, las mejoras en domótica y climatización, y la renovación de equipamientos por otros más ecoeficientes, entre otras.', 'El total del alcance 1 y 2, foco principal de las emisiones de la entidad y que representan el 64% de su huella total, han experimentado un descenso del 1% gracias a las diferentes medidas de eficiencia energética que se han ido implantando durante 2014, como el cambio de luminarias a LED, las mejoras en domótica y climatización y la renovación del parque de equipos informáticos más ecoeficientes, entre otras.', 'Como consecuencia de los compromisos adquiridos en el Plan de Recapitalización, la actividad de la entidad en los mercados financieros se mantuvo reducida.', 'En 2015, a pesar de avanzar en la certificación de nuevos sistemas de gestión ambiental conforme a ISO 14001 y a los requisitos internos, se ha registrado una disminución del porcentaje de ebitda certificado, como consecuencia de la incorporación de nuevas actividades en Chile donde se está trabajando en adaptarlas a los referenciales internacionales y a los requerimientos internos en materia de gestión ambiental. En materia de cambio climático este año se ha mantenido el avance de los diferentes proyectos encaminados a la determinación de nuestra huella de carbono e identificación de los riesgos y oportunidades derivados del cambio climático.', 'Estas ventas han supuesto un ingreso de 2.885 millones de euros en el ejercicio 2015, un 5,3% menor al del ejercicio 2014 ya que la caída en las ventas físicas como consecuencia de la reducción en el número de clientes a precio regulado (–9,5%) y el incremento del coste de la energía no se ha visto compensada por el incremento del precio medio de venta.']","las diferentes medidas de eficiencia energética que se han ido implantando durante los últimos años, como el cambio de luminarias a sistema LED, las mejoras en domótica y climatización, y la renovación de equipamientos por otros más ecoeficientes, entre otras","las diferentes medidas de eficiencia energética que se han ido implantando durante los últimos años, como el cambio de luminarias a sistema LED, las mejoras en domótica y climatización, y la renovación de equipamientos por otros más ecoeficientes, entre otras",1.0,0.8333333333333334,1.0
¿En qué han desembocado estas reformas y la plataforma EcoTool?,"['Gracias a estas reformas y a la plataforma EcoTool, se ha conseguido evitar la emisión a la atmósfera de un total de 9.816 toneladas de CO2.', 'Así, en 2017, gracias a las nuevas aperturas y reformas, alcanzamos ya un total de 5.068 tiendas ecoeficientes, lo que supone alrededor del 80% de nuestras propias tiendas.', 'Gracias a estas y otras mejoras, las incidencias en todas las plataformas se han reducido en un 61% con respecto al año anterior.', 'En 2015, a pesar de avanzar en la certificación de nuevos sistemas de gestión ambiental conforme a ISO 14001 y a los requisitos internos, se ha registrado una disminución del porcentaje de ebitda certificado, como consecuencia de la incorporación de nuevas actividades en Chile donde se está trabajando en adaptarlas a los referenciales internacionales y a los requerimientos internos en materia de gestión ambiental. En materia de cambio climático este año se ha mantenido el avance de los diferentes proyectos encaminados a la determinación de nuestra huella de carbono e identificación de los riesgos y oportunidades derivados del cambio climático.', 'Nuestra evolución en los últimos años y nuestras fortalezas nos permiten acelerar nuestra transformación']",se ha conseguido evitar la emisión a la atmósfera de un total de 9.816 toneladas de CO2,se ha conseguido evitar la emisión a la atmósfera de un total de 9.816 toneladas de CO2,1.0,1.0,1.0
¿A qué se debe el discreto resultado de México?,"['El beneficio de la región refleja el discreto resultado de México debido al elevado ratio combinado de autos y al impacto de los eventos catastróficos en el negocio de GLOBAL RISKS.', 'Un crecimiento que hemos alcanzado sin realizar ampliaciones de capital y gracias a una política prudente de distribución del dividendo.', 'Estas cifras unidas a una baja rotación voluntaria del 5,3 % dan como resultado un elevado índice de estabilidad.', 'Al margen de nuestra apuesta por Asia, seguimos focalizando nuestra inversión en otros mercados con fuerte potencial de crecimiento, como es el caso de México. En 2014, hemos desarrollado cuatro nuevos greenfields que revertirán en nuevos incrementos de los márgenes a futuro gracias al fuerte dinamismo de la demanda doméstica y al tirón de las exportaciones a Estados Unidos. Hoy, el mercado de NAFTA, supera ya el 20% de nuestras ventas.', 'Estados Unidos, por su parte, experimentó cierta ralentización en su crecimiento, con un incremento anual del PIB del 1,6%, pero con un satisfactorio cuadro macroeconómico: prácticamente pleno empleo, inflación controlada, incremento del número de asalariados con mejoras en los salarios medios y un índice de confianza de los consumidores positivo gracias al impulso fiscal anunciado por el nuevo presidente.']",al elevado ratio combinado de autos y al impacto de los eventos catastróficos en el negocio de GLOBAL RISKS,al elevado ratio combinado de autos y al impacto de los eventos catastróficos en el negocio de GLOBAL RISKS,1.0,1.0,1.0
¿Cuál ha sido la consecuencia de las medidas adoptadas por el Estado sobre la contención del gasto?,"['Administraciones públicas En 2017, la evolución económica de las administraciones públicas sigue marcada por dos efectos diferenciales: los recursos económicos del Estado conocidos como Fondo de Liquidez Autonómico (FLA) y la buena situación económica a la que han llegado la mayoría de los ayuntamientos como consecuencia de las medidas adoptadas por el Estado sobre la contención del gasto.', 'Gracias a estas medidas, tal y como queda reflejado en la gráfica anterior, hemos alcanzado una reducción del 6% en el consumo de energía eléctrica por prenda puesta en el mercado y de un 3% con respecto a las ventas, en comparación con 2016.', 'Estricto control de costes, con una disminución del 0,6% gracias al plan de eficiencia y de productividad.', 'Los estímulos gubernamentales parecen estar fomentando el crecimiento por medio tanto del consumo privado, que está redundando en una mejora de la confianza de los consumidores, como de la inversión, la cual está aumentando gracias a las facilidades de acceso al crédito impulsadas por el Fondo de Garantía del Crédito (CGF, por su siglas en inglés).', 'Estados Unidos, por su parte, experimentó cierta ralentización en su crecimiento, con un incremento anual del PIB del 1,6%, pero con un satisfactorio cuadro macroeconómico: prácticamente pleno empleo, inflación controlada, incremento del número de asalariados con mejoras en los salarios medios y un índice de confianza de los consumidores positivo gracias al impulso fiscal anunciado por el nuevo presidente.']","hemos alcanzado una reducción del 6% en el consumo de energía eléctrica por prenda puesta en el mercado y de un 3% con respecto a las ventas, en comparación con 2016",la buena situación económica a la que han llegado la mayoría de los ayuntamientos ,0.0,0.5714285714285714,1.0
"¿Qué consecuencia produce la política del Grupo para operaciones de financiación de circulante de acudir a endeudamiento con terceros a través de recursos ajenos a corto plazo y referenciados a índices variables de mercado, normalmente Euribor?","['Es política del Grupo para operaciones de financiación de circulante, acudir a endeudamiento con terceros a través de recursos ajenos a corto plazo y referenciados a índices variables de mercado, normalmente Euribor, con lo que se mitiga sustancialmente este riesgo de tipo de interés.', 'El Grupo podría hacer frente a pérdidas financieras, la suspensión de las operaciones o el menoscabo de la reputación de sus marcas, con motivo de un ataque a los sistemas del Grupo por delincuentes, terroristas o gobiernos extranjeros.', 'Como consecuencia de este hecho, es previsible que a lo largo de los próximos trimestres se limite aún más el nivel de activos comprometidos en operaciones de financiación a largo plazo.', 'La deuda neta de las actividades de financiación regulares aumentó en 187 millones de euros, ya que los nuevos préstamos superaron ligeramente los repagos en concepto de arrendamientos y amortizaciones de deuda del ejercicio actual. El nivel de los nuevos préstamos y arrendamientos financieros de 2016 estuvo en consonancia con el calendario de entregas de flota del Grupo.', 'La entidad mantiene políticas de cobertura con el objetivo prioritario de minimizar el impacto negativo debido a movimientos adversos de los mercados de los cambios de divisas sobre las ratios de capital, así como sobre los resultados generados en su negocio en divisa. Las operaciones de cobertura cubren el riesgo de cambio de las inversiones realizadas en las sociedades del grupo radicadas en países cuya moneda funcional no es el euro (véase nota 4.4.3.1 apartado Riesgo estructural de tipo de cambio).']",se mitiga sustancialmente este riesgo de tipo de interés,se mitiga sustancialmente este riesgo de tipo de interés,0.75,1.0,1.0
¿Cuál es la razón de que su retorno más inmediato se produzca hacia los 37 millones de clientes que confían en ellos?,"['En este sentido, me gustaría enfatizar que nuestro retorno más inmediato se produce hacia los 37 millones de clientes que confían en nosotros, porque una aseguradora más eficaz siempre ofrece mejores productos y servicios.', 'Con el objetivo de establecer y avanzar aún más en la creación de vínculos con sus consumidores, Grupo DIA mantiene desde hace 18 años una herramienta de fidelización que le permite conocer las necesidades, gustos y preferencias de sus clientes y, en consecuencia, organizar ofertas personalizadas y adaptadas a sus perfiles. El Club DIA es una herramienta al servicio del concepto de proximidad de la compañía y de la que se benefician más de 37 millones de clientes en todos los países en los que opera.', 'En 2016, 4 millones de nuevos clientes han confiado en nosotros, con lo que la cifra total de clientes del Banco es ya de 125 millones.', 'Los clientes digitales aumentaron en el año 2017 un 10%, hasta los 4,4 millones de clientes, como resultado de nuestro firme compromiso con la transformación digital.', 'Estoy segura de que lo conseguiremos porque contamos con un equipo dispuesto a esforzarse al máximo para dar el mejor servicio a los clientes.']",una aseguradora más eficaz siempre ofrece mejores productos y servicios,una aseguradora más eficaz siempre ofrece mejores productos y servicio,0.75,1.0,1.0
¿Qué consecuencia ha tenido la separación del ámbito local de España del nivel corporativo?,"['Debido a la separación del ámbito local de España del nivel corporativo, se ha creado en 2014 un CAR local España (anteriormente integrado en el CAR corporativo), diferenciado del CAR corporativo, que asume las funciones de un órgano de control interno PBC/ FT con competencias a nivel local.', 'En un entorno de crecimiento económico tanto a nivel nacional como global – el PIB de España repuntó un 3,1% en 2017 en tasa interanual y el de la economía mundial un 3,7%- hemos sabido avanzar de forma firme pero no podemos olvidar que las incertidumbres del entorno pueden afectar a cualquier compañía de dimensión internacional y por ello, es importante contar con una relativa diversificación de la actividad.', 'Administraciones públicas En 2017, la evolución económica de las administraciones públicas sigue marcada por dos efectos diferenciales: los recursos económicos del Estado conocidos como Fondo de Liquidez Autonómico (FLA) y la buena situación económica a la que han llegado la mayoría de los ayuntamientos como consecuencia de las medidas adoptadas por el Estado sobre la contención del gasto.', 'Entre el conjunto de desequilibrios financieros acumulados por la economía española, el excesivo endeudamiento de las empresas tiene especial relevancia por cuanto supone un freno a la recuperación de la inversión y por consiguiente a la recuperación del empleo.', 'Latinoamérica, Europa y Japón. La única excepción es el Reino Unido, donde se prevé un crecimiento más bajo a corto plazo debido a la incertidumbre en torno al Brexit, aunque hasta ahora este hecho apenas ha afectado a nuestro negocio.']","se ha creado en 2014 un CAR local España (anteriormente integrado en el CAR corporativo), diferenciado del CAR corporativo, que asume las funciones de un órgano de control interno PBC/ FT con competencias a nivel local","se ha creado en 2014 un CAR local España (anteriormente integrado en el CAR corporativo), diferenciado del CAR corporativo, que asume las funciones de un órgano de control interno PBC/ FT con competencias a nivel local",1.0,1.0,1.0
¿Qué implicaciones tiene que el Consejo de Administración es el órgano responsable del establecimiento de las directrices generales sobre la distribución organizativa de las funciones de gestión y control de riesgos así como de determinar las principales líneas estratégicas al respecto?,"['El Consejo de Administración es el órgano responsable del establecimiento de las directrices generales sobre la distribución organizativa de las funciones de gestión y control de riesgos así como de determinar las principales líneas estratégicas al respecto. Por ello, es el órgano responsable de aprobar el marco estratégico de riesgos (desarrollado en colaboración entre el consejero delegado, director de riesgos y director financiero) y de asegurar que éste es consistente con los objetivos estratégicos de la entidad a corto y largo plazo, así como con el plan de negocio, la planificación de capital, la capacidad de riesgo y los programas de compensación.', 'El riesgo operacional es inherente a todos los productos, actividades, procesos y sistemas, y se genera en todas las áreas de negocio y de soporte, siendo por esta razón, responsabilidad de todos los empleados la gestión y control de los riesgos generados en su ámbito de actuación.', 'En el ámbito local, las direcciones de riesgos locales deberán contar con la estructura y los medios necesarios para llevar a cabo su actividad según se ha descrito anteriormente, ya que son las encargadas de la ejecución de los distintos controles establecidos, asumiendo la responsabilidad de informar de los resultados de los mismos tanto a sus interlocutores a nivel local (negocio, supervisión de riesgos, reguladores y supervisores, etc), como a sus interlocutores a nivel corporativo.', 'En los últimos ejercicios el Grupo ha desarrollado e implantado las mejoras estructurales y operativas necesarias para reforzar y consolidar la visión integral de los riesgos, basada en información completa, precisa y recurrente, permitiéndole a la alta dirección valorar y decidir en consecuencia.', 'Esta cultura de riesgos se define a través de cinco principios que han de formar parte de la gestión del día a día de todos los empleados del Grupo: Responsabilidad, porque todas las unidades y empleados (con independencia de la función que desempeñen) deben conocer y entender los riesgos en que incurren en su actividad diaria y ser responsables de su identificación, valoración, gestión y reporte']","es el órgano responsable de aprobar el marco estratégico de riesgos (desarrollado en colaboración entre el consejero delegado, director de riesgos y director financiero) y de asegurar que éste es consistente con los objetivos estratégicos de la entidad a corto y largo plazo, así como con el plan de negocio, la planificación de capital, la capacidad de riesgo y los programas de compensación","es el órgano responsable de aprobar el marco estratégico de riesgos (desarrollado en colaboración entre el consejero delegado, director de riesgos y director financiero) y de asegurar que éste es consistente con los objetivos estratégicos de la entidad a corto y largo plazo, así como con el plan de negocio, la planificación de capital, la capacidad de riesgo y los programas de compensación",1.0,0.4,1.0
"¿A qué se debe un Prosegur más ágil, rápido, consistente y homogéneo?","['• Construir un Prosegur más ágil, rápido, consistente y homogéneo, gracias a la simplificación de procesos y estructuras que redunden en una mejor toma de decisiones', 'En este sentido, me gustaría enfatizar que nuestro retorno más inmediato se produce hacia los 37 millones de clientes que confían en nosotros, porque una aseguradora más eficaz siempre ofrece mejores productos y servicios.', '• Direcciones de negocio: con el nuevo modelo, las tres líneas de negocio de Prosegur (Soluciones Integrales de Seguridad, Logística de Valores y Gestión de Efectivo, y Alarmas) se erigen como los principales ejes estructurales de la organización global. Dentro de cada una de las tres direcciones de negocio se han establecido las divisiones geográficas de Iberoamérica (LATAM) y Resto del Mundo (ROW). A su vez, la región de Asia-Pacífico mantiene cierta autonomía debido a las particularidades que presentan estos mercados.', 'Y también han de ser flexibles, porque la gestión de riesgos tiene que adaptarse rápidamente a nuevos entornos y escenarios imprevistos.', 'SBV Services es la compañía líder en logística de valores. Una posición que se ha ganado tras más de 30 años de bagaje en el mercado sudafricano. Además, cuenta con presencia en Nigeria, Namibia y Lesoto, por lo que la operación supone ampliar la presencia internacional de Prosegur a 21 países. Este hecho supone un aspecto clave para facilitar la consolidación y expansión de Prosegur en el continente.']",a la simplificación de procesos y estructuras que redunden en una mejor toma de decisiones,a la simplificación de procesos y estructuras que redunden en una mejor toma de decisiones,1.0,0.6,1.0
¿Por qué se ha producido un ingreso menor en 2015?,"['Estas ventas han supuesto un ingreso de 2.885 millones de euros en el ejercicio 2015, un 5,3% menor al del ejercicio 2014 ya que la caída en las ventas físicas como consecuencia de la reducción en el número de clientes a precio regulado (–9,5%) y el incremento del coste de la energía no se ha visto compensada por el incremento del precio medio de venta.', 'El beneficio antes de impuestos crece menos que los anteriores márgenes, debido a (i)n un aumento de los costes financieros asociados a la elevada volatilidad de tipo de cambio del US$ durante el ejercicio (el Grupo realiza una parte significativa de sus compras en US$) y (ii) a una peor evolución de los resultados no recurrentes, con una menor generación de ingresos procedente de la venta activos frente a las que se verificaron en 2016 (venta de inmuebles y venta del negocio de Puerto Rico, principalmente).', 'Estas ventas han supuesto un ingreso de 2.412 millones de euros en el ejercicio 2016, un 16,4% inferior al del ejercicio 2015 como consecuencia de la caída en las unidades físicas vendidas y del menor precio medio de venta.', 'Es cierto que se ha registrado una desaceleración de la actividad en la segunda parte de 2015 respecto a lo observado en el primer semestre debido a la ralentización de la demanda mundial, el agotamiento de algunos factores cíclicos y el aumento de la incertidumbre, en parte ligada al ciclo electoral español, pero las previsiones indican que se alcanzará un incremento del PIB de alrededor de un 2,7% para 2016.', 'Este nivel es el inferior al del año pasado debido a la incorporación del perímetro de banca mayorista global.']","la caída en las ventas físicas como consecuencia de la reducción en el número de clientes a precio regulado (–9,5%) y el incremento del coste de la energía no se ha visto compensada por el incremento del precio medio de venta"," la caída en las ventas físicas como consecuencia de la reducción en el número de clientes a precio regulado (–9,5%) y el incremento del coste de la energía no se ha visto compensada por el incremento del precio medio de venta",1.0,0.8333333333333334,1.0
¿Qué consecuencias tuvo el lanzamiento de Liga de la Justicia?,"['Con motivo del lanzamiento de Liga de la Justicia, el 30 de octubre en horario de máxima audiencia, se emitió en Antena 3, Mega, Nova y Atreseries, un innovador formato de máxima notoriedad denominado superbloque.', 'Gracias a la emisión de la serie de Antena 3, Tiempos de Guerra, la campaña ha tenido gran repercusión y visibilidad. 7.3.3.', 'También queremos que nuestros proyectos de responsabilidad social sean cada vez más cercanos a ellos y a sus familias, y por esto buscamos que en cada uno de ellos puedan participar y estar con nosotros. Pongo como ejemplos, el lanzamiento de nuestra Superliga DIA en España, la carrera en apoyo a los niños con cáncer en Sao Paulo, la ayuda a jóvenes madres en riesgo de exclusión en Portugal o la campaña de recogida de ropa de abrigo en Argentina entre otras muchas acciones.', 'La industria financiera se ha referido a esta última fase como Basilea IV, debido al elevado impacto que podría representar para algunas jurisdicciones.', 'El impacto de esta reforma global sobre la actividad económica es objeto de interés creciente, ya que representa un posible freno para el crecimiento económico.']","se emitió en Antena 3, Mega, Nova y Atreseries, un innovador formato de máxima notoriedad denominado superbloque","el 30 de octubre en horario de máxima audiencia, se emitió en Antena 3, Mega, Nova y Atreseries, un innovador formato de máxima notoriedad denominado superbloque",0.5,1.0,0.75
¿Cuál es la consecuencia de operar en una industria global y altamente competitiva? ,"['Operamos en una industria global y altamente competitiva por lo que no sólo debemos adaptarnos de forma continuada a los requisitos de nuestros clientes sino que consideramos el desarrollo conjunto una oportunidad de ventaja competitiva.', 'Operamos en una industria global y altamente competitiva por lo que no sólo debemos adaptarnos de forma continuada a los requisitos de nuestros clientes sino que consideramos el I+D una oportunidad de ventaja competitiva.', 'En un entorno de crecimiento económico tanto a nivel nacional como global – el PIB de España repuntó un 3,1% en 2017 en tasa interanual y el de la economía mundial un 3,7%- hemos sabido avanzar de forma firme pero no podemos olvidar que las incertidumbres del entorno pueden afectar a cualquier compañía de dimensión internacional y por ello, es importante contar con una relativa diversificación de la actividad.', 'El impacto de esta reforma global sobre la actividad económica es objeto de interés creciente, ya que representa un posible freno para el crecimiento económico.', 'El entorno para la actividad bancaria está siendo desafiante, ya que a la evolución anterior se unen unos tipos de interés extraordinariamente bajos en los países desarrollados, crecimientos de volúmenes reducidos, fuerte presión competitiva por parte tanto de entidades bancarias como no bancarias, y un entorno regulatorio exigente.']",no sólo debemos adaptarnos de forma continuada a los requisitos de nuestros clientes sino que consideramos el desarrollo conjunto una oportunidad de ventaja competitiva,no sólo debemos adaptarnos de forma continuada a los requisitos de nuestros clientes sino que consideramos el desarrollo conjunto una oportunidad de ventaja competitiva,1.0,1.0,1.0
¿Qué consecuencia tuvieron las bajadas de rating de las compañías de oil & gas en Estados Unidos?,"['Por último cabe señalar los menores niveles de deterioro del valor de los activos financieros con respecto a los del ejercicio previo, cuando se registraron dotaciones a saneamientos como consecuencia de las bajadas de rating de las compañías de oil & gas en Estados Unidos, sobre todo durante los tres primeros meses de ese año.rela Ción C on el Cliente 2017 P.69 Relación con el cliente experiencia de cliente El principal foco de atención de BBVA es satisfacer las necesidades de sus clientes y conectar con ellos de una manera más atractiva, combinando al mismo tiempo innovación, tecnología y experiencia.', 'El gasóleo sigue registrando una reducción debido a la sustitución de las calderas alimentadas por este combustible.', 'La tasa del mes de diciembre fue inferior a la esperada, debido a la baja de los precios del petróleo, alimentos y servicios (principalmente la caída de los precios de los alimentos con una baja del 4%).', 'La morosidad y el coste de crédito permanecen en niveles estables gracias a la mejora de desempeño de las carteras de auto en SC USA, tras la implantación de la nueva política de riesgos que tuvo lugar en el primer trimestre, enfocada a mejorar el perfil de las nuevas operaciones, y tras los ajustes realizados en el sector de Oil&Gas, en línea con la industria, en Santander Bank.', 'Después de un primer trimestre exigente como empresa cotizada y a pesar de las dificultades experimentadas por la industria del petróleo y el gas, que es una parte importante de nuestra actividad, me complace anunciar que, gracias a la gestión y dirección de Fernando Basabe y de su equipo, el Grupo ha logrado obtener resultados conforme a nuestras expectativas.']","Por último cabe señalar los menores niveles de deterioro del valor de los activos financieros con respecto a los del ejercicio previo, cuando se registraron dotaciones a saneamientos",se registraron dotaciones a saneamientos ,0.5,1.0,1.0
¿Qué ha originado el hecho de que la Compañía desempeñe un papel muy destacado?,"['Además, ENDESA es consciente de que una presencia destacada en los principales índices de inversión socialmente responsable promueve la atracción de este tipo de inversores y, por ello, la Compañía desempeña un papel muy destacado al respecto.', '2014 ha sido el primer año de la ejecución del Plan Estratégico a cinco años, un ejercicio en el que la Compañía ha vivido una profunda transformación gracias a la puesta en marcha de las iniciativas del Plan y sus positivos resultados.', 'Atresmedia es consciente de la decisiva labor de las empresas para la consecución de estas importantes metas y, por ese motivo, apoya con sus políticas, iniciativas y capacidad de difusión, la consecución de aquellos ODS en los que la contribución de la Compañía puede ser mayor y de especial incidencia.', 'Gracias a nuestra visión estratégica y a un importante rigor en la gestión, acompañada por unos sólidos valores, aquilatados por el fuerte componente familiar, hemos superado con éxito una compleja etapa en la que hemos logrado alcanzar la mayor parte de los objetivos propuestos, afrontando el futuro con solvencia y optimismo.', 'La compañía ha ido ganando volumen merced a un modelo de negocio único en su sector, que le ha permitido aumentar su rentabilidad pese a los ciclos económicos adversos y ganarse la confianza del mercado.']",es consciente de que una presencia destacada en los principales índices de inversión socialmente responsable promueve la atracción de este tipo de inversores,ENDESA es consciente de que una presencia destacada en los principales índices de inversión socialmente responsable promueve la atracción de este tipo de inversores,0.75,0.6666666666666666,1.0
¿A qué se debe que Aer Lingus lograra ahorrar en costes?,"['Aer Lingus logró sus ahorros de costes gracias a un crecimiento eficiente, a través de un aumento de la productividad y las iniciativas en materia de proveedores y propiedad impulsadas desde IAG. Dichas iniciativas se pusieron en marcha en áreas como el catering, la limpieza, el mantenimiento, el handling y las negociaciones de ampliación de los contratos de arrendamiento de aviones.', 'Nuestro objetivo es ser la aerolínea líder en precio y servicio a través del Atlántico Norte gracias a una red de corto radio rentable y sostenible. Nuestra estrategia tiene como pilares fundamentales una marca y un servicio sólidos y enfocados en el cliente, una red con atractivas conexiones y una base de costes competitiva y resiliente. Creemos que Aer Lingus está bien posicionada para seguir creciendo exitosamente aprovechando las ventajas de formar parte del Grupo IAG y para alcanzar nuestros objetivos.', 'Por otro lado, los gastos financieros se han reducido significativamente como resultado de fructíferas negociaciones con los bancos que permitieron minorar el tipo de interés medio satisfecho por la Compañía, el cual se situó en 3,2% frente al 3,5% del año 2016, así como incrementar los plazos de vencimiento de los instrumentos de deuda con los que actualmente se financia.', 'Estricto control de costes, con una disminución del 0,6% gracias al plan de eficiencia y de productividad.', 'Esta tendencia favorable se produjo a pesar de haberse generado menores comisiones de mantenimiento de cuentas debido a la suspensión de su cobro al segmento retail, impuesta por el Consejo de Estado turco, y de los altos ingresos generados en el 2016 por el programa de millas Miles & Smiles.']","a un crecimiento eficiente, a través de un aumento de la productividad y las iniciativas en materia de proveedores y propiedad impulsadas desde IAG. Dichas iniciativas se pusieron en marcha en áreas como el catering, la limpieza, el mantenimiento, el handling y las negociaciones de ampliación de los contratos de arrendamiento de aviones","a un crecimiento eficiente, a través de un aumento de la productividad y las iniciativas en materia de proveedores y propiedad impulsadas desde IAG",0.75,1.0,1.0
"¿A qué se atribuye que Celinex haya llevado a cabo el estudio de impacto a partir de la evaluación de las alternativas posibles y los impactos potenciales que estos pudieran ocasionar, en base a criterios de impacto paisajístico?","['debido a que la substitución de la acometida al centro representaba una actividad de primera necesidad para poder seguir manteniendo tanto la emisión de señal de telefonía móvil como de televisión en la zona de tamariu y alrededores, y considerando la zona PEiN sobre la cual se ubicaba la planta, Cellnex llevó a cabo el estudio de impacto a partir de la evaluación de las alternativas posibles y los impactos potenciales que estos pudieran ocasionar, en base a criterios de impacto paisajístico.', 'Somos conscientes del impacto de nuestra actividad en la sociedad y, por ello, buscamos procesos más eficientes e innovadores, apoyándonos en las nuevas tecnologías, que nos permitan contribuir de forma positiva a lograr un entorno más sostenible.', 'Además, se ha procedido a revisar el estado actual de las instalaciones obteniendo como resultado unas propuestas de mejora de ahorro y eficiencia energética.', 'La diversidad y la inclusión es para Acerinox un objetivo estratégico porque de lo que se trata es de atraer y retener el talento que se necesita para el éxito, proporcionando los mejores servicios a nuestros clientes en todo el mundo.', 'El análisis de escenarios es una herramienta muy útil para la alta dirección ya que permite testar la resistencia del Banco ante entornos o escenarios estresados, así como poner en marcha conjuntos de medidas que disminuyan el perfil de riesgo del banco ante dichos escenarios.']","a que la substitución de la acometida al centro representaba una actividad de primera necesidad para poder seguir manteniendo tanto la emisión de señal de telefonía móvil como de televisión en la zona de tamariu y alrededores, y considerando la zona PEiN sobre la cual se ubicaba la planta, Cellnex llevó a cabo el estudio de impacto a partir de la evaluación de las alternativas posibles y los impactos potenciales que estos pudieran ocasionar, en base a criterios de impacto paisajístico","a que la substitución de la acometida al centro representaba una actividad de primera necesidad para poder seguir manteniendo tanto la emisión de señal de telefonía móvil como de televisión en la zona de tamariu y alrededores, y considerando la zona PEiN sobre la cual se ubicaba la planta",0.75,0.8,1.0
"La morosidad y el coste de crédito permanecen en niveles moderados, ¿debido a qué?","['La morosidad y el coste de crédito permanecen en niveles moderados gracias a las políticas de admisión de nueva producción más estrictas en SC USA, y el buen comportamiento en las carteras de particulares y empresas en Santander Bank.', 'La morosidad y el coste de crédito permanecen en niveles estables gracias a la mejora de desempeño de las carteras de auto en SC USA, tras la implantación de la nueva política de riesgos que tuvo lugar en el primer trimestre, enfocada a mejorar el perfil de las nuevas operaciones, y tras los ajustes realizados en el sector de Oil&Gas, en línea con la industria, en Santander Bank.', 'La tasa de morosidad se ha reducido desde el 1,35% en 2016 al 1,13% a diciembre de 2017, gracias a un entorno macroeconómico más favorable y la aplicación de políticas prudentes.', 'El beneficio antes de impuestos en 2015 fue de 31 millones de euros, gracias a la muy escasa morosidad (un 1%, diez veces menos que el promedio del sector), un balance equilibrado y un nivel de gastos de estructura muy bajo.', 'El ARPU permanece relativamente estable en el ejercicio (-0,6%) gracias a la captación de clientes de valor, que permite compensar el fuerte impacto regulatorio.']","a las políticas de admisión de nueva producción más estrictas en SC USA, y el buen comportamiento en las carteras de particulares y empresas en Santander Bank","a las políticas de admisión de nueva producción más estrictas en SC USA, y el buen comportamiento en las carteras de particulares y empresas en Santander Bank",1.0,0.5,1.0
"¿Qué permite a la compañía obtener, dentro de su política de gestión de personal, un alto nivel de conocimiento y contacto con la plantilla? ","['La política de gestión de personal llevada a cabo por la compañía permite obtener un alto nivel de conocimiento y contacto con la plantilla gracias a una estructura descentralizada que comprende responsables de Recursos Humanos en todas las sociedades más importantes del Grupo y la implementación de políticas propias para cada una de ellas que incluyen no solo políticas generales para regular la relación empresa/trabajador, sino también directivas específicas de Salud y Seguridad en el Trabajo, Formación y Educación, Diversidad e Igualdad de Oportunidades e Igual Remuneración entre Hombres y Mujeres. Por otro lado, aquellas filiales que disponen de una estructura de personal pequeña (eminentemente sociedades comerciales con menos de 10 empleados) se rigen eminentemente por la legislación laboral del país en el que desarrollan su actividad.', 'Este enfoque es importante, ya que nos permite contar con los conocimientos adecuados que faciliten unas conversaciones productivas con el equipo directivo. Si no entendemos su trabajo, no podemos analizar su labor ni ofrecer orientaciones útiles.', 'Gracias a nuestra visión estratégica y a un importante rigor en la gestión, acompañada por unos sólidos valores, aquilatados por el fuerte componente familiar, hemos superado con éxito una compleja etapa en la que hemos logrado alcanzar la mayor parte de los objetivos propuestos, afrontando el futuro con solvencia y optimismo.', 'Con una plantilla superior a las 60 personas, y una facturación anual cercana a los 10 millones de euros, ha experimentado un importante crecimiento durante los últimos años gracias a la apuesta realizada por modernizar sus instalaciones, métodos y procesos productivos.  Crecimiento significativo en negocios relacionados con el diseño y construcción de sistemas de transporte llave en mano para operar y, cuando los clientes así lo requieran, realizar su mantenimiento Uoperación, en solitario o en alianza, incluyendo inversión de capital según el caso.  Continuación del esfuerzo inversor en desarrollo tecnológico, tanto en lo referido a tecnologías como a productos de alto valor añadido, comercializables a nivel de componente, subsistema o material destinado a proveer a los clientes en todas nuestras ramas de actividad (material rodante, señalización, energía, gestión de datos, inspecciones, etc.).', 'Esto redunda en una mejora de la autoestima, incrementando el orgullo de pertenencia a la empresa, y, por consiguiente, en la atracción y retención del talento.']","una estructura descentralizada que comprende responsables de Recursos Humanos en todas las sociedades más importantes del Grupo y la implementación de políticas propias para cada una de ellas que incluyen no solo políticas generales para regular la relación empresa/trabajador, sino también directivas específicas de Salud y Seguridad en el Trabajo, Formación y Educación, Diversidad e Igualdad de Oportunidades e Igual Remuneración entre Hombres y Mujeres",una estructura descentralizada que comprende responsables de Recursos Humanos en todas las sociedades más importantes del Grupo y la implementación de políticas propias para cada una de ellas,1.0,,1.0
¿Qué explica que el entorno para la actividad bancaria esté resultando desafiante?,"['El entorno para la actividad bancaria está siendo desafiante, ya que a la evolución anterior se unen unos tipos de interés extraordinariamente bajos en los países desarrollados, crecimientos de volúmenes reducidos, fuerte presión competitiva por parte tanto de entidades bancarias como no bancarias, y un entorno regulatorio exigente.', 'En un entorno económico y financiero complicado, pero con una leve y paulatina mejora a lo largo del año, la estrategia en 2014 se centró en: Lanzar el proyecto Santander Advance dirigido a las pymes con una oferta financiera y no financiera que ha proporcionado una importante notoriedad al Banco gracias a las actividades organizadas con clientes. Captar nuevos clientes y vincular a los existentes.', 'En el stress test de la EBA: Santander muestra una gran resistencia debido a su modelo de banca comercial y a su diversificación geográfica. En el escenario adverso, Santander es el banco que menos capital destruye entre los competidores', 'Este nivel es el inferior al del año pasado debido a la incorporación del perímetro de banca mayorista global.', 'En este sentido ha hecho, junto con otros bancos, un llamamiento público a todas las entidades signatarias de los Principios de Ecuador para que apoyen la ampliación de esta exigencia.finanzas sosteniBles 2017 P.97 Finanzas sostenibles Los bancos juegan un papel crucial en la lucha contra el cambio climático gracias a su posición única para movilizar capital mediante inversiones, préstamos y funciones de asesoramiento.']","a la evolución anterior se unen unos tipos de interés extraordinariamente bajos en los países desarrollados, crecimientos de volúmenes reducidos, fuerte presión competitiva por parte tanto de entidades bancarias como no bancarias, y un entorno regulatorio exigente","a la evolución anterior se unen unos tipos de interés extraordinariamente bajos en los países desarrollados, crecimientos de volúmenes reducidos, fuerte presión competitiva por parte tanto de entidades bancarias como no bancarias, y un entorno regulatorio exigente",1.0,0.2,1.0
¿A qué es debida la gran variedad de cláusulas que regulan el funcionamiento de los contratos de alquiler?,"['Esta nota presenta información sobre la exposición del Grupo a cada uno de los riesgos mencionados anteriormente, los objetivos, políticas y procesos definidos por el Grupo para gestionar el riesgo, así como los métodos utilizados para medir dichos riesgos, los Debido a la presencia del Grupo en diversos países, a la consiguiente variedad de legislaciones que rigen los contratos de alquiler, a la distinta naturaleza y posición económica de los propietarios entre otros factores, existe una gran variedad de cláusulas que regulan el funcionamiento de los contratos de alquiler.', 'Sin embargo, debido a la legislación de algunos países o a los usos habituales para los contratos de arrendamiento, en algunos casos la duración es menor.', 'Cuando el grupo actúa como arrendador de un bien, la suma de los valores actuales de los importes que recibirá del arrendatario se registra como una financiación prestada a terceros, por lo que se incluye en el epígrafe de ""Préstamos y partidas a cobrar"" del balance consolidado. Esta financiación incorpora el precio de ejercicio de la opción de compra a favor del arrendatario al vencimiento del contrato en los casos en que dicho precio de ejercicio sea suficientemente inferior al valor razonable del bien a la fecha de vencimiento de la opción, de modo que sea razonablemente probable que vaya a ejercerse.', 'En 2017 continuó mejorando el mercado de la vivienda y la situación financiera de los hogares gracias al buen cuadro macroeconómico y en particular a la evolución del empleo.', 'Dado que la mayor parte de la producción generada por la división mediterránea tiene lugar en el tercer trimestre del año, coincidiendo con la temporada alta de los hoteles vacacionales en España, cabe comentar que la temporada estival registró un fuerte incremento en la demanda turística, tanto doméstica, como extranjera (excepto por la caída del mercado ruso), acusando una confluencia de factores endógenos, como la recuperación de la economía y el empleo en España, y exógenos, como la bajada del precio del petróleo, la evolución de los tipos de interés con el dólar y la libra, y lamentablemente, la inestabilidad de algunos destinos competidores de sol y playa en el Mediterráneo y norte de África.']","a la presencia del Grupo en diversos países, a la consiguiente variedad de legislaciones que rigen los contratos de alquiler, a la distinta naturaleza y posición económica de los propietarios entre otros factores","a la presencia del Grupo en diversos países, a la consiguiente variedad de legislaciones que rigen los contratos de alquiler, a la distinta naturaleza y posición económica de los propietarios entre otros factores",1.0,0.5,1.0
¿Qué han provocado los excepcionales resultados?,"['Después de un primer trimestre exigente como empresa cotizada y a pesar de las dificultades experimentadas por la industria del petróleo y el gas, que es una parte importante de nuestra actividad, me complace anunciar que, gracias a la gestión y dirección de Fernando Basabe y de su equipo, el Grupo ha logrado obtener resultados conforme a nuestras expectativas.', 'Un modelo de éxito que ha dotado a todas las cadenas de Atresmedia Televisión de una fuerte personalidad, cadenas que siguen ganando audiencia mes a mes gracias a una programación diferenciada, con un altísimo porcentaje de éxitos, y donde no solo la ficción ha batido récords, también lo han hecho los programas informativos, los magacines de actualidad y los concursos.', 'La cosecha 16/17 ha sido excelente con un incremento del 22% en la superficie cultivada debido a la combinación de condiciones favorables (climáticas, fin de restricciones de agua en Texas, falta de alternativas más rentables) que deja la segunda mayor producción de la historia.', 'La compañía ha ido ganando volumen merced a un modelo de negocio único en su sector, que le ha permitido aumentar su rentabilidad pese a los ciclos económicos adversos y ganarse la confianza del mercado.', 'En vista de estas difíciles circunstancias, creo que el nuevo equipo directivo de Vueling ha hecho un fantástico trabajo. Se han enfrentado a estos retos, han sido honestos acerca de los problemas que les afectaban y no se desentendieron de los errores que se cometieron a nivel interno. El nuevo equipo ha restablecido el desempeño operativo de la aerolínea, ha potenciado la resiliencia de la red.']","la gestión y dirección de Fernando Basabe y de su equipo, el Grupo ha logrado obtener resultados conforme a nuestras expectativas",La compañía de Bankinter especializada en préstamos al consumo y tarjetas de crédito se ha consolidado como una de las principales palancas de crecimiento del banco,0.25,1.0,1.0
"¿Cuál fue la consecuencia de la realización de una oferta de adquisición de minoritarios de Banco Santander Brasil, aceptada por títulos representativos del 13,65% del capital social?","['Realización de una oferta de adquisición de minoritarios de Banco Santander Brasil, aceptada por títulos representativos del 13,65% del capital social, con lo que la participación de Grupo Santander pasó a ser del 88,30% del capital', 'Dicha oferta fue aceptada por títulos que representan un 13,65% del capital social de Banco Santander Brasil por lo que la participación de Grupo Santander en Banco Santander Brasil pasó a ser del 88,3% de su capital social.', 'Como consecuencia de los compromisos adquiridos en el Plan de Recapitalización, la actividad de la entidad en los mercados financieros se mantuvo reducida.', 'La cifra de negocio disminuyó un 14,0% hasta los 401,3 millones de euros, debido a una severa bajada del mercado local y a las fluctuaciones adversas de tipo de cambio tanto en Brasil como en Argentina.', 'Por otro lado, los gastos financieros se han reducido significativamente como resultado de fructíferas negociaciones con los bancos que permitieron minorar el tipo de interés medio satisfecho por la Compañía, el cual se situó en 3,2% frente al 3,5% del año 2016, así como incrementar los plazos de vencimiento de los instrumentos de deuda con los que actualmente se financia.']","la participación de Grupo Santander en Banco Santander Brasil pasó a ser del 88,3% de su capital social","la participación de Grupo Santander pasó a ser del 88,30% del capital",0.75,1.0,1.0
"¿A qué se debe el aumento en un 7,8% interanual de los ingresos del periodo enero-diciembre de 2014 ?","['Los ingresos del periodo enero-diciembre de 2014 ascienden a 1.719 millones de euros y aumentan un 7,8% interanual, debido al crecimiento tanto del negocio móvil como del fijo.', 'Telefónica Colombia (Variaciones interanuales en términos orgánicos) En el año 2014, Telefónica Colombia muestra unos sólidos resultados tanto en términos operativos (crecimiento de accesos en todos los servicios), como en términos financieros (sostenido incremento interanual de los ingresos y de doble dígito en OIBDA gracias a las eficiencias logradas).', 'Importante crecimiento de los ROF (+15,9% interanual), gracias al muy buen desempeño de la Unidad de Global Markets, fundamentalmente durante la primera parte del ejercicio.', 'Los ingresos de terminales registran un significativo crecimiento interanual en el cuarto trimestre (+41,0%; +3,8% en el año) debido a la mayor actividad comercial de venta de equipos de gama alta.', 'Desde la fusión, sigue creciendo todos los meses respecto al mismo mes del año anterior, con lo que encadena, a cierre del Ejercicio 2014, 27 meses de crecimiento ininterrumpido.']",al crecimiento tanto del negocio móvil como del fijo,al crecimiento tanto del negocio móvil como del fijo,0.75,0.0,1.0
"El hecho de que en un futuro llevará a cabo actividades que aporten valor y ayuden a reforzar la relación personal con determinados clientes, ¿qué consecuencias tendrá?","['Llevará a cabo actividades que aporten valor y ayuden a reforzar la relación personal con determinados clientes, por lo que será una oficina evolucionada que permitirá al Banco testar un nuevo modelo de atención y servicio.', 'En los segmentos más altos la relación humana y el asesoramiento seguirán siendo una parte troncal de nuestra propuesta de valor, por lo que la red física seguirá teniendo un papel central, pero dedicará más tiempo a la venta, a la captación y al asesoramiento y mucho menos a las tareas operativas.', 'También, en la relación con sus propietarios, la Compañía refleja sus valores corporativos ya que les ofrece un canal directo con la Compañía para la resolución de incidencias, ofrecer respuesta ágil a sus inquietudes y necesidades de información, con el objetivo de reforzar el vínculo y el orgullo de pertenencia, a través de la aportación de valor al negocio entendida en su más amplio sentido.', 'Esto redunda en una mejora de la autoestima, incrementando el orgullo de pertenencia a la empresa, y, por consiguiente, en la atracción y retención del talento.', 'Vivimos una parte cada vez más importante de nuestra vida a través de la conectividad y los servicios digitales, por eso, sabemos que la responsabilidad que asumimos en este ámbito condiciona el éxito a futuro. Así lo ven también nuestros grupos de interés, en particular inversores y analistas, que consideran que la seguridad y la privacidad es una de las temáticas más importantes en nuestro compromiso hacia el cliente (ver capítulo Materialidad).']",será una oficina evolucionada que permitirá al Banco testar un nuevo modelo de atención y servicio,será una oficina evolucionada que permitirá al Banco testar un nuevo modelo de atención y servicio,1.0,0.875,1.0
¿Por qué razón requiere especial mención la actuación de MAPFRE ante las catástrofes naturales donde una adecuada previsión de estos eventos y la correcta valoración de las pérdidas que pueden provocar son esenciales para la gestión de una compañía aseguradora?,"['RIESGO DE CATÁSTROFES NATURALES Especial mención requiere la actuación de MAPFRE ante las catástrofes naturales donde una adecuada previsión de estos eventos y la correcta valoración de las pérdidas que pueden provocar son esenciales para la gestión de una compañía aseguradora, ya que de ello depende el impacto económico que la empresa tendrá que absorber y también la respuesta que podrá dar a sus clientes.', 'La homologación de proveedores es imprescindible para todas las empresas que deseen contratar con MAPFRE, ya que garantiza la capacidad técnica, financiera y de calidad para cumplir con los compromisos que suscriben.', 'En este entorno, en la evolución de MAPFRE es de destacar: - Los magníficos resultados obtenidos en la mayor parte de los países, especialmente España y Brasil, y en los negocios de Reaseguro y Global Risks. - El crecimiento en las primas de No Vida, tanto en España como en el extranjero, así como en el reaseguro, que han permitido absorber la contracción del seguro de Vida en España. - La buena evolución del resultado del negocio de Vida, gracias a la mejora tanto del resultado de suscripción como de los ingresos financieros en Brasil.', 'Y también han de ser flexibles, porque la gestión de riesgos tiene que adaptarse rápidamente a nuevos entornos y escenarios imprevistos.', 'En este sentido, me gustaría enfatizar que nuestro retorno más inmediato se produce hacia los 37 millones de clientes que confían en nosotros, porque una aseguradora más eficaz siempre ofrece mejores productos y servicios.']",de ello depende el impacto económico que la empresa tendrá que absorber y también la respuesta que podrá dar a sus clientes,de ello depende el impacto económico que la empresa tendrá que absorber y también la respuesta que podrá dar a sus clientes,1.0,1.0,1.0
¿A qué se debe que en 2014 no se haya producido ningún expediente sancionador en materia de privacidad y protección de datos personales?,"['Durante 2014, la compañía ha realizado esfuerzos para incrementar la privacidad y seguridad de los datos, tanto de los empleados y colaboradores, como de los usuarios registrados y espectadores en general, para lo cual ha revisado y actualizado los procedimientos vigentes y ha añadido nuevos procedimientos. En particular, destaca la normalización de los aspectos relacionados con la contratación de servicios en la nube y el uso de tecnología en movilidad por parte de los empleados. Gracias al buen funcionamiento del sistema de control interno, en 2014 no se ha producido ningún expediente sancionador en materia de privacidad y protección de datos personales.', 'Se han reducido los índices de frecuencia y gravedad, como consecuencia de la disminución de los accidentes sin baja y no se han registrado accidentes graves, muy graves O mortales, ni enfermedades profesionales.', 'El año pasado resultó especialmente gratificante porque de los 72 tests que se realizaron no se detectó ningún positivo por VIH.', 'Un crecimiento que hemos alcanzado sin realizar ampliaciones de capital y gracias a una política prudente de distribución del dividendo.', 'Nuestra trayectoria avala ese propósito de estabilidad, porque mantenemos el nombre, no nos hemos fusionado con nadie y no hemos comprado nada en España.']",al buen funcionamiento del sistema de control interno,al buen funcionamiento del sistema de control interno,1.0,1.0,1.0
¿A qué se debe que el gasóleo siga registrando una reducción?,"['El gasóleo sigue registrando una reducción debido a la sustitución de las calderas alimentadas por este combustible.', 'La tasa del mes de diciembre fue inferior a la esperada, debido a la baja de los precios del petróleo, alimentos y servicios (principalmente la caída de los precios de los alimentos con una baja del 4%).', 'En términos económicos, los ingresos por ventas de gas fueron de 2.378 millones de euros, 484 millones menores (–16,9%) a los del ejercicio 2014 como consecuencia de la disminución de las ventas físicas y del precio medio de venta.', 'En 2014 ha continuado la caída en ventas como consecuencia de la situación general económica y en particular del sector de la construcción.', 'La inflación descendió a tasas mínimas históricas, del 2,1% en diciembre, gracias a la reducción de los precios en telecomunicaciones y energía tras la implementación de reformas estructurales.']",a la sustitución de las calderas alimentadas por este combustible,a la sustitución de las calderas alimentadas por este combustible,1.0,0.6666666666666666,1.0
"¿Qué efecto han tenido para Meliá Hotels International  las conclusiones de la encuesta ""Tienes la palabra 2015""?","['Como consecuencia de las conclusiones de la encuesta ""Tienes la palabra 2015"", Meliá Hotels International ha renovado sus oficinas corporativas para hacer de ellas un espacio de colaboración más abierto, dinámico, flexible, sin barreras y para fortalecer la cercanía entre sus equipos.', 'Esta tendencia favorable se produjo a pesar de haberse generado menores comisiones de mantenimiento de cuentas debido a la suspensión de su cobro al segmento retail, impuesta por el Consejo de Estado turco, y de los altos ingresos generados en el 2016 por el programa de millas Miles & Smiles.', 'La cifra de negocio disminuyó un 14,0% hasta los 401,3 millones de euros, debido a una severa bajada del mercado local y a las fluctuaciones adversas de tipo de cambio tanto en Brasil como en Argentina.', 'Gran parte de las líneas están en proceso de ejecución, dado que muchos de los objetivos propuestos se han trazado a 2015.', 'El ebitda disminuye un 20,9% debido al impacto de una menor demanda y un efecto negativo de los tipos de cambio (–46 millones de euros).']","ha renovado sus oficinas corporativas para hacer de ellas un espacio de colaboración más abierto, dinámico, flexible, sin barreras y para fortalecer la cercanía entre sus equipos","ha renovado sus oficinas corporativas para hacer de ellas un espacio de colaboración más abierto, dinámico, flexible, sin barreras y para fortalecer la cercanía entre sus equipos",1.0,1.0,1.0
¿Gracias a qué continuó mejorando en 2017 el mercado de la vivienda y la situación financiera de los hogares?,"['En 2017 continuó mejorando el mercado de la vivienda y la situación financiera de los hogares gracias al buen cuadro macroeconómico y en particular a la evolución del empleo.', 'En 2017 las ventas han aumentado un 4,3% como consecuencia de una ligera recuperación de la situación general económica y también del sector de la construcción.', 'La vinculación del sector del seguro con el entorno macroeconómico resulta indudable. En este sentido, la economía mundial mejoró en los últimos meses del 2016 gracias a la recuperación de economías avanzadas como las de Estados Unidos, Europa y China, marcando una tendencia de aceleración que se prevé continúe durante el 2017. En conjunto, la economía global creció un 3,1%, cifra inferior a la del 2015, pero superior a la prevista a principios de año.', 'La tasa de morosidad se ha reducido desde el 1,35% en 2016 al 1,13% a diciembre de 2017, gracias a un entorno macroeconómico más favorable y la aplicación de políticas prudentes.', 'La región EMEA se espera que continúe presentando resultados positivos de cara a los próximos meses, ya que las dinámicas de mercado en Europa siguen siendo buenas tanto en los segmentos vacacional, como urbano.']",al buen cuadro macroeconómico y en particular a la evolución del empleo,al buen cuadro macroeconómico y en particular a la evolución del empleo,1.0,1.0,1.0
¿Qué permite el mejor aprovechamiento del Big Data? ,"['Gracias al mejor aprovechamiento del Big Data es posible el desarrollo de modelos estadísticos de propensión al consumo de productos y servicios, con refresco diario de la información, lo que redunda en una adecuación de la oferta y por tanto de la eficacia en las acciones comerciales.', 'Nueva aplicación móvil BBVA España, con un diseño que refleja la expresión del lema de BBVA, Creando Oportunidades, ya que sigue permitiendo realizar cualquier operación desde cualquier lugar, de una forma fácil y sencilla, pero aprovechando cada vez más todas las oportunidades que ofrecen las nuevas tecnologías y el big data.', 'La capacidad de maximizar la utilización de nuestros activos durante su vida  útil es un factor importante dado que nuestra actividad requiere de importantes  inversiones.', 'Esta unidad, lanzada en 2016, cuenta en la actualidad con más de más de 150 proyectos en 8 países diferentes en materias como transporte, comercio, turismo, finanzas o publicidad. LUCA juega un papel clave en el posicionamiento de Telefónica como uno de los líderes en el mercado de Big Data debido a nuestra oferta multisectorial.', 'Una de las grandes ventajas de este sistema es su transparencia, ya que estas ideas son visibles de forma inmediata para toda la plantilla de modo que pueden ser votadas o enriquecidas con opiniones o aportaciones complementarias.']","es posible el desarrollo de modelos estadísticos de propensión al consumo de productos y servicios, con refresco diario de la información, lo que redunda en una adecuación de la oferta y por tanto de la eficacia en las acciones comerciales","es posible el desarrollo de modelos estadísticos de propensión al consumo de productos y servicios, con refresco diario de la información",1.0,0.5,1.0
"¿Gracias a qué hecho ha podido Bankinter ser el único banco que ha pagado todos sus dividendos en efectivo y, además, de forma trimestral?","['Bankinter ha sido el único banco que ha pagado todos sus dividendos en efectivo y, además, de forma trimestral, gracias al sólido crecimiento del negocio y a su buena situación en términos de solvencia, que le ha permitido no verse afectado por las restricciones marcadas por los organismos supervisores en la preservación del capital.', 'La compañía de Bankinter especializada en préstamos al consumo y tarjetas de crédito se ha consolidado como una de las principales palancas de crecimiento del banco gracias a sus excepcionales resultados durante 2017.', 'Nuevas reglas que aceptamos de buen grado pues son iguales para todos y Bankinter tiene plena capacidad para cumplir con ellas como el que más.', 'Bankinter compensó de forma orgánica, con el negocio de clientes, los resultados de 2016, que incluían los extraordinarios contabilizados con motivo de la operación de compra de Barclays Portugal.', 'Un crecimiento que hemos alcanzado sin realizar ampliaciones de capital y gracias a una política prudente de distribución del dividendo.']","al sólido crecimiento del negocio y a su buena situación en términos de solvencia, que le ha permitido no verse afectado por las restricciones marcadas por los organismos supervisores en la preservación del capital","al sólido crecimiento del negocio y a su buena situación en términos de solvencia, que le ha permitido no verse afectado por las restricciones marcadas por los organismos supervisores en la preservación del capital",1.0,,1.0
¿Por qué es inviable evaluar el volumen generado y la gestión efectuada a nivel mundial?,"['Respecto a la recuperación de los productos puestos en el mercado, es inviable evaluar el volumen generado y la gestión efectuada a nivel mundial, dado que no existe ningún sistema de recogida y gestión específico para materiales textiles a nivel global.', 'Los tipos de residuos generados en cada fábrica no coinciden al 100%, por ello se han reducido a un grupo homogéneo para su comparación.', 'Llevamos años siendo cada vez más y más eficientes, por eso también cada vez es más difícil mejorar.', 'El impacto de esta reforma global sobre la actividad económica es objeto de interés creciente, ya que representa un posible freno para el crecimiento económico.', '*Los datos de 2014 no incluyen las emisiones correspondientes a la plataforma logística de Cabanillas ya que aún no se han realizado mediciones desde su apertura.']",no existe ningún sistema de recogida y gestión específico para materiales textiles a nivel global,no existe ningún sistema de recogida y gestión específico para materiales textiles a nivel globa,1.0,1.0,1.0
¿Qué efecto ha tenido la incorporación de Telecable?,"['Enfoque de gestión y evaluación contemplados en el capítulo 2. 403-1 Representación de trabajadores en comités de salud y seguridad conjuntos Existen dos Comités de Seguridad y Salud que cubren actualmente al 75% de la plantilla, debido a la incorporación de Telecable.', 'Los cambios también han afectado a la distribución que debe adaptarse a los nuevos gustos. Aparecen nuevas opciones frente a la distribución tradicional como la compra por internet (super on line) donde el crecimiento es muy relevante y las posiciones de los principales actores en muchas ocasiones es distinta a la que tiene la distribución tradicional. Como resultado, hemos asistido a operaciones de fusión/concentración en algunos mercados relevantes.', 'Gracias a la emisión de la serie de Antena 3, Tiempos de Guerra, la campaña ha tenido gran repercusión y visibilidad. 7.3.3.', 'La digitalización es necesaria para satisfacer las demandas de nuestros clientes, ofrecer la mejor experiencia diferencial y preparar la Compañía para un mundo hiperconectado. Por ello, desde Telefónica transformamos nuestro negocio buscando la automatización y la gestión en tiempo real de todos los procesos, impulsando la multicanalidad, reduciendo los costes asociados a la atención de los clientes y, a su vez, mejorando su experiencia y satisfacción con nuestros servicios.', '2018: Telefónica es incluida en el índice global Bloomberg de igualdad de género, gracias a sus políticas de trabajo flexible, sus programas de desarrollo de mujeres y de sensibilización a la alta dirección, junto con otras cuatro telcos del mundo.']",Existen dos Comités de Seguridad y Salud que cubren actualmente al 75% de la plantilla,Existen dos Comités de Seguridad y Salud que cubren actualmente al 75% de la plantilla,0.75,1.0,1.0
"¿Por qué se pudo reducir la tasa de morosidad al 6,5%?","['Así, Bankia cerró el ejercicio 2018 con un elevado descenso de los riesgos dudosos del 31% (3.702 millones de euros) lo que permitió reducir la tasa de morosidad al 6,5%.', 'La tasa de morosidad se ha reducido desde el 1,35% en 2016 al 1,13% a diciembre de 2017, gracias a un entorno macroeconómico más favorable y la aplicación de políticas prudentes.', 'El beneficio antes de impuestos en 2015 fue de 31 millones de euros, gracias a la muy escasa morosidad (un 1%, diez veces menos que el promedio del sector), un balance equilibrado y un nivel de gastos de estructura muy bajo.', 'La morosidad y el coste de crédito permanecen en niveles moderados gracias a las políticas de admisión de nueva producción más estrictas en SC USA, y el buen comportamiento en las carteras de particulares y empresas en Santander Bank.', 'La morosidad y el coste de crédito permanecen en niveles estables gracias a la mejora de desempeño de las carteras de auto en SC USA, tras la implantación de la nueva política de riesgos que tuvo lugar en el primer trimestre, enfocada a mejorar el perfil de las nuevas operaciones, y tras los ajustes realizados en el sector de Oil&Gas, en línea con la industria, en Santander Bank.']",Bankia cerró el ejercicio 2018 con un elevado descenso de los riesgos dudosos del 31% (3.702 millones de euros),Bankia cerró el ejercicio 2018 con un elevado descenso de los riesgos dudosos del 31% (3.702 millones de euros),0.75,1.0,1.0
¿Por qué se aplazó la fecha de entrada en vigor de su nombramiento hasta el 1 de enero de 2018?,"['Una nueva consejera no ejecutiva, Nicola Shaw, fue nombrada en la Junta General de Accionistas de 2017 para cubrir la vacante dejada por la Baronesa Kingsmill, quien dejó de su puesto como consejera en esa junta. La fecha de entrada en vigor de su nombramiento se aplazó hasta el 1 de enero de 2018, ya que no tenía la disponibilidad requerida antes de esa fecha.', 'Todas las propuestas deben pasar la tramitación por el Parlamento y el Consejo, por lo que se estima que la tramitación se alargará hasta finales de 2018 y que entrarán en vigor en 2019.', 'Este nivel es el inferior al del año pasado debido a la incorporación del perímetro de banca mayorista global.', 'Igualmente la Junta General de Accionistas acordó a propuesta del Consejo de Administración y, previa propuesta de la Comisión de Nombramientos y Retribuciones, ratificar y nombrar Consejeros por un plazo de cuatro años, tal y como se recoge en los Estatutos Sociales a las siguientes personas: Rafael Miranda Robredo, que fue nombrado Consejero Externo Independiente por cooptación, y Presidente de Acerinox, el día 23 de abril de 2014 en sustitución del anterior Presidente Rafael Naranjo Olmedo, que dejo el cargo el día 21 de abril de 2014 por motivos de salud.', 'El Consejo de Administración a 31 de diciembre 2016, se compone de 13 miembros, ya que después de celebrada la Junta General se produjo la dimisión de dos Consejeros dominicales, éstas bajas están pendientes de cubrir a finales de diciembre.']",no tenía la disponibilidad requerida antes de esa fecha,no tenía la disponibilidad requerida antes de esa fecha,1.0,1.0,1.0
"¿Gracias a qué han sido desarrollados este sistema, sus políticas y sus procedimientos?","['Este sistema, sus políticas y sus procedimientos están basados en el respeto a los Derechos Humanos y han sido desarrollados gracias al conocimiento y cercanía con toda la cadena de suministro.', 'Gracias a la eficacia de este Sistema de Gestión de Calidad y a los planes de mejora impulsados, las incidencias registradas en los procesos de producción, grabación y emisión de los contenidos mantienen desde hace años una evolución descendente.', 'Gracias a nuestra visión estratégica y a un importante rigor en la gestión, acompañada por unos sólidos valores, aquilatados por el fuerte componente familiar, hemos superado con éxito una compleja etapa en la que hemos logrado alcanzar la mayor parte de los objetivos propuestos, afrontando el futuro con solvencia y optimismo.', 'Una de las grandes ventajas de este sistema es su transparencia, ya que estas ideas son visibles de forma inmediata para toda la plantilla de modo que pueden ser votadas o enriquecidas con opiniones o aportaciones complementarias.', 'La compañía ha ido ganando volumen merced a un modelo de negocio único en su sector, que le ha permitido aumentar su rentabilidad pese a los ciclos económicos adversos y ganarse la confianza del mercado.']",al conocimiento y cercanía con toda la cadena de suministro,al conocimiento y cercanía con toda la cadena de suministro,1.0,0.6666666666666666,1.0
¿Qué permite a los bancos jugar un papel crucial en la lucha contra el cambio climático?,"['En este sentido ha hecho, junto con otros bancos, un llamamiento público a todas las entidades signatarias de los Principios de Ecuador para que apoyen la ampliación de esta exigencia.finanzas sosteniBles 2017 P.97 Finanzas sostenibles Los bancos juegan un papel crucial en la lucha contra el cambio climático gracias a su posición única para movilizar capital mediante inversiones, préstamos y funciones de asesoramiento.', 'El factor climático tiene cada vez mayor importancia, por lo que impulsar y fomentar acciones para proteger el medioambiente y luchar contra su degradación adquieren una importancia capital.', 'Vidrala es consciente de la importancia que supone avanzar con paso firme en la lucha contra el cambio climático, por lo que ha manifestado su voluntad de participar en el camino marcado por la iniciativa Stop CO₂ Euskadi con la colaboración a través de sus actividades de diseño, I+D+i, administración y comercialización de envases de vidrio.', 'Asimismo, tras la COP21 la preocupación de los Estados por la lucha contra el cambio climático creció considerablemente, por lo que se espera que se intensifique la presión regulatoria sobre el sector energético, entre otros.', 'En el stress test de la EBA: Santander muestra una gran resistencia debido a su modelo de banca comercial y a su diversificación geográfica. En el escenario adverso, Santander es el banco que menos capital destruye entre los competidores']","su posición única para movilizar capital mediante inversiones, préstamos y funciones de asesoramiento","su posición única para movilizar capital mediante inversiones, préstamos y funciones de asesoramiento",1.0,1.0,1.0
¿Qué implicación tiene el acuerdo de intercambio entre Estados Unidos y Perú?,"['Los american depositary shares (ADS) de BBVA se negocian en la Bolsa de Nueva York y en la de Lima (Perú), como consecuencia de un acuerdo de intercambio entre ambos mercados.', 'El impacto de esta reforma global sobre la actividad económica es objeto de interés creciente, ya que representa un posible freno para el crecimiento económico.', 'Estados Unidos, por su parte, experimentó cierta ralentización en su crecimiento, con un incremento anual del PIB del 1,6%, pero con un satisfactorio cuadro macroeconómico: prácticamente pleno empleo, inflación controlada, incremento del número de asalariados con mejoras en los salarios medios y un índice de confianza de los consumidores positivo gracias al impulso fiscal anunciado por el nuevo presidente.', 'No obstante, a la hora de trasladar nuestros resultados a Euros, nos veremos negativamente afectados, ya que el tipo de cambio USD/EUR medio que usamos en el primer trimestre de 2017 fue 1.07, el cual se comparará con un nivel que será significativamente más alto en los primeros meses de 2018.', 'La entidad mantiene políticas de cobertura con el objetivo prioritario de minimizar el impacto negativo debido a movimientos adversos de los mercados de los cambios de divisas sobre las ratios de capital, así como sobre los resultados generados en su negocio en divisa. Las operaciones de cobertura cubren el riesgo de cambio de las inversiones realizadas en las sociedades del grupo radicadas en países cuya moneda funcional no es el euro (véase nota 4.4.3.1 apartado Riesgo estructural de tipo de cambio).']",Los american depositary shares (ADS) de BBVA se negocian en la Bolsa de Nueva York y en la de Lima (Perú),Los american depositary shares (ADS) de BBVA se negocian en la Bolsa de Nueva York y en la de Lima (Perú),1.0,0.5,1.0
"¿Qué consecuencia tuvo que dicha oferta fuese aceptada por títulos que representan un 13,65% del capital social de Banco Santander Brasil?","['Dicha oferta fue aceptada por títulos que representan un 13,65% del capital social de Banco Santander Brasil por lo que la participación de Grupo Santander en Banco Santander Brasil pasó a ser del 88,3% de su capital social.', 'Realización de una oferta de adquisición de minoritarios de Banco Santander Brasil, aceptada por títulos representativos del 13,65% del capital social, con lo que la participación de Grupo Santander pasó a ser del 88,30% del capital', 'Destacan operaciones como la financiación en la compra del 20% de Gas Natural por Global Infrastructure Partners y el asesoramiento y financiación al consorcio entre Vinci, ADP y Astaldi para la construcción de la nueva terminal internacional del de Chile. En el mercado de capitales de deuda, Santander se posiciona como líder en el ranking latinoamericano, ya que ha estado presente en las principales operaciones de la región.', 'La cifra de negocio disminuyó un 14,0% hasta los 401,3 millones de euros, debido a una severa bajada del mercado local y a las fluctuaciones adversas de tipo de cambio tanto en Brasil como en Argentina.', 'Por otro lado, los gastos financieros se han reducido significativamente como resultado de fructíferas negociaciones con los bancos que permitieron minorar el tipo de interés medio satisfecho por la Compañía, el cual se situó en 3,2% frente al 3,5% del año 2016, así como incrementar los plazos de vencimiento de los instrumentos de deuda con los que actualmente se financia.']","la participación de Grupo Santander en Banco Santander Brasil pasó a ser del 88,3% de su capital social","la participación de Grupo Santander en Banco Santander Brasil pasó a ser del 88,3% de su capital social",1.0,1.0,1.0
"¿A qué se debe la evolución positiva del precio de las acciones de Almirall durante 2015 y que haya experimentado un aumento general (del 35,49 %)?","['El precio de las acciones de Almirall tuvo una evolución positiva durante 2015 y experimentó un aumento general (del 35,49 %) debido al mayor rendimiento operativo de la compañía y a la considerable actividad de fusiones y adquisiciones.', 'Esta operación es positiva para los accionistas, ya que se estima que mejora el beneficio por acción (BPA) desde 2016.', 'En los tres últimos años, la Compañía ha logrado unos sólidos resultados financieros que han hecho que el BPA ajustado de 2016 alcance los 90,2 céntimos de euro. En consecuencia, los derechos asignados en 2014 bajo el plan de acciones por desempeño, se consolidarán en 2016 en su nivel máximo en lo que respecta al parámetro de BPA. El precio de la acción registró un fuerte crecimiento en los dos primeros años y medio de los tres que integran el período de desempeño, aunque sufrió una importante caída tras el resultado del referéndum sobre la UE celebrado en el Reino Unido.', 'Importante crecimiento de los ROF (+15,9% interanual), gracias al muy buen desempeño de la Unidad de Global Markets, fundamentalmente durante la primera parte del ejercicio.', 'Esta tendencia se sustentó en una mejora de las variables macroeconómicas, pero se potenció innegablemente gracias al esfuerzo por retener el precio que inició Atresmedia desde hace un par de años, estrategia por la que parecen por fin haber optado el resto de operadores principales del mercado.']",al mayor rendimiento operativo de la compañía y a la considerable actividad de fusiones y adquisiciones,al mayor rendimiento operativo de la compañía y a la considerable actividad de fusiones y adquisiciones,1.0,0.25,1.0
¿Qué hizo que no hubiera que lamentar daños personales?,"['Afortunadamente, no hubo que lamentar daños personales, ya que los clientes fueron evacuados de las zonas afectadas de una manera rápida, eficaz y segura.', 'Se han reducido los índices de frecuencia y gravedad, como consecuencia de la disminución de los accidentes sin baja y no se han registrado accidentes graves, muy graves O mortales, ni enfermedades profesionales.', 'El impacto no fue duradero, ya que en los meses siguientes se redujo la volatilidad, la renta variable se recuperó y bajó la aversión al riesgo.', 'El año pasado resultó especialmente gratificante porque de los 72 tests que se realizaron no se detectó ningún positivo por VIH.', 'Un crecimiento que hemos alcanzado sin realizar ampliaciones de capital y gracias a una política prudente de distribución del dividendo.']","los clientes fueron evacuados de las zonas afectadas de una manera rápida, eficaz y segura","los clientes fueron evacuados de las zonas afectadas de una manera rápida, eficaz y segura",1.0,1.0,1.0
¿A qué se debe que en algunos casos la duración sea menor?,"['Sin embargo, debido a la legislación de algunos países o a los usos habituales para los contratos de arrendamiento, en algunos casos la duración es menor.', 'El impacto no fue duradero, ya que en los meses siguientes se redujo la volatilidad, la renta variable se recuperó y bajó la aversión al riesgo.', 'Este nivel es el inferior al del año pasado debido a la incorporación del perímetro de banca mayorista global.', 'La tasa del mes de diciembre fue inferior a la esperada, debido a la baja de los precios del petróleo, alimentos y servicios (principalmente la caída de los precios de los alimentos con una baja del 4%).', 'Llevamos años siendo cada vez más y más eficientes, por eso también cada vez es más difícil mejorar.']",a la legislación de algunos países o a los usos habituales para los contratos de arrendamiento,a la legislación de algunos países o a los usos habituales para los contratos de arrendamiento,1.0,1.0,1.0
"¿Por qué motivo considera la Comisión de Retribuciones que la comparación del TSR de la Compañía con el de las compañías de transporte europeas, incluidas las líneas aéreas, resulta apropiada? ","['La Comisión de Retribuciones considera que la comparación del TSR de la Compañía con el de las compañías de transporte europeas, incluidas las líneas aéreas, resulta apropiada, dado que estas compañías están sujetas a factores externos que impactan sobre el precio de la acción similares a los del Grupo. Esta comparación proporciona, por tanto, un punto de referencia adecuado para determinar el rendimiento superior del equipo directivo y la creación de valor.', 'En ellos se incluye la ampliación de capital con derecho de suscripción preferente por 1.607 millones de euros llevada a cabo en el mes de abril de 2015, como consecuencia de la adquisición de TSB (T16).', 'Las comisiones netas ascendieron a 1.148,6 millones de euros (1.022,8 millones de euros sin considerar TSB) y crecieron un 14,5% (10,6% sin considerar TSB) en términos interanuales (T4). Este crecimiento se manifestó como consecuencia principalmente de la evolución positiva de las comisiones de comercialización de fondos de pensiones y seguros, que crecen un 48,9% respeto al ejercicio anterior.', 'Esta tendencia favorable se produjo a pesar de haberse generado menores comisiones de mantenimiento de cuentas debido a la suspensión de su cobro al segmento retail, impuesta por el Consejo de Estado turco, y de los altos ingresos generados en el 2016 por el programa de millas Miles & Smiles.', 'Los otros gastos por operaciones (3.918 millones de euros) crecen un 19,9% interanual en el año debido al incremento generalizado de precios en algún país de la región comentado anteriormente así como a la mayor actividad comercial y los gastos asociados a la mayor capacidad de tráfico, tanto de voz como de datos.']","estas compañías están sujetas a factores externos que impactan sobre el precio de la acción similares a los del Grupo. Esta comparación proporciona, por tanto, un punto de referencia adecuado para determinar el rendimiento superior del equipo directivo y la creación de valor",estas compañías están sujetas a factores externos que impactan sobre el precio de la acción similares a los del Grupo,0.75,,1.0
¿Qué efecto tiene que sean de obligado cumplimiento para su cadena de suministro?,"['Dado que son de obligado cumplimiento para nuestra cadena de suministro, en 2016 hemos trabajado con 160 proveedores directos para aportar soluciones sostenibles alternativas a estas sustancias no deseadas.', 'En el sector de la automoción, es fundamental el correcto funcionamiento y desempeño de todos los eslabones de la cadena de producción por lo que no sólo la calidad de los componentes, sino también una disponibilidad adecuada de los mismos, es determinante para asegurar el correcto funcionamiento de la cadena de montaje de los fabricantes de automóviles.', 'La homologación de proveedores es imprescindible para todas las empresas que deseen contratar con MAPFRE, ya que garantiza la capacidad técnica, financiera y de calidad para cumplir con los compromisos que suscriben.', 'Para llevar a cabo esta función, el Grupo DIA ha establecido un procedimiento de seguimiento y actualización de la normativa, en virtud del cual están definidos los recursos, responsabilidades y herramientas internas y externas necesarias para desempeñar esta función y lograr el doble objetivo de disponer de un mapa regulatorio actualizado y de una organización informada sobre sus obligaciones legales.', 'Como se ha señalado, esta fase de implantación es otra de las posibles fuentes de riesgo de modelo, por lo que es requisito indispensable que se realicen pruebas por parte de los equipos técnicos y los propietarios del modelo, certificando que se ha implementado de acuerdo a la definición metodológica y funciona de acuerdo a lo esperado.']",en 2016 hemos trabajado con 160 proveedores directos para aportar soluciones sostenibles alternativas a estas sustancias no deseadas,en 2016 hemos trabajado con 160 proveedores directos para aportar soluciones sostenibles alternativas a estas sustancias no deseadas,1.0,0.75,1.0
"¿Qué implica que ENDESA cuente con un Comité de Auditoría y Cumplimiento cuya función principal es la de velar por el buen gobierno corporativo y por la transparencia en todas las actuaciones de ENDESA en los ámbitos económico-financiero, de auditoría externa, de cumplimiento y de auditoría interna?","['ENDESA cuenta con un Comité de Auditoría y Cumplimiento cuya función principal es la de velar por el buen gobierno corporativo y por la transparencia en todas las actuaciones de ENDESA en los ámbitos económico-financiero, de auditoría externa, de cumplimiento y de auditoría interna Por ello, tiene encomendadas las funciones de supervisar el proceso de elaboración y presentación de la información financiera regulada y de supervisar la eficacia del sistema de control interno de ENDESA y los sistemas de gestión de riesgos, así como discutir con los auditores de cuentas o sociedades de auditoría las debilidades significativas del sistema de control interno detectadas en el desarrollo de la auditoría.', 'Además, ENDESA es consciente de que una presencia destacada en los principales índices de inversión socialmente responsable promueve la atracción de este tipo de inversores y, por ello, la Compañía desempeña un papel muy destacado al respecto.', 'La Comisión de Auditoría analizará anualmente la vigencia del mapa de Riesgos de la Compañía y procederá a incorporar, modificar o descartar los riesgos que, en su caso, sea necesario debido a cambios en los objetivos estratégicos, estructura organizativa, normativa vigente, etc.', 'Para llevar a cabo esta función, el Grupo DIA ha establecido un procedimiento de seguimiento y actualización de la normativa, en virtud del cual están definidos los recursos, responsabilidades y herramientas internas y externas necesarias para desempeñar esta función y lograr el doble objetivo de disponer de un mapa regulatorio actualizado y de una organización informada sobre sus obligaciones legales.', 'El Código Ético y de Conducta es un instrumento vinculante, por lo que debe ser conocido, suscrito y cumplido por todos los trabajadores y miembros de los órganos de gobierno de Prosegur. Los empleados también deben colaborar para facilitar su implantación, así como comunicar los posibles incumplimientos de los que tengan conocimiento a través del canal de denuncias.']","tiene encomendadas las funciones de supervisar el proceso de elaboración y presentación de la información financiera regulada y de supervisar la eficacia del sistema de control interno de ENDESA y los sistemas de gestión de riesgos, así como discutir con los auditores de cuentas o sociedades de auditoría las debilidades significativas del sistema de control interno detectadas en el desarrollo de la auditoría","tiene encomendadas las funciones de supervisar el proceso de elaboración y presentación de la información financiera regulada y de supervisar la eficacia del sistema de control interno de ENDESA y los sistemas de gestión de riesgos, así como discutir con los auditores de cuentas o sociedades de auditoría las debilidades significativas del sistema de control interno detectadas en el desarrollo de la auditoría",1.0,1.0,1.0
¿Qué consecuencia tiene que el plan incentivo anual se centre en la mejora de los resultados financieros?,"['El plan de incentivo anual (anual incentive plan) se centra en la mejora de los resultados financieros, por lo que su principal métrica es el beneficio de explotación antes de partidas excepcionales del Grupo.', 'En un entorno económico y financiero complicado, pero con una leve y paulatina mejora a lo largo del año, la estrategia en 2014 se centró en: Lanzar el proyecto Santander Advance dirigido a las pymes con una oferta financiera y no financiera que ha proporcionado una importante notoriedad al Banco gracias a las actividades organizadas con clientes. Captar nuevos clientes y vincular a los existentes.', 'Por otro lado, los gastos financieros se han reducido significativamente como resultado de fructíferas negociaciones con los bancos que permitieron minorar el tipo de interés medio satisfecho por la Compañía, el cual se situó en 3,2% frente al 3,5% del año 2016, así como incrementar los plazos de vencimiento de los instrumentos de deuda con los que actualmente se financia.', 'Esta operación es positiva para los accionistas, ya que se estima que mejora el beneficio por acción (BPA) desde 2016.', 'Como consecuencia de los objetivos alcanzados en 2017, el Banco se sitúa en una posición sólida para encarar el Plan Director 2018-2020.']",su principal métrica es el beneficio de explotación antes de partidas excepcionales del Grupo,su principal métrica es el beneficio de explotación antes de partidas excepcionales del Grupo,1.0,1.0,1.0
¿Por qué son lo que son? ,"['Somos lo que somos porque durante todos estos años hemos sabido como nadie adelantarnos, innovar y prepararnos, en definitiva, para el cambio.', 'Hoy en día somos lo que somos, gracias a la confianza que la empresa tuvo en nosotros y destacaría dos razonamientos claros: primero, que somos una radio comercial donde tenemos que hacer buena radio para ser un buen soporte publicitario y segundo que es fundamental saber que por motivos de cobertura somos segundos, pero no podemos pensar en ser segundones"".', 'Personas a las que quiero hacer llegar desde aquí mi más sincero agradecimiento, pues su contribución y compromiso han sido, y son, piedra angular para la consecución de nuestros objetivos y para nuestro futuro.', 'Durante muchas generaciones hemos aplicado nuestro conocimiento y experiencia para innovar y reinventar la manera de hacer banca, manteniendo las fortalezas que nos han acompañado siempre. Estoy convencida de que lograremos el éxito porque:  nuestro crecimiento, rentabilidad y fortaleza de balance demuestran que nuestra estrategia está funcionando;  nuestro tamaño, diversificación y predictibilidad nos aportan una base sólida para innovar;  nuestra cultura —nuestro foco constante en ser un banco responsable— reforzará la confianza de las personas en nuestra marca.', 'Y también han de ser flexibles, porque la gestión de riesgos tiene que adaptarse rápidamente a nuevos entornos y escenarios imprevistos.']","durante todos estos años hemos sabido como nadie adelantarnos, innovar y prepararnos, en definitiva, para el cambio","durante todos estos años hemos sabido como nadie adelantarnos, innovar y prepararnos, en definitiva, para el cambio",1.0,0.75,1.0
¿Por qué la filial en EE.UU fue la principal impulsora del crecimiento en términos de ventas?,"['Cuando observamos las ventas de Dermatología, el equilibrio es incluso mayor, con el 49,2 % procedente de Europa y el 50,8 % de EE. UU. Nuestra filial en EE. UU. fue la principal impulsora del crecimiento en términos de ventas (con una variación de un año a otro del +35,4 %), pues sigue disfrutando de una posición de liderazgo en la venta de uno de los productos estratégicos de la compañía, Acticlate. Todos nuestros productos de Dermatología presentaron crecimiento en EE. UU. en comparación con el mismo periodo de 2014.', 'Al margen de nuestra apuesta por Asia, seguimos focalizando nuestra inversión en otros mercados con fuerte potencial de crecimiento, como es el caso de México. En 2014, hemos desarrollado cuatro nuevos greenfields que revertirán en nuevos incrementos de los márgenes a futuro gracias al fuerte dinamismo de la demanda doméstica y al tirón de las exportaciones a Estados Unidos. Hoy, el mercado de NAFTA, supera ya el 20% de nuestras ventas.', 'El Grupo es uno de los mayores fabricantes en Europa, el mayor de Estados Unidos, el único en el continente africano, y en la actualidad está aumentado sus cuotas de mercado en Asia y Oceanía gracias a las ventas de los productos fabricados en la nueva planta de Malasia.', 'Importante crecimiento de los ROF (+15,9% interanual), gracias al muy buen desempeño de la Unidad de Global Markets, fundamentalmente durante la primera parte del ejercicio.', 'La compañía ha ido ganando volumen merced a un modelo de negocio único en su sector, que le ha permitido aumentar su rentabilidad pese a los ciclos económicos adversos y ganarse la confianza del mercado.']","seguie disfrutando de una posición de liderazgo en la venta de uno de los productos estratégicos de la compañía, Acticlate","sigue disfrutando de una posición de liderazgo en la venta de uno de los productos estratégicos de la compañía, Acticlate",1.0,1.0,1.0
"¿Por qué las medidas del Banco Sabadell mejoran la conciliación de la vida laboral y familiar y /o personal de su plantilla, mediante la contratación de servicios o compra de productos a  través del portal para empleados?","['Asimismo, Banco Sabadell ofrece un amplio abanico de medidas orientadas a mejorar la conciliación de la vida laboral y familiar y/o personal de su plantilla, mediante la contratación de servicios o compra de productos a través del portal para empleados, que les ofrece no solamente un ahorro económico sino también de tiempo, ya que reciben los productos en su lugar de trabajo y se ahorran el desplazamiento o el hacer la gestión fuera del horario laboral.', 'Los trabajadores y trabajadoras tienen a su disposición un conjunto de beneficios sociales pactados por Banco Sabadell y los representantes sindicales en el acuerdo sobre medidas de conciliación de la vida familiar y personal con la laboral. Todos estos beneficios han sido comunicados a la totalidad de la plantilla y están recogidos en el portal del empleado de la intranet, por lo que son ampliamente conocidos por los trabajadores y trabajadoras, que los vienen solicitando y disfrutando desde hace tiempo.', 'Llevará a cabo actividades que aporten valor y ayuden a reforzar la relación personal con determinados clientes, por lo que será una oficina evolucionada que permitirá al Banco testar un nuevo modelo de atención y servicio.', 'Gas Natural Fenosa promueve la conciliación de la vida profesional y personal gracias al importante conjunto de medidas de flexibilización laboral, servicios y beneficios adaptados a las necesidades de los empleados.', 'Quiero felicitar a los más de 200.000 profesionales que trabajan en el Grupo Santander, puesto que los logros alcanzados en 2017 no hubieran sido posibles sin la aportación de cada uno de ellos. tenemos el objetivo de consolidarnos como el mejor banco comercial para nuestros empleados, clientes, accionistas y la sociedad.']",reciben los productos en su lugar de trabajo y se ahorran el desplazamiento o el hacer la gestión fuera del horario laboral,reciben los productos en su lugar de trabajo y se ahorran el desplazamiento o el hacer la gestión fuera del horario laboral,1.0,1.0,1.0
¿Por qué es posible ofrecer una visión clara acerca del alcance y naturaleza de los posibles defectos?,"['Ofrece a los usuarios una imagen tridimensional del objeto que se inspecciona, con lo que se ofrece una visión clara acerca del alcance y naturaleza de los posibles defectos.', 'Este enfoque es importante, ya que nos permite contar con los conocimientos adecuados que faciliten unas conversaciones productivas con el equipo directivo. Si no entendemos su trabajo, no podemos analizar su labor ni ofrecer orientaciones útiles.', 'Una de las grandes ventajas de este sistema es su transparencia, ya que estas ideas son visibles de forma inmediata para toda la plantilla de modo que pueden ser votadas o enriquecidas con opiniones o aportaciones complementarias.', 'Como consecuencia de las conclusiones que ofreció este informe, se han identificado los puntos significativos y las mejoras que deben abordarse en los próximos años.', '• Construir un Prosegur más ágil, rápido, consistente y homogéneo, gracias a la simplificación de procesos y estructuras que redunden en una mejor toma de decisiones']",Ofrece a los usuarios una imagen tridimensional del objeto que se inspecciona,Ofrece a los usuarios una imagen tridimensional del objeto que se inspecciona,0.75,1.0,1.0
"¿Por qué la aplicación global de job posting interno de BBVA, denominada ‘apúntate+’,  favorece el desarrollo y la transparencia en los procesos de promoción interna?","['Además, BBVA cuenta con una aplicación global de job posting interno, denominada ‘apúntate+’, como medio para favorecer el desarrollo y la transparencia en los procesos de promoción interna, ya que en ella se publican las diferentes posiciones disponibles a las que el empleado puede acceder.', 'Una de las grandes ventajas de este sistema es su transparencia, ya que estas ideas son visibles de forma inmediata para toda la plantilla de modo que pueden ser votadas o enriquecidas con opiniones o aportaciones complementarias.', 'Nueva aplicación móvil BBVA España, con un diseño que refleja la expresión del lema de BBVA, Creando Oportunidades, ya que sigue permitiendo realizar cualquier operación desde cualquier lugar, de una forma fácil y sencilla, pero aprovechando cada vez más todas las oportunidades que ofrecen las nuevas tecnologías y el big data.', 'Esta operación es positiva para los accionistas, ya que se estima que mejora el beneficio por acción (BPA) desde 2016.', 'Esto redunda en una mejora de la autoestima, incrementando el orgullo de pertenencia a la empresa, y, por consiguiente, en la atracción y retención del talento.']",en ella se publican las diferentes posiciones disponibles a las que el empleado puede acceder,en ella se publican las diferentes posiciones disponibles a las que el empleado puede acceder,1.0,1.0,1.0
¿Por qué razón los datos de 2014 no incluyen las emisiones correspondientes a la plataforma logística de Cabanillas?,"['*Los datos de 2014 no incluyen las emisiones correspondientes a la plataforma logística de Cabanillas ya que aún no se han realizado mediciones desde su apertura.', 'Gracias a estas reformas y a la plataforma EcoTool, se ha conseguido evitar la emisión a la atmósfera de un total de 9.816 toneladas de CO2.', 'El total del alcance 1 y 2, foco principal de las emisiones de la entidad y que representan el 64% de su huella total, han experimentado un descenso del 1% gracias a las diferentes medidas de eficiencia energética que se han ido implantando durante 2014, como el cambio de luminarias a LED, las mejoras en domótica y climatización y la renovación del parque de equipos informáticos más ecoeficientes, entre otras.', 'En concreto, la renovación de la flota con 30 nuevos vehículos con consumos más bajos y adaptados a la más reciente norma anticontaminación Euro VI, la incorporación de camiones combinados de gran capacidad como los megatrailers o el uso de camiones híbridos, han permitido registrar ahorros de combustible de 448.715 litros de combustible y más de 1200 Tn de CO2 no emitidas a la atmfera. A pesar de las mejoras en este sentido, el consumo global de combustible del transporte primario y secundario ha aumentado en un 2%, debido al aumento de la frecuencia de reparto que exigen los nuevos modelos comerciales.', 'Estas ventas han supuesto un ingreso de 2.885 millones de euros en el ejercicio 2015, un 5,3% menor al del ejercicio 2014 ya que la caída en las ventas físicas como consecuencia de la reducción en el número de clientes a precio regulado (–9,5%) y el incremento del coste de la energía no se ha visto compensada por el incremento del precio medio de venta.']",aún no se han realizado mediciones desde su apertura,aún no se han realizado mediciones desde su apertura,0.75,1.0,1.0
"¿Cuál ha sido la causa del crecimiento de las comisiones netas a 1.148,6 millones de euros (1.022,8 millones de euros sin considerar TSB), conllevando un aumento del 14,5% (10,6% sin considerar TSB) en términos interanuales (T4)?","['Las comisiones netas ascendieron a 1.148,6 millones de euros (1.022,8 millones de euros sin considerar TSB) y crecieron un 14,5% (10,6% sin considerar TSB) en términos interanuales (T4). Este crecimiento se manifestó como consecuencia principalmente de la evolución positiva de las comisiones de comercialización de fondos de pensiones y seguros, que crecen un 48,9% respeto al ejercicio anterior.', 'Sin considerar esta venta, el beneficio neto ha crecido un 25,4% principalmente debido al buen desempeño del margen financiero y las comisiones cobradas y por un adecuado control de los gastos de administración y promoción.', 'Los otros gastos por operaciones (3.918 millones de euros) crecen un 19,9% interanual en el año debido al incremento generalizado de precios en algún país de la región comentado anteriormente así como a la mayor actividad comercial y los gastos asociados a la mayor capacidad de tráfico, tanto de voz como de datos.', 'En ellos se incluye la ampliación de capital con derecho de suscripción preferente por 1.607 millones de euros llevada a cabo en el mes de abril de 2015, como consecuencia de la adquisición de TSB (T16).', 'Los ingresos del periodo enero-diciembre de 2014 ascienden a 1.719 millones de euros y aumentan un 7,8% interanual, debido al crecimiento tanto del negocio móvil como del fijo.']","principalmente de la evolución positiva de las comisiones de comercialización de fondos de pensiones y seguros, que crecen un 48,9% respeto al ejercicio anterior","se manifestó como consecuencia principalmente de la evolución positiva de las comisiones de comercialización de fondos de pensiones y seguros, que crecen un 48,9% respeto al ejercicio anterior",0.5,1.0,1.0
"¿Por qué se incluye en el epígrafe de ""Préstamos y partidas a cobrar"" del balance consolidado?","['Cuando el grupo actúa como arrendador de un bien, la suma de los valores actuales de los importes que recibirá del arrendatario se registra como una financiación prestada a terceros, por lo que se incluye en el epígrafe de ""Préstamos y partidas a cobrar"" del balance consolidado. Esta financiación incorpora el precio de ejercicio de la opción de compra a favor del arrendatario al vencimiento del contrato en los casos en que dicho precio de ejercicio sea suficientemente inferior al valor razonable del bien a la fecha de vencimiento de la opción, de modo que sea razonablemente probable que vaya a ejercerse.', 'Este dato no incluye CDS por aproximadamente 2.293 millones de euros de nominal que cubren préstamos, dado que contablemente se catalogan como garantías financieras en lugar de como derivados de crédito al no tener impacto su variación de valor sobre resultados ni sobre reservas para evitar asimetrías contables. 18.', 'Asimismo, y tal y como se describe en la nota 31.2.o, el Grupo aplica la contabilidad de coberturas al objeto de mitigar la volatilidad que se produciría en la cuenta de pérdidas y ganancias consolidada como consecuencia de la existencia de transacciones relevantes en moneda extranjera.', 'En las cuentas anuales consolidadas adjuntas no se ha registrado provisión alguna por este concepto, ya que no están previstas situaciones de esta naturaleza.', 'Debido a posibles interpretaciones que pueden hacerse de la normativa fiscal aplicable a algunas operaciones realizadas en el sector bancario, podrían existir determinados pasivos por impuestos de carácter contingente. Sin embargo, la posibilidad de que se materialicen estos pasivos es remota y, en cualquier caso, la deuda tributaria que de ellos pudiera derivarse no afectaría significativamente a las presentes Cuentas anuales consolidadas.']","Cuando el grupo actúa como arrendador de un bien, la suma de los valores actuales de los importes que recibirá del arrendatario se registra como una financiación prestada a terceros","Cuando el grupo actúa como arrendador de un bien, la suma de los valores actuales de los importes que recibirá del arrendatario se registra como una financiación prestada a terceros",1.0,1.0,1.0
"¿Qué explica el aumento de la plantilla de un 2,6%?","['La plantilla aumentó un 2,6% dado que se han puesto en marcha nuevas líneas y que ha aumentado la producción.', 'Con una plantilla superior a las 60 personas, y una facturación anual cercana a los 10 millones de euros, ha experimentado un importante crecimiento durante los últimos años gracias a la apuesta realizada por modernizar sus instalaciones, métodos y procesos productivos.  Crecimiento significativo en negocios relacionados con el diseño y construcción de sistemas de transporte llave en mano para operar y, cuando los clientes así lo requieran, realizar su mantenimiento Uoperación, en solitario o en alianza, incluyendo inversión de capital según el caso.  Continuación del esfuerzo inversor en desarrollo tecnológico, tanto en lo referido a tecnologías como a productos de alto valor añadido, comercializables a nivel de componente, subsistema o material destinado a proveer a los clientes en todas nuestras ramas de actividad (material rodante, señalización, energía, gestión de datos, inspecciones, etc.).', 'Desde el punto de vista de los resultados del ejercicio, Indra ha aumentado su cartera gracias a una mayor contratación y ha recuperado la rentabilidad con un margen EBIT positivo del 6% y con una generación de caja de 184 millones de euros. Desde el punto de vista operativo, han finalizado las principales acciones de restructuración y se empiezan a ver los resultados de las mismas.', 'En 2017 las ventas han aumentado un 4,3% como consecuencia de una ligera recuperación de la situación general económica y también del sector de la construcción.', 'LAS VENTAS crecieron debido a la incorporación de Oliveri (en 2013 sólo un mes) y Garofalo (desde el mes de junio). El impacto de los nuevos negocios es de 103 millones de euros. Ambas compañías son parte importante en la estrategia del Grupo y tienen un desarrollo específico para ampliar su distribución en mercados que entendemos complementarios.']",se han puesto en marcha nuevas líneas y que ha aumentado la producción,se han puesto en marcha nuevas líneas y que ha aumentado la producción,1.0,1.0,1.0
¿Qué efecto tiene que Atresmedia sea consciente de la decisiva labor de las empresas para la consecución de estas importantes metas?,"['Atresmedia es consciente de la decisiva labor de las empresas para la consecución de estas importantes metas y, por ese motivo, apoya con sus políticas, iniciativas y capacidad de difusión, la consecución de aquellos ODS en los que la contribución de la Compañía puede ser mayor y de especial incidencia.', 'Esta tendencia se sustentó en una mejora de las variables macroeconómicas, pero se potenció innegablemente gracias al esfuerzo por retener el precio que inició Atresmedia desde hace un par de años, estrategia por la que parecen por fin haber optado el resto de operadores principales del mercado.', 'Atresmedia, primer grupo de comunicación audiovisual socio de Forética Atresmedia ha firmado un convenio de colaboración con Forética en virtud del cual la compañía audiovisual se convierte en el primer grupo de comunicación en ser socio de una de las entidades de referencia en RSE y sostenibilidad de España y Latinoamérica.', 'El evento fue posible gracias a la colaboración de Atresmedia y una de las principales distribuidoras con las que trabaja, Warner Bros.', 'Esta estrategia marcará, previsiblemente, la pauta del posicionamiento futuro en este complejo sector respecto al resto de operadores audiovisuales, dado que permite una mayor especialización y una significativa disminución del riesgo de negocio para Atresmedia.']","apoya con sus políticas, iniciativas y capacidad de difusión, la consecución de aquellos ODS en los que la contribución de la Compañía puede ser mayor y de especial incidencia","apoya con sus políticas, iniciativas y capacidad de difusión, la consecución de aquellos ODS en los que la contribución de la Compañía puede ser mayor y de especial incidencia",1.0,1.0,1.0
¿Qué razones la llevan a estar convencida de que lograrán el éxito?,"['Durante muchas generaciones hemos aplicado nuestro conocimiento y experiencia para innovar y reinventar la manera de hacer banca, manteniendo las fortalezas que nos han acompañado siempre. Estoy convencida de que lograremos el éxito porque:  nuestro crecimiento, rentabilidad y fortaleza de balance demuestran que nuestra estrategia está funcionando;  nuestro tamaño, diversificación y predictibilidad nos aportan una base sólida para innovar;  nuestra cultura —nuestro foco constante en ser un banco responsable— reforzará la confianza de las personas en nuestra marca.', 'Gracias a nuestra visión estratégica y a un importante rigor en la gestión, acompañada por unos sólidos valores, aquilatados por el fuerte componente familiar, hemos superado con éxito una compleja etapa en la que hemos logrado alcanzar la mayor parte de los objetivos propuestos, afrontando el futuro con solvencia y optimismo.', 'Estoy segura de que lo conseguiremos porque contamos con un equipo dispuesto a esforzarse al máximo para dar el mejor servicio a los clientes.', 'La compañía ha ido ganando volumen merced a un modelo de negocio único en su sector, que le ha permitido aumentar su rentabilidad pese a los ciclos económicos adversos y ganarse la confianza del mercado.', 'Soy una incondicional de la unidad europea, porque creo que unidos podemos hacer muchísimo más que separados.']","nuestro crecimiento, rentabilidad y fortaleza de balance demuestran que nuestra estrategia está funcionando;  nuestro tamaño, diversificación y predictibilidad nos aportan una base sólida para innovar;  nuestra cultura —nuestro foco constante en ser un banco responsable— reforzará la confianza de las personas en nuestra marca","nuestro crecimiento, rentabilidad y fortaleza de balance demuestran que nuestra estrategia está funcionando;  nuestro tamaño, diversificación y predictibilidad nos aportan una base sólida para innovar;  nuestra cultura —nuestro foco constante en ser un banco responsable— reforzará la confianza de las personas en nuestra marca",1.0,1.0,1.0
¿Por qué este enfoque es importante?,"['Este enfoque es importante, ya que nos permite contar con los conocimientos adecuados que faciliten unas conversaciones productivas con el equipo directivo. Si no entendemos su trabajo, no podemos analizar su labor ni ofrecer orientaciones útiles.', 'Una de las grandes ventajas de este sistema es su transparencia, ya que estas ideas son visibles de forma inmediata para toda la plantilla de modo que pueden ser votadas o enriquecidas con opiniones o aportaciones complementarias.', 'El Grupo ACS considera prioritaria la eficiencia del consumo de recursos y la reducción de la generación de residuos, ya que una estrategia efectiva en estos aspectos implica beneficios en una doble vertiente. Por un lado, se reduce el impacto ambiental sobre el entorno y, por otro, se reduce el gasto necesario para la compra o tratamiento de los mismos.', 'Creemos firmemente que estamos bien preparados para afrontar este reto y marcar la diferencia. Entre otros motivos, porque gestionamos el ciclo de vida completo de los medicamentos, desde la formulación hasta la adherencia, lo que nos sitúa en una posición excelente para diseñar medicamentos que funcionan, ayudan y se adaptan a las necesidades de los pacientes.', 'Me resulta complicado abarcar en esta carta todos los aspectos de interés que pueden encontrar en el presente informe, por lo que les animo a leerlo con atención y detenimiento.']","nos permite contar con los conocimientos adecuados que faciliten unas conversaciones productivas con el equipo directivo. Si no entendemos su trabajo, no podemos analizar su labor ni ofrecer orientaciones útiles",nos permite contar con los conocimientos adecuados que faciliten unas conversaciones productivas con el equipo directivo,0.75,1.0,1.0
¿Qué efecto ha producido la situación climatológica del país?,"['Sin considerar el efecto de este impuesto la variación sería del 25%, respondiendo fundamentalmente a los mayores ingresos por incremento del cargo de comercialización desde mayo de 2015 y el aumento de la demanda. A pesar del crecimiento del negocio de distribución de Colombia, el ebitda se ha visto afectado por el incremento significativo del coste de la energía, registrado principalmente desde el mes de septiembre debido a la situación climatológica del país.', 'Asimismo, tras la COP21 la preocupación de los Estados por la lucha contra el cambio climático creció considerablemente, por lo que se espera que se intensifique la presión regulatoria sobre el sector energético, entre otros.', 'El factor climático tiene cada vez mayor importancia, por lo que impulsar y fomentar acciones para proteger el medioambiente y luchar contra su degradación adquieren una importancia capital.', 'En 2015, a pesar de avanzar en la certificación de nuevos sistemas de gestión ambiental conforme a ISO 14001 y a los requisitos internos, se ha registrado una disminución del porcentaje de ebitda certificado, como consecuencia de la incorporación de nuevas actividades en Chile donde se está trabajando en adaptarlas a los referenciales internacionales y a los requerimientos internos en materia de gestión ambiental. En materia de cambio climático este año se ha mantenido el avance de los diferentes proyectos encaminados a la determinación de nuestra huella de carbono e identificación de los riesgos y oportunidades derivados del cambio climático.', 'El ebitda disminuye un 20,9% debido al impacto de una menor demanda y un efecto negativo de los tipos de cambio (–46 millones de euros).']","el ebitda se ha visto afectado por el incremento significativo del coste de la energía, registrado principalmente desde el mes de septiembre","el ebitda se ha visto afectado por el incremento significativo del coste de la energía, registrado principalmente desde el mes de septiembre ",1.0,1.0,1.0
¿Qué acciones tuvieron lugar a raíz del Día de la Propiedad Intelectual?,"['Con motivo del Día de la Propiedad Intelectual se lanzaron unas cortinillas especiales para homenajear a los creadores culturales y se realizó una acción interna de concienciación entre los empleados de Atresmedia.', 'El evento fue posible gracias a la colaboración de Atresmedia y una de las principales distribuidoras con las que trabaja, Warner Bros.', 'Como consecuencia de los compromisos adquiridos en el Plan de Recapitalización, la actividad de la entidad en los mercados financieros se mantuvo reducida.', 'Además, se ha procedido a revisar el estado actual de las instalaciones obteniendo como resultado unas propuestas de mejora de ahorro y eficiencia energética.', 'Desde el pasado año, Grupo DIA viene desarrollando un ambicioso proyecto que supone la reingeniería y digitalización de los principales procesos del área comercial de la Compañía. Como resultado del proyecto, se están obteniendo beneficios, tales como la optimización y estandarización de procesos, digitalización completa de la información, trazabilidad de la misma y la reducción del time to market. La solución elegida para la digitalización de los procesos es la herramienta AuraPortal, uno de los software BPM (Business Process Management) líderes en el sector, que permite modelar, implementar y ejecutar procesos de forma automática.']",se lanzaron unas cortinillas especiales para homenajear a los creadores culturales y se realizó una acción interna de concienciación entre los empleados de Atresmedia,se lanzaron unas cortinillas especiales para homenajear a los creadores culturales y se realizó una acción interna de concienciación entre los empleados de Atresmedia,1.0,1.0,1.0
"¿Por qué fueron un completo éxito tanto el proceso de pruebas, como el de la pura migración y de la fase de estabilización posterior correspondiente a la ola de Iberclear? ","['Tanto el proceso de pruebas, como el de la pura migración y de la fase de estabilización posterior correspondiente a la ola de Iberclear fueron un completo éxito, ya que no se produjeron impactos relevantes en la plataforma.', 'Gracias a nuestra visión estratégica y a un importante rigor en la gestión, acompañada por unos sólidos valores, aquilatados por el fuerte componente familiar, hemos superado con éxito una compleja etapa en la que hemos logrado alcanzar la mayor parte de los objetivos propuestos, afrontando el futuro con solvencia y optimismo.', 'Afortunadamente, no hubo que lamentar daños personales, ya que los clientes fueron evacuados de las zonas afectadas de una manera rápida, eficaz y segura.', 'La compañía ha ido ganando volumen merced a un modelo de negocio único en su sector, que le ha permitido aumentar su rentabilidad pese a los ciclos económicos adversos y ganarse la confianza del mercado.', 'Nuestra trayectoria avala ese propósito de estabilidad, porque mantenemos el nombre, no nos hemos fusionado con nadie y no hemos comprado nada en España.']",no se produjeron impactos relevantes en la plataforma,no se produjeron impactos relevantes en la plataforma,1.0,1.0,1.0
"¿A consecuencia de qué operación, entraron a formar parte del grupo accionistas institucionales americanos de Brasil y EEUU?","['La OPA, cuyo importe máximo era aproximadamente de 200 millones de euros, se financió en un 50% mediante recursos financieros propios y en otro 50% mediante la emisión de nuevas acciones de la matriz, suscritas, de forma preferente, por los accionistas de Autometal a través de una colocación acelerada en el mercado. Como consecuencia de la operación, accionistas institucionales americanos (de Brasil y EE.UU.) entraron a formar parte del grupo.', 'Esta operación es positiva para los accionistas, ya que se estima que mejora el beneficio por acción (BPA) desde 2016.', 'Realización de una oferta de adquisición de minoritarios de Banco Santander Brasil, aceptada por títulos representativos del 13,65% del capital social, con lo que la participación de Grupo Santander pasó a ser del 88,30% del capital', 'Dicha oferta fue aceptada por títulos que representan un 13,65% del capital social de Banco Santander Brasil por lo que la participación de Grupo Santander en Banco Santander Brasil pasó a ser del 88,3% de su capital social.', 'Destacan operaciones como la financiación en la compra del 20% de Gas Natural por Global Infrastructure Partners y el asesoramiento y financiación al consorcio entre Vinci, ADP y Astaldi para la construcción de la nueva terminal internacional del de Chile. En el mercado de capitales de deuda, Santander se posiciona como líder en el ranking latinoamericano, ya que ha estado presente en las principales operaciones de la región.']","esta operación es positiva para los accionistas, ya que se estima que mejora el beneficio por acción (BPA) desde 2016","La OPA, cuyo importe máximo era aproximadamente de 200 millones de euros, se financió en un 50% mediante recursos financieros propios y en otro 50% mediante la emisión de nuevas acciones de la matriz, suscritas, de forma preferente, por los accionistas de Autometal a través de una colocación acelerada en el mercado",0.25,1.0,1.0
¿A qué se debe el aumento en un 2% del consumo global de combustible del transporte primario y secundario ha aumentado?,"['En concreto, la renovación de la flota con 30 nuevos vehículos con consumos más bajos y adaptados a la más reciente norma anticontaminación Euro VI, la incorporación de camiones combinados de gran capacidad como los megatrailers o el uso de camiones híbridos, han permitido registrar ahorros de combustible de 448.715 litros de combustible y más de 1200 Tn de CO2 no emitidas a la atmfera. A pesar de las mejoras en este sentido, el consumo global de combustible del transporte primario y secundario ha aumentado en un 2%, debido al aumento de la frecuencia de reparto que exigen los nuevos modelos comerciales.', 'Sin embargo el consumo total de electricidad y de gasóleo ha subido ligeramente en 2015 como consecuencia del incremento del número de coberturas y de la producción de programas especiales informativos derivados de la actualidad y especialmente de las elecciones Municipales, Autonómicas y Generales celebradas en 2015.', 'Europa ha tenido una primera mitad del año con fuerte incremento del consumo aparente, debido al incremento en la utilización por parte de los clientes finales pero también debido a la recuperación de stocks en la cadena de suministro.', 'La decisión de Ofgem de reducir los subsidios encubiertos percibidos por los pequeños generadores diésel debido a los cargos de transporte. 2.', 'El gasóleo sigue registrando una reducción debido a la sustitución de las calderas alimentadas por este combustible.']",consecuencia del aumento de la frecuencia de reparto que exigen los nuevos modelos comerciales,al aumento de la frecuencia de reparto que exigen los nuevos modelos comerciales,0.75,0.6666666666666666,1.0
"El análisis de escenarios es una herramienta muy útil para la alta dirección, ¿por qué?","['El análisis de escenarios es una herramienta muy útil para la alta dirección ya que permite testar la resistencia del Banco ante entornos o escenarios estresados, así como poner en marcha conjuntos de medidas que disminuyan el perfil de riesgo del Banco ante dichos escenarios.', 'El análisis de escenarios es una herramienta muy útil para la alta dirección ya que permite testar la resistencia del Banco ante entornos o escenarios estresados, así como poner en marcha conjuntos de medidas que disminuyan el perfil de riesgo del banco ante dichos escenarios.', 'Este enfoque es importante, ya que nos permite contar con los conocimientos adecuados que faciliten unas conversaciones productivas con el equipo directivo. Si no entendemos su trabajo, no podemos analizar su labor ni ofrecer orientaciones útiles.', 'En los últimos ejercicios el Grupo ha desarrollado e implantado las mejoras estructurales y operativas necesarias para reforzar y consolidar la visión integral de los riesgos, basada en información completa, precisa y recurrente, permitiéndole a la alta dirección valorar y decidir en consecuencia.', 'Y también han de ser flexibles, porque la gestión de riesgos tiene que adaptarse rápidamente a nuevos entornos y escenarios imprevistos.']","permite testar la resistencia del Banco ante entornos o escenarios estresados, así como poner en marcha conjuntos de medidas que disminuyan el perfil de riesgo del Banco ante dichos escenarios","permite testar la resistencia del Banco ante entornos o escenarios estresados, así como poner en marcha conjuntos de medidas que disminuyan el perfil de riesgo del banco ante dichos escenarios",1.0,1.0,1.0
¿Por qué este sistema supone un avance importante en el impacto medioambiental?,"['Este sistema supone un importante avance en el impacto medioambiental ya que los sistemas de purificación propuestos eliminan impurezas, productos químicos e imperfecciones sin perjudicar la calidad del agua consumible por el cliente, reduciendo además espacio de almacenaje, costes económicos y tiempo por la gestión logística del producto.', 'Gracias a estas reformas y a la plataforma EcoTool, se ha conseguido evitar la emisión a la atmósfera de un total de 9.816 toneladas de CO2.', 'El Grupo ACS considera prioritaria la eficiencia del consumo de recursos y la reducción de la generación de residuos, ya que una estrategia efectiva en estos aspectos implica beneficios en una doble vertiente. Por un lado, se reduce el impacto ambiental sobre el entorno y, por otro, se reduce el gasto necesario para la compra o tratamiento de los mismos.', 'Somos conscientes del impacto de nuestra actividad en la sociedad y, por ello, buscamos procesos más eficientes e innovadores, apoyándonos en las nuevas tecnologías, que nos permitan contribuir de forma positiva a lograr un entorno más sostenible.', 'El total del alcance 1 y 2, foco principal de las emisiones de la entidad al representar el 63,4% de su huella total, han experimentado un descenso del 5% gracias a las diferentes medidas de eficiencia energética que se han ido implantando durante los últimos años, como el cambio de luminarias a sistema LED, las mejoras en domótica y climatización, y la renovación de equipamientos por otros más ecoeficientes, entre otras.']","los sistemas de purificación propuestos eliminan impurezas, productos químicos e imperfecciones sin perjudicar la calidad del agua consumible por el cliente, reduciendo además espacio de almacenaje, costes económicos y tiempo por la gestión logística del producto","los sistemas de purificación propuestos eliminan impurezas, productos químicos e imperfecciones sin perjudicar la calidad del agua consumible por el cliente, reduciendo además espacio de almacenaje, costes económicos y tiempo por la gestión logística del producto",1.0,1.0,1.0
"¿A qué se debe el incremento del margen bruto de explotación en un 10,5% respecto al cierre de 2013?","['Resultado bruto de explotación (EBITDA)el margen bruto de explotación se incrementa un 10,5% respecto al cierre de 2013, debido al impacto de los activos adquiridos a finales de 2013 y principios de 2014, y gracias al plan iniciado en ejercicios anteriores para implantar una serie de medidas de mejora de la eficiencia y optimización de los costes de explotación, en las que el Grupo continuará haciendo hincapié.', 'En Colombia sobresalió el desempeño favorable del margen bruto, gracias al buen comportamiento del margen de intereses (tanto por actividad como por evolución de los diferenciales) y las comisiones, aunque mitigado por menores ROF (el mismo período del 2016 incluía resultados por venta de participaciones) y el incremento de los saneamientos.', 'La plantilla aumentó un 2,6% dado que se han puesto en marcha nuevas líneas y que ha aumentado la producción.', 'El resultado antes de impuestos, que refleja mejor la evolución del negocio, crece un 8% gracias al aumento de volúmenes, la buena gestión de márgenes y el control de costes.', 'Sin considerar esta venta, el beneficio neto ha crecido un 25,4% principalmente debido al buen desempeño del margen financiero y las comisiones cobradas y por un adecuado control de los gastos de administración y promoción.']","al impacto de los activos adquiridos a finales de 2013 y principios de 2014, y gracias al plan iniciado en ejercicios anteriores para implantar una serie de medidas de mejora de la eficiencia y optimización de los costes de explotación, en las que el Grupo continuará haciendo hincapié","al impacto de los activos adquiridos a finales de 2013 y principios de 2014, y gracias al plan iniciado en ejercicios anteriores para implantar una serie de medidas de mejora de la eficiencia y optimización de los costes de explotación, en las que el Grupo continuará haciendo hincapié",1.0,0.4,1.0
¿Qué efecto han tenido las facilidades de acceso al crédito que ha impulsado el Fondo de Garantía del Crédito?,"['Los estímulos gubernamentales parecen estar fomentando el crecimiento por medio tanto del consumo privado, que está redundando en una mejora de la confianza de los consumidores, como de la inversión, la cual está aumentando gracias a las facilidades de acceso al crédito impulsadas por el Fondo de Garantía del Crédito (CGF, por su siglas en inglés).', 'Capacitación financiera gracias a las tecnologías digitales', 'La morosidad y el coste de crédito permanecen en niveles moderados gracias a las políticas de admisión de nueva producción más estrictas en SC USA, y el buen comportamiento en las carteras de particulares y empresas en Santander Bank.', 'Por otro lado, los gastos financieros se han reducido significativamente como resultado de fructíferas negociaciones con los bancos que permitieron minorar el tipo de interés medio satisfecho por la Compañía, el cual se situó en 3,2% frente al 3,5% del año 2016, así como incrementar los plazos de vencimiento de los instrumentos de deuda con los que actualmente se financia.', 'Esta tendencia favorable se produjo a pesar de haberse generado menores comisiones de mantenimiento de cuentas debido a la suspensión de su cobro al segmento retail, impuesta por el Consejo de Estado turco, y de los altos ingresos generados en el 2016 por el programa de millas Miles & Smiles.']","Los estímulos gubernamentales parecen estar fomentando el crecimiento por medio tanto del consumo privado, que está redundando en una mejora de la confianza de los consumidores, como de la inversión, la cual está aumentando","Los estímulos gubernamentales parecen estar fomentando el crecimiento por medio tanto del consumo privado, que está redundando en una mejora de la confianza de los consumidores, como de la inversión, la cual está aumentando",1.0,0.8571428571428571,1.0
¿Cuál es la razón de que se considere adecuado expresar agradecimiento a las personas que han contribuido al beneficio de la empresa?,"['Applus+ cuenta con profesionales de gran talento, comprometidos y apasionados, que han contribuido al crecimiento y a la diversificación del negocio durante muchos años y por este motivo me gustaría expresarles mi agradecimiento por la gran labor que han realizado.', 'Personas a las que quiero hacer llegar desde aquí mi más sincero agradecimiento, pues su contribución y compromiso han sido, y son, piedra angular para la consecución de nuestros objetivos y para nuestro futuro.', 'Quiero felicitar a los más de 200.000 profesionales que trabajan en el Grupo Santander, puesto que los logros alcanzados en 2017 no hubieran sido posibles sin la aportación de cada uno de ellos. tenemos el objetivo de consolidarnos como el mejor banco comercial para nuestros empleados, clientes, accionistas y la sociedad.', 'En este sentido, me gustaría enfatizar que nuestro retorno más inmediato se produce hacia los 37 millones de clientes que confían en nosotros, porque una aseguradora más eficaz siempre ofrece mejores productos y servicios.', 'También, en la relación con sus propietarios, la Compañía refleja sus valores corporativos ya que les ofrece un canal directo con la Compañía para la resolución de incidencias, ofrecer respuesta ágil a sus inquietudes y necesidades de información, con el objetivo de reforzar el vínculo y el orgullo de pertenencia, a través de la aportación de valor al negocio entendida en su más amplio sentido.']","su contribución y compromiso han sido, y son, piedra angular para la consecución de nuestros objetivos y para nuestro futuro","Applus+ cuenta con profesionales de gran talento, comprometidos y apasionados, que han contribuido al crecimiento y a la diversificación del negocio durante muchos años",0.75,1.0,1.0
¿A qué es debido que el flujo libre de caja para el accionista del Grupo aumentase 630 millones de euros en 2017?,"['El flujo libre de caja para el accionista del Grupo aumentó 630 millones de euros en 2017, debido al incremento del EBITDAR y del EBITDA antes de partidas excepcionales y a una ligera reducción neta de las inversiones en inmovilizado (CAPEX). El CAPEX neto es la adquisición y venta de inmovilizado material e inmaterial (2017: 1.184 millones de euros; 2016: 1.301 millones de euros).', 'El resultado financiero ha contribuido con 62,3 millones de euros a la cuenta de resultados del Grupo. Respecto al año anterior el resultado financiero desciende un 26,5% debido al diferente impacto de los resultados no recurrentes (pérdida de 15,5 millones de euros en 2016 respecto a beneficios de 22,3 millones de euros en 2015).', 'Esta operación es positiva para los accionistas, ya que se estima que mejora el beneficio por acción (BPA) desde 2016.', 'La deuda neta de las actividades de financiación regulares aumentó en 187 millones de euros, ya que los nuevos préstamos superaron ligeramente los repagos en concepto de arrendamientos y amortizaciones de deuda del ejercicio actual. El nivel de los nuevos préstamos y arrendamientos financieros de 2016 estuvo en consonancia con el calendario de entregas de flota del Grupo.', 'La plantilla aumentó un 2,6% dado que se han puesto en marcha nuevas líneas y que ha aumentado la producción.']","al incremento del EBITDAR y del EBITDA antes de partidas excepcionales y a una ligera reducción neta de las inversiones en inmovilizado (CAPEX). El CAPEX neto es la adquisición y venta de inmovilizado material e inmaterial (2017: 1.184 millones de euros; 2016: 1.301 millones de euros)</doc><doc>
",al incremento del EBITDAR y del EBITDA antes de partidas excepcionales y a una ligera reducción neta de las inversiones en inmovilizado (CAPEX),1.0,0.8571428571428571,1.0
¿Qué facilita acelerar la transformación?,"['Nuestra evolución en los últimos años y nuestras fortalezas nos permiten acelerar nuestra transformación', 'La transformación digital está impactada por los cambios en los hábitos de los consumidores, y por ello se ha iniciado un nuevo modelo de relación con los clientes, buscando nuevas formas de acercarse, allí donde ellos estén, para ser más convenientes. El objetivo ha sido mejorar la propuesta de valor y servicio del Grupo, asegurando la metodología y sistemática comercial, adaptándose a los diferentes segmentos y llevando la relación con el cliente donde más lo necesita en cada momento.', 'Gracias a la introducción de tecnologías innovadoras y el desarrollo de nuevas soluciones y procesos de negocio, buscamos convertirnos en un Grupo más efectivo, eficiente y orientado al cliente.', '• Construir un Prosegur más ágil, rápido, consistente y homogéneo, gracias a la simplificación de procesos y estructuras que redunden en una mejor toma de decisiones', 'La digitalización es necesaria para satisfacer las demandas de nuestros clientes, ofrecer la mejor experiencia diferencial y preparar la Compañía para un mundo hiperconectado. Por ello, desde Telefónica transformamos nuestro negocio buscando la automatización y la gestión en tiempo real de todos los procesos, impulsando la multicanalidad, reduciendo los costes asociados a la atención de los clientes y, a su vez, mejorando su experiencia y satisfacción con nuestros servicios.']",Nuestra evolución en los últimos años y nuestras fortalezas nos permiten acelerar nuestra transformación,Nuestra evolución en los últimos años y nuestras fortalezas,0.75,1.0,1.0
¿Qué supone para Bankia que el cliente sea el mayor activo?,"['En Bankia, el cliente es el mayor activo y, por ello, ofrecerle un alto grado de profesionalidad y un servicio de calidad es objetivo fundamental.', 'La fidelidad de los clientes del Grupo es uno de los principales activos de la Compañía, y es por ello que se realizan importantes esfuerzos por mantener a los clientes con más antigüedad a través de la medición de su satisfacción.', 'Pensamos que nuestros empleados son uno de nuestros principales activos y por eso tenemos el firme compromiso de invertir en ellos y ayudarles a reforzar sus habilidades, capacidades y conocimientos, con el fin de que puedan ofrecer soluciones innovadoras a todos nuestros clientes y contribuir al crecimiento y la estrategia de negocio del Grupo.', 'Así, Bankia cerró el ejercicio 2018 con un elevado descenso de los riesgos dudosos del 31% (3.702 millones de euros) lo que permitió reducir la tasa de morosidad al 6,5%.', 'En 2016, 4 millones de nuevos clientes han confiado en nosotros, con lo que la cifra total de clientes del Banco es ya de 125 millones.']",ofrecerle un alto grado de profesionalidad y un servicio de calidad es objetivo fundamental,ofrecerle un alto grado de profesionalidad y un servicio de calidad es objetivo fundamental,1.0,1.0,1.0
¿Por qué razón les anima a leer el informe con atención y detenimiento?,"['Me resulta complicado abarcar en esta carta todos los aspectos de interés que pueden encontrar en el presente informe, por lo que les animo a leerlo con atención y detenimiento.', 'No quiero extenderme mucho en esto porque la consejera delegada lo explica con detalle en este mismo informe, pero sí quiero poner énfasis en la calidad de los resultados.', 'Este enfoque es importante, ya que nos permite contar con los conocimientos adecuados que faciliten unas conversaciones productivas con el equipo directivo. Si no entendemos su trabajo, no podemos analizar su labor ni ofrecer orientaciones útiles.', 'Como consecuencia de las conclusiones que ofreció este informe, se han identificado los puntos significativos y las mejoras que deben abordarse en los próximos años.', 'Personas a las que quiero hacer llegar desde aquí mi más sincero agradecimiento, pues su contribución y compromiso han sido, y son, piedra angular para la consecución de nuestros objetivos y para nuestro futuro.']",Me resulta complicado abarcar en esta carta todos los aspectos de interés que pueden encontrar en el presente informe,Me resulta complicado abarcar en esta carta todos los aspectos de interés que pueden encontrar en el presente informe,1.0,1.0,1.0
"¿Por qué motivo en el año 2015 la tasa efectiva ha ascendido al 24,2%, frente a un 13,4% en 2014?","['A pesar de la disminución del tipo de gravamen teórico la tasa efectiva del ejercicio 2015 ha ascendido al 24,2%, frente a un 13,4% en ejercicio 2014, como consecuencia de que en el ejercicio 2014 se incluían como disminuciones no recurrentes del impuesto teórico básicamente la revaluación de los impuestos diferidos por la reforma tributaria en España y la aplicación de la deducción por reinversión de beneficios extraordinarios por la plusvalía de la enajenación de Gas Natural Fenosa Telecomunicaciones.', 'Sin embargo el consumo total de electricidad y de gasóleo ha subido ligeramente en 2015 como consecuencia del incremento del número de coberturas y de la producción de programas especiales informativos derivados de la actualidad y especialmente de las elecciones Municipales, Autonómicas y Generales celebradas en 2015.', 'Estas ventas han supuesto un ingreso de 2.885 millones de euros en el ejercicio 2015, un 5,3% menor al del ejercicio 2014 ya que la caída en las ventas físicas como consecuencia de la reducción en el número de clientes a precio regulado (–9,5%) y el incremento del coste de la energía no se ha visto compensada por el incremento del precio medio de venta.', 'Es cierto que se ha registrado una desaceleración de la actividad en la segunda parte de 2015 respecto a lo observado en el primer semestre debido a la ralentización de la demanda mundial, el agotamiento de algunos factores cíclicos y el aumento de la incertidumbre, en parte ligada al ciclo electoral español, pero las previsiones indican que se alcanzará un incremento del PIB de alrededor de un 2,7% para 2016.', 'La tasa de morosidad se ha reducido desde el 1,35% en 2016 al 1,13% a diciembre de 2017, gracias a un entorno macroeconómico más favorable y la aplicación de políticas prudentes.']",en el ejercicio 2014 se incluían como disminuciones no recurrentes del impuesto teórico básicamente la revaluación de los impuestos diferidos por la reforma tributaria en España y la aplicación de la deducción por reinversión de beneficios extraordinarios por la plusvalía de la enajenación de Gas Natural Fenosa Telecomunicaciones,en el ejercicio 2014 se incluían como disminuciones no recurrentes del impuesto teórico básicamente la revaluación de los impuestos diferidos por la reforma tributaria en España y la aplicación de la deducción por reinversión de beneficios extraordinarios por la plusvalía de la enajenación de Gas Natural Fenosa Telecomunicaciones,0.5,0.8,1.0
¿Por qué BBVA ha reforzado su posición de mercado en el negocio de corporate finance?,"['En el negocio de corporate finance, ha existido una elevada actividad en el año 2017 y se ha llevado a cabo una gran labor de marketing, gracias a la cual BBVA ha obtenido numerosos mandatos, reforzando su posición de mercado en este negocio.', 'Además, BBVA cuenta con una aplicación global de job posting interno, denominada ‘apúntate+’, como medio para favorecer el desarrollo y la transparencia en los procesos de promoción interna, ya que en ella se publican las diferentes posiciones disponibles a las que el empleado puede acceder.', 'La compañía ha ido ganando volumen merced a un modelo de negocio único en su sector, que le ha permitido aumentar su rentabilidad pese a los ciclos económicos adversos y ganarse la confianza del mercado.', 'Por último cabe señalar los menores niveles de deterioro del valor de los activos financieros con respecto a los del ejercicio previo, cuando se registraron dotaciones a saneamientos como consecuencia de las bajadas de rating de las compañías de oil & gas en Estados Unidos, sobre todo durante los tres primeros meses de ese año.rela Ción C on el Cliente 2017 P.69 Relación con el cliente experiencia de cliente El principal foco de atención de BBVA es satisfacer las necesidades de sus clientes y conectar con ellos de una manera más atractiva, combinando al mismo tiempo innovación, tecnología y experiencia.', 'De igual forma, entendemos que la innovación, la investigación y el desarrollo de nuevos servicios y productos son la única vía para afianzar nuestro liderazgo en el mercado internacional de la seguridad privada. Además, queremos seguir creciendo junto a nuestros clientes y a comienzos de 2016 anunciamos nuestra entrada en el accionariado de la compañía de logística de valores y gestión de efectivo sudafricana SBV Services, con lo que ya contamos con presencia en los cinco continentes. Nuestra llegada al continente africano es un paso adelante que nos llena de ilusión. Aportaremos toda nuestra experiencia y, al mismo tiempo, aprenderemos de sus mejores prácticas. Estamos seguros de que trabajando juntos ésta será una etapa de crecimiento y desarrollo junto a nuestros nuevos socios.']",ha existido una elevada actividad en el año 2017 y se ha llevado a cabo una gran labor de marketing,ha existido una elevada actividad en el año 2017 y se ha llevado a cabo una gran labor de marketing,1.0,1.0,1.0
¿Qué consecuencias tendría una deuda financiera debida al importe de la financiación externa?,"['- Deuda financiera: debido al importe de la financiación externa (Nota 20), un cambio en los tipos de interés a la fecha de cierre no afectaría significativamente a los resultados consolidados.', 'Este nivel de deuda pública representa un factor claro de vulnerabilidad financiera ante cambios en el sentimiento inversor, ya que implica unas necesidades de financiación elevadas del sector público y limita el margen de actuación de la política fiscal en un eventual escenario de desaceleración.', 'La deuda neta de las actividades de financiación regulares aumentó en 187 millones de euros, ya que los nuevos préstamos superaron ligeramente los repagos en concepto de arrendamientos y amortizaciones de deuda del ejercicio actual. El nivel de los nuevos préstamos y arrendamientos financieros de 2016 estuvo en consonancia con el calendario de entregas de flota del Grupo.', 'Entre el conjunto de desequilibrios financieros acumulados por la economía española, el excesivo endeudamiento de las empresas tiene especial relevancia por cuanto supone un freno a la recuperación de la inversión y por consiguiente a la recuperación del empleo.']",un cambio en los tipos de interés a la fecha de cierre no afectaría significativamente a los resultados consolidados,un cambio en los tipos de interés a la fecha de cierre no afectaría significativamente a los resultados consolidados,0.75,0.5,1.0
¿Por qué gran parte de las líneas están en proceso de ejecución?,"['Gran parte de las líneas están en proceso de ejecución, dado que muchos de los objetivos propuestos se han trazado a 2015.', 'La plantilla aumentó un 2,6% dado que se han puesto en marcha nuevas líneas y que ha aumentado la producción.', 'Todas las propuestas deben pasar la tramitación por el Parlamento y el Consejo, por lo que se estima que la tramitación se alargará hasta finales de 2018 y que entrarán en vigor en 2019.', 'Llevamos años siendo cada vez más y más eficientes, por eso también cada vez es más difícil mejorar.', 'Además, se ha procedido a revisar el estado actual de las instalaciones obteniendo como resultado unas propuestas de mejora de ahorro y eficiencia energética.']",muchos de los objetivos propuestos se han trazado a 2015,muchos de los objetivos propuestos se han trazado a 2015,0.75,1.0,1.0
¿A qué se debió el crecimiento de LAS VENTAS? ,"['LAS VENTAS crecieron debido a la incorporación de Oliveri (en 2013 sólo un mes) y Garofalo (desde el mes de junio). El impacto de los nuevos negocios es de 103 millones de euros. Ambas compañías son parte importante en la estrategia del Grupo y tienen un desarrollo específico para ampliar su distribución en mercados que entendemos complementarios.', 'En 2017 las ventas han aumentado un 4,3% como consecuencia de una ligera recuperación de la situación general económica y también del sector de la construcción.', 'Sin considerar esta venta, el beneficio neto ha crecido un 25,4% principalmente debido al buen desempeño del margen financiero y las comisiones cobradas y por un adecuado control de los gastos de administración y promoción.', 'La compañía ha ido ganando volumen merced a un modelo de negocio único en su sector, que le ha permitido aumentar su rentabilidad pese a los ciclos económicos adversos y ganarse la confianza del mercado.', 'El resultado antes de impuestos, que refleja mejor la evolución del negocio, crece un 8% gracias al aumento de volúmenes, la buena gestión de márgenes y el control de costes.']",a la incorporación de Oliveri (en 2013 sólo un mes) y Garofalo (desde el mes de junio),a la incorporación de Oliveri (en 2013 sólo un mes) y Garofalo (desde el mes de junio),1.0,0.5,1.0
¿El Día Mundial del Cáncer de Mama qué ha implicado?,"['Además, con motivo del Día Mundial del Cáncer de Mama, se emitieron en televisión piezas con consejos para prevenir esta enfermedad.', 'También queremos que nuestros proyectos de responsabilidad social sean cada vez más cercanos a ellos y a sus familias, y por esto buscamos que en cada uno de ellos puedan participar y estar con nosotros. Pongo como ejemplos, el lanzamiento de nuestra Superliga DIA en España, la carrera en apoyo a los niños con cáncer en Sao Paulo, la ayuda a jóvenes madres en riesgo de exclusión en Portugal o la campaña de recogida de ropa de abrigo en Argentina entre otras muchas acciones.', 'Simultáneamente, hemos comenzado a trabajar en la cuarta edición, que supondrá una importante ampliación del alcance del programa, ya que también abarcará cuestiones adicionales de sostenibilidad ambiental.', 'Además de las acciones que llevamos a cabo con nuestros interlocutores, los pacientes y la comunidad sanitaria, 2015 nos sirvió para reorientar toda nuestra organización al objetivo de ofrecer soluciones innovadoras para los pacientes en Dermatología a través de nuestro know-how acumulado y nuestra competencia técnica en este campo. Gracias a una amplia gama de acciones internas y externas, no solo nos encontramos hoy en una mejor posición para conseguir este objetivo, sino que podemos hacerlo escuchando mejor las aportaciones de los pacientes, los médicos y la comunidad científica.', 'En su firme compromiso por sensibilizar a la sociedad para paliar las situaciones que afectan a los más desfavorecidos, ‘12 Meses’ ha culminado en 2015 su campaña ‘Balón solidario’ de ‘Los Manolos’ -Manu Carreño y Manolo Lamapuesta en marcha el año anterior en colaboración con el Banco de Alimentos y la Fundación Solidaridad Carrefour, con un rotundo éxito: más de 230.000 meriendas distribuidas entre niños en riesgo de exclusión social obtenidas a raíz de la venta de miles de ejemplares del balón solidario en 173 centros Carrefour de toda España.']",se emitieron en televisión piezas con consejos para prevenir esta enfermedad,se emitieron en televisión piezas con consejos para prevenir esta enfermedad,1.0,1.0,1.0
¿Qué ha motivado el enfoque en la red comercial y la adopción de una estrategia de precios con tipos de interés más atractivos?,"['La contratación de préstamos al consumo consolida su crecimiento con un incremento de volumen del 46,42% respecto al año anterior gracias al foco en la red comercial y a la estrategia aplicada en la política de precios con tipos de interés más atractivos.', 'Esta tendencia se sustentó en una mejora de las variables macroeconómicas, pero se potenció innegablemente gracias al esfuerzo por retener el precio que inició Atresmedia desde hace un par de años, estrategia por la que parecen por fin haber optado el resto de operadores principales del mercado.', 'Los resultados obtenidos constatan una sólida consolidación del negocio doméstico con una mejora significativa del margen de clientes. Esto ha sido posible gracias a una gestión proactiva de precios (tanto en intereses como en comisiones) junto con una mejora en las cuotas de mercado, siempre manteniendo una elevada calidad de servicio. El Banco ha sido capaz de fortalecer su margen de intereses y es la entidad con mejor comportamiento en el margen de clientes en España. Todo ello junto con una sólida posición de solvencia y liquidez.', 'Si en lugar de por concepto, analizamos el margen de intereses por áreas geográficas cabe destacar: – Favorable evolución en Reino Unido (+16,5%) y EE.UU. (+11,2%) que aumentan a doble dígito gracias al esfuerzo realizado en reducir el coste de los depósitos minoristas en el primer caso y a la mayor actividad en consumo (SCUSA) en el segundo.', 'Por otro lado, los gastos financieros se han reducido significativamente como resultado de fructíferas negociaciones con los bancos que permitieron minorar el tipo de interés medio satisfecho por la Compañía, el cual se situó en 3,2% frente al 3,5% del año 2016, así como incrementar los plazos de vencimiento de los instrumentos de deuda con los que actualmente se financia.']","La contratación de préstamos al consumo consolida su crecimiento con un incremento de volumen del 46,42% respecto al año anterior","La contratación de préstamos al consumo consolida su crecimiento con un incremento de volumen del 46,42% respecto al año anterior",1.0,1.0,1.0
¿Qué efecto ha tenido el éxito de su oferta de novelas?,"['Es la temática líder absoluto en las tardes de lunes a viernes (4,4%), por encima incluso de algunas generalistas debido al éxito de su oferta de novelas.', 'Gracias a la emisión de la serie de Antena 3, Tiempos de Guerra, la campaña ha tenido gran repercusión y visibilidad. 7.3.3.', 'Un modelo de éxito que ha dotado a todas las cadenas de Atresmedia Televisión de una fuerte personalidad, cadenas que siguen ganando audiencia mes a mes gracias a una programación diferenciada, con un altísimo porcentaje de éxitos, y donde no solo la ficción ha batido récords, también lo han hecho los programas informativos, los magacines de actualidad y los concursos.', 'La compañía ha ido ganando volumen merced a un modelo de negocio único en su sector, que le ha permitido aumentar su rentabilidad pese a los ciclos económicos adversos y ganarse la confianza del mercado.', 'Nuestra evolución en los últimos años y nuestras fortalezas nos permiten acelerar nuestra transformación']","Es la temática líder absoluto en las tardes de lunes a viernes (4,4%), por encima incluso de algunas generalistas","Es la temática líder absoluto en las tardes de lunes a viernes (4,4%), por encima incluso de algunas generalistas",1.0,0.75,1.0
¿Cuál es el efecto de que el Grupo se acogiera a la exención de la NIIF 1 sobre diferencias de conversión acumuladas?,"['El Grupo se acogió a la exención contemplada en la NIIF 1 ""Adopción por primera vez de las NIIF"" relativa a diferencias de conversión acumuladas, por lo que aquellas diferencias de conversión reconocidas en las cuentas anuales consolidadas que se hubieran generado con anterioridad al 1 de enero de 2004 se muestran en cuentas de reservas.', 'Según los datos presentados, los ingresos de pasaje del Grupo descendieron un 2,0%, con un efecto cambiario adverso de 5,6 puntos, mientras que la capacidad se incrementó un 9,4%. A tipos de cambio constantes, los ingresos unitarios de pasaje (ingresos de pasaje por AKO) descendieron un 5,4% a causa de la caída del yield (ingresos de pasaje/pasajeros-kilómetro transportados), con un ligero incremento de 0,2 puntos en el coeficiente de ocupación.', 'El beneficio antes de impuestos crece menos que los anteriores márgenes, debido a (i)n un aumento de los costes financieros asociados a la elevada volatilidad de tipo de cambio del US$ durante el ejercicio (el Grupo realiza una parte significativa de sus compras en US$) y (ii) a una peor evolución de los resultados no recurrentes, con una menor generación de ingresos procedente de la venta activos frente a las que se verificaron en 2016 (venta de inmuebles y venta del negocio de Puerto Rico, principalmente).', 'Como resultado de los puntos mencionados anteriormente, el Grupo ha obtenido un beneficio después de impuestos de 17.526 miles de euros.', 'El resultado financiero ha contribuido con 62,3 millones de euros a la cuenta de resultados del Grupo. Respecto al año anterior el resultado financiero desciende un 26,5% debido al diferente impacto de los resultados no recurrentes (pérdida de 15,5 millones de euros en 2016 respecto a beneficios de 22,3 millones de euros en 2015).']",aquellas diferencias de conversión reconocidas en las cuentas anuales consolidadas que se hubieran generado con anterioridad al 1 de enero de 2004 se muestran en cuentas de reservas,aquellas diferencias de conversión reconocidas en las cuentas anuales consolidadas que se hubieran generado con anterioridad al 1 de enero de 2004 se muestran en cuentas de reservas,1.0,1.0,1.0
¿Qué efecto han tenido los puntos que se han mencionado previamente?,"['Como consecuencia de las conclusiones que ofreció este informe, se han identificado los puntos significativos y las mejoras que deben abordarse en los próximos años.', 'Gracias a estas medidas, tal y como queda reflejado en la gráfica anterior, hemos alcanzado una reducción del 6% en el consumo de energía eléctrica por prenda puesta en el mercado y de un 3% con respecto a las ventas, en comparación con 2016.', 'El impacto no fue duradero, ya que en los meses siguientes se redujo la volatilidad, la renta variable se recuperó y bajó la aversión al riesgo.', 'Gracias a estas y otras mejoras, las incidencias en todas las plataformas se han reducido en un 61% con respecto al año anterior.', 'El total del alcance 1 y 2, foco principal de las emisiones de la entidad al representar el 63,4% de su huella total, han experimentado un descenso del 5% gracias a las diferentes medidas de eficiencia energética que se han ido implantando durante los últimos años, como el cambio de luminarias a sistema LED, las mejoras en domótica y climatización, y la renovación de equipamientos por otros más ecoeficientes, entre otras.']",se han identificado los puntos significativos y las mejoras que deben abordarse en los próximos años,el Grupo ha obtenido un beneficio después de impuestos de 17.526 miles de euros,0.0,1.0,1.0
¿Por qué se ha registrado una disminución del porcentaje de ebitda certificado?,"['En 2015, a pesar de avanzar en la certificación de nuevos sistemas de gestión ambiental conforme a ISO 14001 y a los requisitos internos, se ha registrado una disminución del porcentaje de ebitda certificado, como consecuencia de la incorporación de nuevas actividades en Chile donde se está trabajando en adaptarlas a los referenciales internacionales y a los requerimientos internos en materia de gestión ambiental. En materia de cambio climático este año se ha mantenido el avance de los diferentes proyectos encaminados a la determinación de nuestra huella de carbono e identificación de los riesgos y oportunidades derivados del cambio climático.', 'El ebitda disminuye un 20,9% debido al impacto de una menor demanda y un efecto negativo de los tipos de cambio (–46 millones de euros).', 'El EBITDA ajustado descendió un 9,4% en 2017 hasta EUR568.6m, una caída del 8,9% a divisa constante. Este descenso tuvo su reflejo en una erosión de 65 puntos básicos en el margen EBITDA ajustado, que fue del 6,6% en el año como resultado de la política de precios implementada en España en la segunda mitad del año.', 'Por otro lado, los gastos financieros se han reducido significativamente como resultado de fructíferas negociaciones con los bancos que permitieron minorar el tipo de interés medio satisfecho por la Compañía, el cual se situó en 3,2% frente al 3,5% del año 2016, así como incrementar los plazos de vencimiento de los instrumentos de deuda con los que actualmente se financia.', 'En los tres últimos años, la Compañía ha logrado unos sólidos resultados financieros que han hecho que el BPA ajustado de 2016 alcance los 90,2 céntimos de euro. En consecuencia, los derechos asignados en 2014 bajo el plan de acciones por desempeño, se consolidarán en 2016 en su nivel máximo en lo que respecta al parámetro de BPA. El precio de la acción registró un fuerte crecimiento en los dos primeros años y medio de los tres que integran el período de desempeño, aunque sufrió una importante caída tras el resultado del referéndum sobre la UE celebrado en el Reino Unido.']",consecuencia de la incorporación de nuevas actividades en Chile donde se está trabajando en adaptarlas a los referenciales internacionales y a los requerimientos internos en materia de gestión ambiental,consecuencia de la incorporación de nuevas actividades en Chile donde se está trabajando en adaptarlas a los referenciales internacionales y a los requerimientos internos en materia de gestión ambiental,1.0,1.0,1.0
¿Cuál es la consecuencia de que su reutilización no sea posible pero sí su reciclaje?,"['Su reutilización no es posible pero sí su reciclaje, por lo que el 97% son reciclados por empresas especializadas.', 'Lingotes Especiales apuesta decididamente por la Economía Circular ya que esta permite diseñar productos sin desechos que faciliten su desmontaje y su reutilización y convertir residuos en recursos, incorporándolos de nuevo al ciclo de la economía productiva y reduciendo, a la vez, el impacto ambiental de los procesos.', 'Respecto a la recuperación de los productos puestos en el mercado, es inviable evaluar el volumen generado y la gestión efectuada a nivel mundial, dado que no existe ningún sistema de recogida y gestión específico para materiales textiles a nivel global.', 'Los tipos de residuos generados en cada fábrica no coinciden al 100%, por ello se han reducido a un grupo homogéneo para su comparación.', 'El impacto no fue duradero, ya que en los meses siguientes se redujo la volatilidad, la renta variable se recuperó y bajó la aversión al riesgo.']",el 97% son reciclados por empresas especializadas,el 97% son reciclados por empresas especializadas,1.0,1.0,1.0
¿Qué hizo que el evento fuera posible?,"['El evento fue posible gracias a la colaboración de Atresmedia y una de las principales distribuidoras con las que trabaja, Warner Bros.', 'Participando personas con discapacidad gracias a una beca David Feduchy.', 'Gracias a nuestra visión estratégica y a un importante rigor en la gestión, acompañada por unos sólidos valores, aquilatados por el fuerte componente familiar, hemos superado con éxito una compleja etapa en la que hemos logrado alcanzar la mayor parte de los objetivos propuestos, afrontando el futuro con solvencia y optimismo.', 'Personas a las que quiero hacer llegar desde aquí mi más sincero agradecimiento, pues su contribución y compromiso han sido, y son, piedra angular para la consecución de nuestros objetivos y para nuestro futuro.', 'Estoy segura de que lo conseguiremos porque contamos con un equipo dispuesto a esforzarse al máximo para dar el mejor servicio a los clientes.']","la colaboración de Atresmedia y una de las principales distribuidoras con las que trabaja, Warner Bros.</doc><doc>
Participando personas con discapacidad gracias a una beca David Feduchy</doc><doc>
Gracias a nuestra visión estratégica y a un importante rigor en la gestión, acompañada por unos sólidos valores, aquilatados por el fuerte componente familiar, hemos superado con éxito una compleja etapa en la que hemos logrado alcanzar la mayor parte de los objetivos propuestos, afrontando el futuro con solvencia y optimismo</doc><doc>
Personas a las que quiero hacer llegar desde aquí mi más sincero agradecimiento, pues su contribución y compromiso han sido, y son, piedra angular para la consecución de nuestros objetivos y para nuestro futuro</doc><doc>
Estoy segura de que lo conseguiremos porque contamos con un equipo dispuesto a esforzarse al máximo para dar el mejor servicio a los clientes</doc>","la colaboración de Atresmedia y una de las principales distribuidoras con las que trabaja, Warner Bros",0.5,0.08333333333333333,1.0
¿Qué supone que todos los beneficios hayan sido comunicados a la totalidad de la plantilla?,"['Los trabajadores y trabajadoras tienen a su disposición un conjunto de beneficios sociales pactados por Banco Sabadell y los representantes sindicales en el acuerdo sobre medidas de conciliación de la vida familiar y personal con la laboral. Todos estos beneficios han sido comunicados a la totalidad de la plantilla y están recogidos en el portal del empleado de la intranet, por lo que son ampliamente conocidos por los trabajadores y trabajadoras, que los vienen solicitando y disfrutando desde hace tiempo.', 'Una de las grandes ventajas de este sistema es su transparencia, ya que estas ideas son visibles de forma inmediata para toda la plantilla de modo que pueden ser votadas o enriquecidas con opiniones o aportaciones complementarias.', 'Gracias a la contribución de todos nuestros empleados, Inditex ha logrado unos resultados especialmente positivos en los ejercicios 2015 y 2016, que han permitido repartir más de 79 millones de euros entre más de 84.000 personas en 50 países.', 'Gracias a la colaboración con los diferentes departamentos, todos los empleados -e incluso las nuevas incorporaciones- participan en talleres de sensibilización ambiental.', 'La plantilla aumentó un 2,6% dado que se han puesto en marcha nuevas líneas y que ha aumentado la producción.']","son ampliamente conocidos por los trabajadores y trabajadoras, que los vienen solicitando y disfrutando desde hace tiempo","son ampliamente conocidos por los trabajadores y trabajadoras, que los vienen solicitando y disfrutando desde hace tiempo",1.0,1.0,1.0
¿Qué ha provocado la reducción del volumen de dichas operaciones y los límites establecidos?,"['La cifra de negocio disminuyó un 14,0% hasta los 401,3 millones de euros, debido a una severa bajada del mercado local y a las fluctuaciones adversas de tipo de cambio tanto en Brasil como en Argentina.', 'Como consecuencia de los compromisos adquiridos en el Plan de Recapitalización, la actividad de la entidad en los mercados financieros se mantuvo reducida.', 'Como consecuencia de este hecho, es previsible que a lo largo de los próximos trimestres se limite aún más el nivel de activos comprometidos en operaciones de financiación a largo plazo.', 'Estas ventas han supuesto un ingreso de 2.885 millones de euros en el ejercicio 2015, un 5,3% menor al del ejercicio 2014 ya que la caída en las ventas físicas como consecuencia de la reducción en el número de clientes a precio regulado (–9,5%) y el incremento del coste de la energía no se ha visto compensada por el incremento del precio medio de venta.', 'Este nivel es el inferior al del año pasado debido a la incorporación del perímetro de banca mayorista global.']",es previsible que a lo largo de los próximos trimestres se limite aún más el nivel de activos comprometidos en operaciones de financiación a largo plazo,"En las operaciones de trading de electricidad y de derechos de emisión de CO2 realizadas por Gas Natural Fenosa, el riesgo es poco significativo",0.0,0.6666666666666666,1.0
¿Qué ha favorecido la mejoría de la economía mundial en los últimos meses del 2016?,"['La vinculación del sector del seguro con el entorno macroeconómico resulta indudable. En este sentido, la economía mundial mejoró en los últimos meses del 2016 gracias a la recuperación de economías avanzadas como las de Estados Unidos, Europa y China, marcando una tendencia de aceleración que se prevé continúe durante el 2017. En conjunto, la economía global creció un 3,1%, cifra inferior a la del 2015, pero superior a la prevista a principios de año.', 'Estados Unidos, por su parte, experimentó cierta ralentización en su crecimiento, con un incremento anual del PIB del 1,6%, pero con un satisfactorio cuadro macroeconómico: prácticamente pleno empleo, inflación controlada, incremento del número de asalariados con mejoras en los salarios medios y un índice de confianza de los consumidores positivo gracias al impulso fiscal anunciado por el nuevo presidente.', 'Esta tendencia favorable se produjo a pesar de haberse generado menores comisiones de mantenimiento de cuentas debido a la suspensión de su cobro al segmento retail, impuesta por el Consejo de Estado turco, y de los altos ingresos generados en el 2016 por el programa de millas Miles & Smiles.', 'Es cierto que se ha registrado una desaceleración de la actividad en la segunda parte de 2015 respecto a lo observado en el primer semestre debido a la ralentización de la demanda mundial, el agotamiento de algunos factores cíclicos y el aumento de la incertidumbre, en parte ligada al ciclo electoral español, pero las previsiones indican que se alcanzará un incremento del PIB de alrededor de un 2,7% para 2016.', 'En 2017 continuó mejorando el mercado de la vivienda y la situación financiera de los hogares gracias al buen cuadro macroeconómico y en particular a la evolución del empleo.']","la recuperación de economías avanzadas como las de Estados Unidos, Europa y China, marcando una tendencia de aceleración que se prevé continúe durante el 2017","la recuperación de economías avanzadas como las de Estados Unidos, Europa y China, marcando una tendencia de aceleración que se prevé continúe durante el 2017",1.0,0.5,1.0
"¿Qué se pretende conseguir manteniendo el nombre, sin fusiones ni comprando empresas en España?","['Nuestra trayectoria avala ese propósito de estabilidad, porque mantenemos el nombre, no nos hemos fusionado con nadie y no hemos comprado nada en España.', 'Un crecimiento que hemos alcanzado sin realizar ampliaciones de capital y gracias a una política prudente de distribución del dividendo.', 'Nueva aplicación móvil BBVA España, con un diseño que refleja la expresión del lema de BBVA, Creando Oportunidades, ya que sigue permitiendo realizar cualquier operación desde cualquier lugar, de una forma fácil y sencilla, pero aprovechando cada vez más todas las oportunidades que ofrecen las nuevas tecnologías y el big data.', 'No obstante, no queremos caer en la autocomplacencia porque nuestra constante es crecer, superar retos, nunca acomodarnos en la tentadora zona de lo fácil.', 'Quiero felicitar a los más de 200.000 profesionales que trabajan en el Grupo Santander, puesto que los logros alcanzados en 2017 no hubieran sido posibles sin la aportación de cada uno de ellos. tenemos el objetivo de consolidarnos como el mejor banco comercial para nuestros empleados, clientes, accionistas y la sociedad.']",Nuestra trayectoria avala ese propósito de estabilidad,Nuestra trayectoria avala ese propósito de estabilidad,1.0,1.0,1.0
¿Qué se ha conseguido a raíz del trabajo de Piecitos Colorados?,"['• A raíz del trabajo de Piecitos Colorados, se percibe un cambio de actitud de los alumnos respecto a su sentido de la responsabilidad y compromiso hacia la escuela.', 'Nuestra evolución en los últimos años y nuestras fortalezas nos permiten acelerar nuestra transformación', 'Gran parte de las líneas están en proceso de ejecución, dado que muchos de los objetivos propuestos se han trazado a 2015.', 'Esta operación es positiva para los accionistas, ya que se estima que mejora el beneficio por acción (BPA) desde 2016.', 'Esta tendencia favorable se produjo a pesar de haberse generado menores comisiones de mantenimiento de cuentas debido a la suspensión de su cobro al segmento retail, impuesta por el Consejo de Estado turco, y de los altos ingresos generados en el 2016 por el programa de millas Miles & Smiles.']",se percibe un cambio de actitud de los alumnos respecto a su sentido de la responsabilidad y compromiso hacia la escuela,se percibe un cambio de actitud de los alumnos respecto a su sentido de la responsabilidad y compromiso hacia la escuela,1.0,0.3333333333333333,1.0
¿Qué les ha permitido alcanzar un crecimiento sin realizar ampliaciones de capital? ,"['Un crecimiento que hemos alcanzado sin realizar ampliaciones de capital y gracias a una política prudente de distribución del dividendo.', 'La compañía ha ido ganando volumen merced a un modelo de negocio único en su sector, que le ha permitido aumentar su rentabilidad pese a los ciclos económicos adversos y ganarse la confianza del mercado.', 'Sin considerar esta venta, el beneficio neto ha crecido un 25,4% principalmente debido al buen desempeño del margen financiero y las comisiones cobradas y por un adecuado control de los gastos de administración y promoción.', 'Desde la fusión, sigue creciendo todos los meses respecto al mismo mes del año anterior, con lo que encadena, a cierre del Ejercicio 2014, 27 meses de crecimiento ininterrumpido.', 'Nuestra trayectoria avala ese propósito de estabilidad, porque mantenemos el nombre, no nos hemos fusionado con nadie y no hemos comprado nada en España.']",una política prudente de distribución del dividendo,una política prudente de distribución del dividendo,1.0,0.5,1.0
¿Qué ha supuesto la mejora de los sistemas de control del resultado de las campañas?,"['En línea con lo anterior, la medición de la eficiencia y eficacia de estas iniciativas se ha visto potenciada y ha sido posible gracias a la mejora de los sistemas y control del resultado de las campañas mediante la construcción de modelos econométricos que permiten calcular el retorno de la inversión publicitaria (ROI) y la optimización del mix de medios utilizado.', 'Gracias a estas y otras mejoras, las incidencias en todas las plataformas se han reducido en un 61% con respecto al año anterior.', 'También se ha mejorado la interfaz gráfica general, con lo que se consigue una mejor experiencia de usuario.', 'Gracias a la emisión de la serie de Antena 3, Tiempos de Guerra, la campaña ha tenido gran repercusión y visibilidad. 7.3.3.', 'CLAVES DEL EJERCICIO 2016 En 2016 Santander Chile logró una mejora sustancial en los indicadores de satisfacción de clientes gracias a la simplificación de procesos y a un mayor foco en el cliente, y cerrando así la brecha que existía con los principales competidores en materia de calidad de servicio.']",la medición de la eficiencia y eficacia de estas iniciativas se ha visto potenciada y ha sido posible,la medición de la eficiencia y eficacia de estas iniciativas,0.75,0.5,1.0
¿A qué se debe que Gas Natural Fenosa promueva la conciliación profesional y personal?,"['Gas Natural Fenosa promueve la conciliación de la vida profesional y personal gracias al importante conjunto de medidas de flexibilización laboral, servicios y beneficios adaptados a las necesidades de los empleados.', 'Contar la historia de Gas Natural Fenosa es contar una historia de pasión, fe, trabajo y visión de progreso, porque la energía es progreso.', 'La innovación es uno de los motores del desarrollo de Gas Natural Fenosa, por lo que destina una parte importante de sus recursos y sus esfuerzos a las actividades de I+D+i, tratando de buscar una optimización de los recursos, de desarrollar nuevas tecnologías y de mantenerse al corriente de los avances tecnológicos en los sectores en los que opera.', 'Asimismo, Banco Sabadell ofrece un amplio abanico de medidas orientadas a mejorar la conciliación de la vida laboral y familiar y/o personal de su plantilla, mediante la contratación de servicios o compra de productos a través del portal para empleados, que les ofrece no solamente un ahorro económico sino también de tiempo, ya que reciben los productos en su lugar de trabajo y se ahorran el desplazamiento o el hacer la gestión fuera del horario laboral.', 'Después de un primer trimestre exigente como empresa cotizada y a pesar de las dificultades experimentadas por la industria del petróleo y el gas, que es una parte importante de nuestra actividad, me complace anunciar que, gracias a la gestión y dirección de Fernando Basabe y de su equipo, el Grupo ha logrado obtener resultados conforme a nuestras expectativas.']","al importante conjunto de medidas de flexibilización laboral, servicios y beneficios adaptados a las necesidades de los empleados","al importante conjunto de medidas de flexibilización laboral, servicios y beneficios adaptados a las necesidades de los empleados",1.0,0.8,1.0
¿Cuál es el motivo de que se busque que en cada uno de ellos puedan participar y acompañarles?,"['También queremos que nuestros proyectos de responsabilidad social sean cada vez más cercanos a ellos y a sus familias, y por esto buscamos que en cada uno de ellos puedan participar y estar con nosotros. Pongo como ejemplos, el lanzamiento de nuestra Superliga DIA en España, la carrera en apoyo a los niños con cáncer en Sao Paulo, la ayuda a jóvenes madres en riesgo de exclusión en Portugal o la campaña de recogida de ropa de abrigo en Argentina entre otras muchas acciones.', 'Estoy segura de que lo conseguiremos porque contamos con un equipo dispuesto a esforzarse al máximo para dar el mejor servicio a los clientes.', 'Personas a las que quiero hacer llegar desde aquí mi más sincero agradecimiento, pues su contribución y compromiso han sido, y son, piedra angular para la consecución de nuestros objetivos y para nuestro futuro.', 'Gracias a la colaboración con los diferentes departamentos, todos los empleados -e incluso las nuevas incorporaciones- participan en talleres de sensibilización ambiental.', 'Me resulta complicado abarcar en esta carta todos los aspectos de interés que pueden encontrar en el presente informe, por lo que les animo a leerlo con atención y detenimiento.']",También queremos que nuestros proyectos de responsabilidad social sean cada vez más cercanos a ellos y a sus familias,queremos que nuestros proyectos de responsabilidad social sean cada vez más cercanos a ellos y a sus familias,1.0,1.0,1.0
¿Por qué han de ser también flexibles?,"['Y también han de ser flexibles, porque la gestión de riesgos tiene que adaptarse rápidamente a nuevos entornos y escenarios imprevistos.', 'Operamos en una industria global y altamente competitiva por lo que no sólo debemos adaptarnos de forma continuada a los requisitos de nuestros clientes sino que consideramos el desarrollo conjunto una oportunidad de ventaja competitiva.', 'Operamos en una industria global y altamente competitiva por lo que no sólo debemos adaptarnos de forma continuada a los requisitos de nuestros clientes sino que consideramos el I+D una oportunidad de ventaja competitiva.', 'Esta nueva revolución está creando también nuevos desafíos sociales y de sostenibilidad, por lo que debemos estar preparados para hacerles frente.', 'Durante muchas generaciones hemos aplicado nuestro conocimiento y experiencia para innovar y reinventar la manera de hacer banca, manteniendo las fortalezas que nos han acompañado siempre. Estoy convencida de que lograremos el éxito porque:  nuestro crecimiento, rentabilidad y fortaleza de balance demuestran que nuestra estrategia está funcionando;  nuestro tamaño, diversificación y predictibilidad nos aportan una base sólida para innovar;  nuestra cultura —nuestro foco constante en ser un banco responsable— reforzará la confianza de las personas en nuestra marca.']",la gestión de riesgos tiene que adaptarse rápidamente a nuevos entornos y escenarios imprevistos,la gestión de riesgos tiene que adaptarse rápidamente a nuevos entornos y escenarios imprevistos,1.0,1.0,1.0
¿Qué propició la celebración del octavo centenario de la Universidad de Salamanca?,"['Con motivo de la celebración del octavo centenario de la Universidad de Salamanca, la Fundación ACS y dicha Universidad firmaron, el día 27 de octubre de 2017, un Convenio de Colaboración para la mejora de la accesibilidad en el Edificio Histórico de la Universidad (Escuelas Mayores) y en el Colegio Mayor Fonseca.', 'Nuestra evolución en los últimos años y nuestras fortalezas nos permiten acelerar nuestra transformación', 'Somos lo que somos porque durante todos estos años hemos sabido como nadie adelantarnos, innovar y prepararnos, en definitiva, para el cambio.', 'En 2015 Universitas Telefónica, nuestra universidad corporativa, capacitó en su campus de Barcelona a 2.046 ejecutivos gracias a programas presenciales de liderazgo y estrategia focalizados en la transformación digital.', 'Quiero felicitar a los más de 200.000 profesionales que trabajan en el Grupo Santander, puesto que los logros alcanzados en 2017 no hubieran sido posibles sin la aportación de cada uno de ellos. tenemos el objetivo de consolidarnos como el mejor banco comercial para nuestros empleados, clientes, accionistas y la sociedad.']","la Fundación ACS y dicha Universidad firmaron, el día 27 de octubre de 2017, un Convenio de Colaboración para la mejora de la accesibilidad en el Edificio Histórico de la Universidad (Escuelas Mayores) y en el Colegio Mayor Fonseca","la Fundación ACS y dicha Universidad firmaron, el día 27 de octubre de 2017, un Convenio de Colaboración para la mejora de la accesibilidad en el Edificio Histórico de la Universidad (Escuelas Mayores) y en el Colegio Mayor Fonseca",1.0,1.0,0.75
¿Por qué representa un factor claro de vulnerabilidad financiera ante cambios en el sentimiento inversor este nivel de deuda pública?,"['Este nivel de deuda pública representa un factor claro de vulnerabilidad financiera ante cambios en el sentimiento inversor, ya que implica unas necesidades de financiación elevadas del sector público y limita el margen de actuación de la política fiscal en un eventual escenario de desaceleración.', 'Este nivel es el inferior al del año pasado debido a la incorporación del perímetro de banca mayorista global.', 'Como consecuencia de la intervención del BCe en los mercados, la excepcionalidad en el área euro es tal que los tipos de interés negativos de la deuda pública se han convertido en habituales.', 'Como consecuencia de este hecho, es previsible que a lo largo de los próximos trimestres se limite aún más el nivel de activos comprometidos en operaciones de financiación a largo plazo.', 'El impacto de esta reforma global sobre la actividad económica es objeto de interés creciente, ya que representa un posible freno para el crecimiento económico.']",implica unas necesidades de financiación elevadas del sector público y limita el margen de actuación de la política fiscal en un eventual escenario de desaceleración,implica unas necesidades de financiación elevadas del sector público y limita el margen de actuación de la política fiscal en un eventual escenario de desaceleración,0.75,0.75,1.0
¿Estas medidas qué han permitido?,"['Gracias a estas medidas, tal y como queda reflejado en la gráfica anterior, hemos alcanzado una reducción del 6% en el consumo de energía eléctrica por prenda puesta en el mercado y de un 3% con respecto a las ventas, en comparación con 2016.', 'Gracias a estas y otras mejoras, las incidencias en todas las plataformas se han reducido en un 61% con respecto al año anterior.', 'Gracias a esta medida, hemos mejorado la densidad de dichos envíos en un 1,5% respecto al año anterior.', 'Esta tendencia favorable se produjo a pesar de haberse generado menores comisiones de mantenimiento de cuentas debido a la suspensión de su cobro al segmento retail, impuesta por el Consejo de Estado turco, y de los altos ingresos generados en el 2016 por el programa de millas Miles & Smiles.', 'Gracias a esta intervención, se ha atendido a cerca de 70.000 personas en consultas externas y de salud mental.']","hemos alcanzado una reducción del 6% en el consumo de energía eléctrica por prenda puesta en el mercado y de un 3% con respecto a las ventas, en comparación con 2016","hemos alcanzado una reducción del 6% en el consumo de energía eléctrica por prenda puesta en el mercado y de un 3% con respecto a las ventas, en comparación con 2016",1.0,1.0,1.0
¿Qué ha supuesto para Inditex la contribución de todos sus empleados?,"['Gracias a la contribución de todos nuestros empleados, Inditex ha logrado unos resultados especialmente positivos en los ejercicios 2015 y 2016, que han permitido repartir más de 79 millones de euros entre más de 84.000 personas en 50 países.', 'En virtud de este documento, Inditex rechaza cualquier tipo de discriminación.', 'Gracias a la colaboración con Inditex, entre octubre de 2016 -fecha de incorporación del equipo técnico al proyecto- y enero de 2017 se ha trabajado con 460 personas, de las que 388 han recibido orientación laboral y una asignación de recursos ajustados a su perfil profesional.', 'Como resultado de la integración de todos nuestros canales de venta, en Inditex hemos trabajado en desarrollos tecnológicos que permitan aportar nuevas posibilidades a las necesidades de nuestros clientes.', 'Gracias a la colaboración con Inditex, en 2017 se han consolidado 32 proyectos de economía social, 1.139 personas han mejorado su empleabilidad, 849 de ellas han recibido formación y 460 además han encontrado un empleo.']","ha logrado unos resultados especialmente positivos en los ejercicios 2015 y 2016, que han permitido repartir más de 79 millones de euros entre más de 84.000 personas en 50 países","ha logrado unos resultados especialmente positivos en los ejercicios 2015 y 2016, que han permitido repartir más de 79 millones de euros entre más de 84.000 personas en 50 países",1.0,1.0,1.0
"¿A qué se achaca que los ingresos de terminales registrasen un significativo crecimiento interanual en el cuarto trimestre (+41,0%; +3,8% en el año)?","['Los ingresos de terminales registran un significativo crecimiento interanual en el cuarto trimestre (+41,0%; +3,8% en el año) debido a la mayor actividad comercial de venta de equipos de gama alta.', 'Importante crecimiento de los ROF (+15,9% interanual), gracias al muy buen desempeño de la Unidad de Global Markets, fundamentalmente durante la primera parte del ejercicio.', 'Los ingresos del periodo enero-diciembre de 2014 ascienden a 1.719 millones de euros y aumentan un 7,8% interanual, debido al crecimiento tanto del negocio móvil como del fijo.', 'Telefónica Colombia (Variaciones interanuales en términos orgánicos) En el año 2014, Telefónica Colombia muestra unos sólidos resultados tanto en términos operativos (crecimiento de accesos en todos los servicios), como en términos financieros (sostenido incremento interanual de los ingresos y de doble dígito en OIBDA gracias a las eficiencias logradas).', 'La plantilla aumentó un 2,6% dado que se han puesto en marcha nuevas líneas y que ha aumentado la producción.']",a la mayor actividad comercial de venta de equipos de gama alta,a la mayor actividad comercial de venta de equipos de gama alta,1.0,0.16666666666666666,1.0
¿Qué explica que sea cada vez más difícil mejorar?,"['Llevamos años siendo cada vez más y más eficientes, por eso también cada vez es más difícil mejorar.', 'Nuestra evolución en los últimos años y nuestras fortalezas nos permiten acelerar nuestra transformación', 'El entorno para la actividad bancaria está siendo desafiante, ya que a la evolución anterior se unen unos tipos de interés extraordinariamente bajos en los países desarrollados, crecimientos de volúmenes reducidos, fuerte presión competitiva por parte tanto de entidades bancarias como no bancarias, y un entorno regulatorio exigente.', 'Como consecuencia de este hecho, es previsible que a lo largo de los próximos trimestres se limite aún más el nivel de activos comprometidos en operaciones de financiación a largo plazo.', 'Este nivel es el inferior al del año pasado debido a la incorporación del perímetro de banca mayorista global.']",Llevamos años siendo cada vez más y más eficientes,Llevamos años siendo cada vez más y más eficientes,1.0,1.0,1.0
"¿A qué factores atribuimos el crecimiento del beneficio neto en un 25,4%?","['Sin considerar esta venta, el beneficio neto ha crecido un 25,4% principalmente debido al buen desempeño del margen financiero y las comisiones cobradas y por un adecuado control de los gastos de administración y promoción.', 'Un crecimiento que hemos alcanzado sin realizar ampliaciones de capital y gracias a una política prudente de distribución del dividendo.', 'El beneficio antes de impuestos en 2015 fue de 31 millones de euros, gracias a la muy escasa morosidad (un 1%, diez veces menos que el promedio del sector), un balance equilibrado y un nivel de gastos de estructura muy bajo.', 'El resultado antes de impuestos, que refleja mejor la evolución del negocio, crece un 8% gracias al aumento de volúmenes, la buena gestión de márgenes y el control de costes.', 'La compañía ha ido ganando volumen merced a un modelo de negocio único en su sector, que le ha permitido aumentar su rentabilidad pese a los ciclos económicos adversos y ganarse la confianza del mercado.']",principalmente debido al buen desempeño del margen financiero y las comisiones cobradas y por un adecuado control de los gastos de administración y promoción,al buen desempeño del margen financiero y las comisiones cobradas y por un adecuado control de los gastos de administración y promoción,1.0,0.75,1.0
"¿Qué consecuencia tiene que los delincuentes, terroristas o gobiernos extranjeros ataquen a los sistemas del Grupo?","['El Grupo podría hacer frente a pérdidas financieras, la suspensión de las operaciones o el menoscabo de la reputación de sus marcas, con motivo de un ataque a los sistemas del Grupo por delincuentes, terroristas o gobiernos extranjeros.', 'El Grupo tiene una obligación presente (ya sea legal o implícita) como resultado de un suceso pasado.', 'Gracias a la introducción de tecnologías innovadoras y el desarrollo de nuevas soluciones y procesos de negocio, buscamos convertirnos en un Grupo más efectivo, eficiente y orientado al cliente.', 'Asimismo, y tal y como se describe en la nota 31.2.o, el Grupo aplica la contabilidad de coberturas al objeto de mitigar la volatilidad que se produciría en la cuenta de pérdidas y ganancias consolidada como consecuencia de la existencia de transacciones relevantes en moneda extranjera.', 'Es política del Grupo para operaciones de financiación de circulante, acudir a endeudamiento con terceros a través de recursos ajenos a corto plazo y referenciados a índices variables de mercado, normalmente Euribor, con lo que se mitiga sustancialmente este riesgo de tipo de interés.']","El Grupo podría hacer frente a pérdidas financieras, la suspensión de las operaciones o el menoscabo de la reputación de sus marcas","El Grupo podría hacer frente a pérdidas financieras, la suspensión de las operaciones o el menoscabo de la reputación de sus marcas",1.0,0.3333333333333333,1.0
¿Qué consecuencias tiene que el nuevo Consejero Independiente Senior no sea Vicepresidente?,"['En lo que respecta al cargo de Consejero Independiente Senior, sus funciones las desempeñaba anteriormente el Vicepresidente y estaban incluidas en su remuneración (una asignación anual de 350.000 €). Dado que el nuevo Consejero Independiente Senior no es Vicepresidente, la asignación adicional por desempeñar las funciones de Consejero Independiente Senior se ha reducido a 30.000 €.', 'También podrá proponerse la separación de consejeros independientes como consecuencia de ofertas públicas de adquisición, fusiones u otras operaciones corporativas similares que supongan un cambio en la estructura de capital de la sociedad, cuando tales cambios en la estructura del consejo de administración vengan propiciados por el criterio de proporcionalidad señalado en la recomendación 16.', 'El número de consejeros independientes debe representar al menos un tercio del total, ya que hay un accionista que controla más del 30 % del capital social.', 'Una nueva consejera no ejecutiva, Nicola Shaw, fue nombrada en la Junta General de Accionistas de 2017 para cubrir la vacante dejada por la Baronesa Kingsmill, quien dejó de su puesto como consejera en esa junta. La fecha de entrada en vigor de su nombramiento se aplazó hasta el 1 de enero de 2018, ya que no tenía la disponibilidad requerida antes de esa fecha.', 'Igualmente la Junta General de Accionistas acordó a propuesta del Consejo de Administración y, previa propuesta de la Comisión de Nombramientos y Retribuciones, ratificar y nombrar Consejeros por un plazo de cuatro años, tal y como se recoge en los Estatutos Sociales a las siguientes personas: Rafael Miranda Robredo, que fue nombrado Consejero Externo Independiente por cooptación, y Presidente de Acerinox, el día 23 de abril de 2014 en sustitución del anterior Presidente Rafael Naranjo Olmedo, que dejo el cargo el día 21 de abril de 2014 por motivos de salud.']",la asignación adicional por desempeñar las funciones de Consejero Independiente Senior se ha reducido a 30.000 €,la asignación adicional por desempeñar las funciones de Consejero Independiente Senior se ha reducido a 30.000 €,1.0,1.0,1.0
"¿Por qué motivo contar la historia de Gas Natural Fenosa es contar una historia de pasión, fe, trabajo y visión de progreso?","['Contar la historia de Gas Natural Fenosa es contar una historia de pasión, fe, trabajo y visión de progreso, porque la energía es progreso.', 'Gas Natural Fenosa promueve la conciliación de la vida profesional y personal gracias al importante conjunto de medidas de flexibilización laboral, servicios y beneficios adaptados a las necesidades de los empleados.', 'La innovación es uno de los motores del desarrollo de Gas Natural Fenosa, por lo que destina una parte importante de sus recursos y sus esfuerzos a las actividades de I+D+i, tratando de buscar una optimización de los recursos, de desarrollar nuevas tecnologías y de mantenerse al corriente de los avances tecnológicos en los sectores en los que opera.', 'Después de un primer trimestre exigente como empresa cotizada y a pesar de las dificultades experimentadas por la industria del petróleo y el gas, que es una parte importante de nuestra actividad, me complace anunciar que, gracias a la gestión y dirección de Fernando Basabe y de su equipo, el Grupo ha logrado obtener resultados conforme a nuestras expectativas.', 'Nuestra evolución en los últimos años y nuestras fortalezas nos permiten acelerar nuestra transformación']",la energía es progreso,la energía es progreso,0.25,1.0,1.0
¿Qué se deriva de este documento?,"['Como consecuencia de las conclusiones que ofreció este informe, se han identificado los puntos significativos y las mejoras que deben abordarse en los próximos años.', 'Este sistema, sus políticas y sus procedimientos están basados en el respeto a los Derechos Humanos y han sido desarrollados gracias al conocimiento y cercanía con toda la cadena de suministro.', 'En virtud de este documento, Inditex rechaza cualquier tipo de discriminación.', 'Me resulta complicado abarcar en esta carta todos los aspectos de interés que pueden encontrar en el presente informe, por lo que les animo a leerlo con atención y detenimiento.', 'No quiero extenderme mucho en esto porque la consejera delegada lo explica con detalle en este mismo informe, pero sí quiero poner énfasis en la calidad de los resultados.']",Inditex rechaza cualquier tipo de discriminación,Inditex rechaza cualquier tipo de discriminación,0.75,1.0,1.0
¿Qué ha facilitado esta intervención?,"['Gracias a esta intervención, se ha atendido a cerca de 70.000 personas en consultas externas y de salud mental.', 'Gracias a esta medida, hemos mejorado la densidad de dichos envíos en un 1,5% respecto al año anterior.', 'Esta operación es positiva para los accionistas, ya que se estima que mejora el beneficio por acción (BPA) desde 2016.', 'Gracias a estas y otras mejoras, las incidencias en todas las plataformas se han reducido en un 61% con respecto al año anterior.', 'También se ha mejorado la interfaz gráfica general, con lo que se consigue una mejor experiencia de usuario.']",se ha atendido a cerca de 70.000 personas en consultas externas y de salud mental,se ha atendido a cerca de 70.000 personas en consultas externas y de salud mental,1.0,0.5,1.0
¿Qué implicaciones tiene que 4 millones de nuevos clientes hayan confiado en ellos?,"['En 2016, 4 millones de nuevos clientes han confiado en nosotros, con lo que la cifra total de clientes del Banco es ya de 125 millones.', 'Los clientes digitales aumentaron en el año 2017 un 10%, hasta los 4,4 millones de clientes, como resultado de nuestro firme compromiso con la transformación digital.', 'En este sentido, me gustaría enfatizar que nuestro retorno más inmediato se produce hacia los 37 millones de clientes que confían en nosotros, porque una aseguradora más eficaz siempre ofrece mejores productos y servicios.', 'La compañía ha ido ganando volumen merced a un modelo de negocio único en su sector, que le ha permitido aumentar su rentabilidad pese a los ciclos económicos adversos y ganarse la confianza del mercado.', 'Gracias a esta intervención, se ha atendido a cerca de 70.000 personas en consultas externas y de salud mental.']",la cifra total de clientes del Banco es ya de 125 millones,la cifra total de clientes del Banco es ya de 125 millones,0.75,1.0,1.0
¿Por qué el número de consejeros independientes debe representar al menos un tercio del total?,"['El número de consejeros independientes debe representar al menos un tercio del total, ya que hay un accionista que controla más del 30 % del capital social.', 'También podrá proponerse la separación de consejeros independientes como consecuencia de ofertas públicas de adquisición, fusiones u otras operaciones corporativas similares que supongan un cambio en la estructura de capital de la sociedad, cuando tales cambios en la estructura del consejo de administración vengan propiciados por el criterio de proporcionalidad señalado en la recomendación 16.', 'No quiero extenderme mucho en esto porque la consejera delegada lo explica con detalle en este mismo informe, pero sí quiero poner énfasis en la calidad de los resultados.', 'En lo que respecta al cargo de Consejero Independiente Senior, sus funciones las desempeñaba anteriormente el Vicepresidente y estaban incluidas en su remuneración (una asignación anual de 350.000 €). Dado que el nuevo Consejero Independiente Senior no es Vicepresidente, la asignación adicional por desempeñar las funciones de Consejero Independiente Senior se ha reducido a 30.000 €.', 'El Consejo de Administración a 31 de diciembre 2016, se compone de 13 miembros, ya que después de celebrada la Junta General se produjo la dimisión de dos Consejeros dominicales, éstas bajas están pendientes de cubrir a finales de diciembre.']",hay un accionista que controla más del 30 % del capital social,hay un accionista que controla más del 30 % del capital social,0.75,1.0,1.0
¿A qué se debe que tengan como objetivo ser la aerolínea líder en precio y servicio a través del Atlántico Norte?,"['Nuestro objetivo es ser la aerolínea líder en precio y servicio a través del Atlántico Norte gracias a una red de corto radio rentable y sostenible. Nuestra estrategia tiene como pilares fundamentales una marca y un servicio sólidos y enfocados en el cliente, una red con atractivas conexiones y una base de costes competitiva y resiliente. Creemos que Aer Lingus está bien posicionada para seguir creciendo exitosamente aprovechando las ventajas de formar parte del Grupo IAG y para alcanzar nuestros objetivos.', 'Gracias a la introducción de tecnologías innovadoras y el desarrollo de nuevas soluciones y procesos de negocio, buscamos convertirnos en un Grupo más efectivo, eficiente y orientado al cliente.', 'Los equipos han seguido trabajando en la homogeneización de la flota en tres ámbitos: configuración de la cabina, sistemas de aviónica y equipamiento para casos de emergencia. La homogeneización se ha extendido a todas las nuevas aeronaves, incluidos los nuevos Airbus A320neo y los Airbus A350. El objetivo del programa sigue siendo reducir los gastos de explotación gracias a la simplificación de la flota y a inversiones en inmovilizado ágiles y flexibles.', 'Santander quiere proporcionar a sus clientes una experiencia de servicio excelente y, por ello, durante este año ha puesto en marcha nuevas iniciativas que pretenden mejorar los procesos desde la visión del cliente incorporando los beneficios que supone la transformación digital.', 'Destacan operaciones como la financiación en la compra del 20% de Gas Natural por Global Infrastructure Partners y el asesoramiento y financiación al consorcio entre Vinci, ADP y Astaldi para la construcción de la nueva terminal internacional del de Chile. En el mercado de capitales de deuda, Santander se posiciona como líder en el ranking latinoamericano, ya que ha estado presente en las principales operaciones de la región.']",a una red de corto radio rentable y sostenible,a una red de corto radio rentable y sostenible,1.0,0.4,0.75
¿Qué consecuencia ha tenido el suceso pasado?,"['El Grupo tiene una obligación presente (ya sea legal o implícita) como resultado de un suceso pasado.', 'El impacto no fue duradero, ya que en los meses siguientes se redujo la volatilidad, la renta variable se recuperó y bajó la aversión al riesgo.', 'Como consecuencia de las conclusiones que ofreció este informe, se han identificado los puntos significativos y las mejoras que deben abordarse en los próximos años.', 'En vista de estas difíciles circunstancias, creo que el nuevo equipo directivo de Vueling ha hecho un fantástico trabajo. Se han enfrentado a estos retos, han sido honestos acerca de los problemas que les afectaban y no se desentendieron de los errores que se cometieron a nivel interno. El nuevo equipo ha restablecido el desempeño operativo de la aerolínea, ha potenciado la resiliencia de la red.', 'Nuestra evolución en los últimos años y nuestras fortalezas nos permiten acelerar nuestra transformación']",El Grupo tiene una obligación presente (ya sea legal o implícita),El Grupo tiene una obligación presente (ya sea legal o implícita),1.0,0.6666666666666666,1.0
"¿Qué implica el hecho de que todas las unidades y empleados deban conocer y entender los riesgos en que incurren en su actividad diaria y ser responsables de su identificación, valoración, gestión y reporte?","['Esta cultura de riesgos se define a través de cinco principios que han de formar parte de la gestión del día a día de todos los empleados del Grupo: Responsabilidad, porque todas las unidades y empleados (con independencia de la función que desempeñen) deben conocer y entender los riesgos en que incurren en su actividad diaria y ser responsables de su identificación, valoración, gestión y reporte', 'El riesgo operacional es inherente a todos los productos, actividades, procesos y sistemas, y se genera en todas las áreas de negocio y de soporte, siendo por esta razón, responsabilidad de todos los empleados la gestión y control de los riesgos generados en su ámbito de actuación.', 'Todos los empleados de Gestamp tienen la obligación de conocer, comprender y aplicar el Código. Por ello, en el plan de bienvenida de los nuevos empleados se incluye un curso de formación específico obligatorio.', 'En los últimos ejercicios el Grupo ha desarrollado e implantado las mejoras estructurales y operativas necesarias para reforzar y consolidar la visión integral de los riesgos, basada en información completa, precisa y recurrente, permitiéndole a la alta dirección valorar y decidir en consecuencia.', 'Y también han de ser flexibles, porque la gestión de riesgos tiene que adaptarse rápidamente a nuevos entornos y escenarios imprevistos.']",Esta cultura de riesgos se define a través de cinco principios que han de formar parte de la gestión del día a día de todos los empleados del Grupo: Responsabilidad,Responsabilidad,0.25,0.5,1.0
¿Por qué la red física seguirá teniendo un papel central?,"['En los segmentos más altos la relación humana y el asesoramiento seguirán siendo una parte troncal de nuestra propuesta de valor, por lo que la red física seguirá teniendo un papel central, pero dedicará más tiempo a la venta, a la captación y al asesoramiento y mucho menos a las tareas operativas.', 'Vivimos una parte cada vez más importante de nuestra vida a través de la conectividad y los servicios digitales, por eso, sabemos que la responsabilidad que asumimos en este ámbito condiciona el éxito a futuro. Así lo ven también nuestros grupos de interés, en particular inversores y analistas, que consideran que la seguridad y la privacidad es una de las temáticas más importantes en nuestro compromiso hacia el cliente (ver capítulo Materialidad).', 'Hoy en día somos lo que somos, gracias a la confianza que la empresa tuvo en nosotros y destacaría dos razonamientos claros: primero, que somos una radio comercial donde tenemos que hacer buena radio para ser un buen soporte publicitario y segundo que es fundamental saber que por motivos de cobertura somos segundos, pero no podemos pensar en ser segundones"".', 'A pesar de que ha sido un año complicado para el sector, hemos conseguido resultados estables y resilientes. IAG Cargo cuenta con un modelo muy consolidado y seguiremos ofreciendo nuevas ventajas a nuestros clientes y accionista gracias a nuestras inversiones constantes en todas las áreas del negocio, en forma de mejoras de las infraestructuras, ampliaciones de la red, nuevas alianzas y avances tecnológicos. Mantenemos la confianza en nuestra estrategia en 2017 y en el futuro.', 'Los cambios también han afectado a la distribución que debe adaptarse a los nuevos gustos. Aparecen nuevas opciones frente a la distribución tradicional como la compra por internet (super on line) donde el crecimiento es muy relevante y las posiciones de los principales actores en muchas ocasiones es distinta a la que tiene la distribución tradicional. Como resultado, hemos asistido a operaciones de fusión/concentración en algunos mercados relevantes.']",En los segmentos más altos la relación humana y el asesoramiento seguirán siendo una parte troncal de nuestra propuesta de valor,En los segmentos más altos la relación humana y el asesoramiento seguirán siendo una parte troncal de nuestra propuesta de valor,1.0,1.0,1.0
¿Por qué Rafael Naranjo Olmedo dejó su cargo el día 21 de abril de 2014?,"['Igualmente la Junta General de Accionistas acordó a propuesta del Consejo de Administración y, previa propuesta de la Comisión de Nombramientos y Retribuciones, ratificar y nombrar Consejeros por un plazo de cuatro años, tal y como se recoge en los Estatutos Sociales a las siguientes personas: Rafael Miranda Robredo, que fue nombrado Consejero Externo Independiente por cooptación, y Presidente de Acerinox, el día 23 de abril de 2014 en sustitución del anterior Presidente Rafael Naranjo Olmedo, que dejo el cargo el día 21 de abril de 2014 por motivos de salud.', 'Al margen de nuestra apuesta por Asia, seguimos focalizando nuestra inversión en otros mercados con fuerte potencial de crecimiento, como es el caso de México. En 2014, hemos desarrollado cuatro nuevos greenfields que revertirán en nuevos incrementos de los márgenes a futuro gracias al fuerte dinamismo de la demanda doméstica y al tirón de las exportaciones a Estados Unidos. Hoy, el mercado de NAFTA, supera ya el 20% de nuestras ventas.', 'La cifra de negocio disminuyó un 14,0% hasta los 401,3 millones de euros, debido a una severa bajada del mercado local y a las fluctuaciones adversas de tipo de cambio tanto en Brasil como en Argentina.', 'En 2014 ha continuado la caída en ventas como consecuencia de la situación general económica y en particular del sector de la construcción.', 'El total del alcance 1 y 2, foco principal de las emisiones de la entidad y que representan el 64% de su huella total, han experimentado un descenso del 1% gracias a las diferentes medidas de eficiencia energética que se han ido implantando durante 2014, como el cambio de luminarias a LED, las mejoras en domótica y climatización y la renovación del parque de equipos informáticos más ecoeficientes, entre otras.']",motivos de salud,motivos de salud,0.75,1.0,1.0
¿Qué ha provocado la situación general económica y en particular del sector de la construcción?,"['En 2014 ha continuado la caída en ventas como consecuencia de la situación general económica y en particular del sector de la construcción.', 'En 2017 las ventas han aumentado un 4,3% como consecuencia de una ligera recuperación de la situación general económica y también del sector de la construcción.', 'En 2017 continuó mejorando el mercado de la vivienda y la situación financiera de los hogares gracias al buen cuadro macroeconómico y en particular a la evolución del empleo.', 'Es cierto que se ha registrado una desaceleración de la actividad en la segunda parte de 2015 respecto a lo observado en el primer semestre debido a la ralentización de la demanda mundial, el agotamiento de algunos factores cíclicos y el aumento de la incertidumbre, en parte ligada al ciclo electoral español, pero las previsiones indican que se alcanzará un incremento del PIB de alrededor de un 2,7% para 2016.', 'La vinculación del sector del seguro con el entorno macroeconómico resulta indudable. En este sentido, la economía mundial mejoró en los últimos meses del 2016 gracias a la recuperación de economías avanzadas como las de Estados Unidos, Europa y China, marcando una tendencia de aceleración que se prevé continúe durante el 2017. En conjunto, la economía global creció un 3,1%, cifra inferior a la del 2015, pero superior a la prevista a principios de año.']",En 2014 ha continuado la caída en ventas,En 2014 ha continuado la caída en ventas,0.75,0.0,1.0
¿Qué consecuencia tuvo la intervención del BCe en los mercados?,"['Como consecuencia de la intervención del BCe en los mercados, la excepcionalidad en el área euro es tal que los tipos de interés negativos de la deuda pública se han convertido en habituales.', 'Como consecuencia de los compromisos adquiridos en el Plan de Recapitalización, la actividad de la entidad en los mercados financieros se mantuvo reducida.', 'El impacto no fue duradero, ya que en los meses siguientes se redujo la volatilidad, la renta variable se recuperó y bajó la aversión al riesgo.', 'La industria financiera se ha referido a esta última fase como Basilea IV, debido al elevado impacto que podría representar para algunas jurisdicciones.', 'En los tres últimos años, la Compañía ha logrado unos sólidos resultados financieros que han hecho que el BPA ajustado de 2016 alcance los 90,2 céntimos de euro. En consecuencia, los derechos asignados en 2014 bajo el plan de acciones por desempeño, se consolidarán en 2016 en su nivel máximo en lo que respecta al parámetro de BPA. El precio de la acción registró un fuerte crecimiento en los dos primeros años y medio de los tres que integran el período de desempeño, aunque sufrió una importante caída tras el resultado del referéndum sobre la UE celebrado en el Reino Unido.']",la excepcionalidad en el área euro es tal que los tipos de interés negativos de la deuda pública se han convertido en habituales,la excepcionalidad en el área euro es tal que los tipos de interés negativos de la deuda pública se han convertido en habituales,1.0,1.0,1.0
¿Qué ha provocado la recuperación del empleo?,"['La plantilla aumentó un 2,6% dado que se han puesto en marcha nuevas líneas y que ha aumentado la producción.', 'Estados Unidos, por su parte, experimentó cierta ralentización en su crecimiento, con un incremento anual del PIB del 1,6%, pero con un satisfactorio cuadro macroeconómico: prácticamente pleno empleo, inflación controlada, incremento del número de asalariados con mejoras en los salarios medios y un índice de confianza de los consumidores positivo gracias al impulso fiscal anunciado por el nuevo presidente.', 'En 2017 continuó mejorando el mercado de la vivienda y la situación financiera de los hogares gracias al buen cuadro macroeconómico y en particular a la evolución del empleo.', 'La vinculación del sector del seguro con el entorno macroeconómico resulta indudable. En este sentido, la economía mundial mejoró en los últimos meses del 2016 gracias a la recuperación de economías avanzadas como las de Estados Unidos, Europa y China, marcando una tendencia de aceleración que se prevé continúe durante el 2017. En conjunto, la economía global creció un 3,1%, cifra inferior a la del 2015, pero superior a la prevista a principios de año.', 'Gracias a la colaboración con Inditex, en 2017 se han consolidado 32 proyectos de economía social, 1.139 personas han mejorado su empleabilidad, 849 de ellas han recibido formación y 460 además han encontrado un empleo.']",En 2017 continuó mejorando el mercado de la vivienda y la situación financiera de los hogares,un freno a la recuperación de la inversión,0.25,1.0,1.0
¿Qué ha supuesto el estudio?,"['Gracias a nuestro estudio Things Matter, que está centrado en el uso que las personas hacen de las cosas conectadas, podemos visualizar claramente qué aspectos de nuestra sociedad están experimentando, en mayor o menor medida, el impacto de Internet de las Cosas.', 'Como consecuencia de las conclusiones que ofreció este informe, se han identificado los puntos significativos y las mejoras que deben abordarse en los próximos años.', 'Además, se ha procedido a revisar el estado actual de las instalaciones obteniendo como resultado unas propuestas de mejora de ahorro y eficiencia energética.', 'Llevará a cabo actividades que aporten valor y ayuden a reforzar la relación personal con determinados clientes, por lo que será una oficina evolucionada que permitirá al Banco testar un nuevo modelo de atención y servicio.', 'En vista de estas difíciles circunstancias, creo que el nuevo equipo directivo de Vueling ha hecho un fantástico trabajo. Se han enfrentado a estos retos, han sido honestos acerca de los problemas que les afectaban y no se desentendieron de los errores que se cometieron a nivel interno. El nuevo equipo ha restablecido el desempeño operativo de la aerolínea, ha potenciado la resiliencia de la red.']","podemos visualizar claramente qué aspectos de nuestra sociedad están experimentando, en mayor o menor medida, el impacto de Internet de las Cosas","se han incluido 35 nuevos indicadores clave de riesgo (KRI), se han modificado 26 KRI existentes, y se han eliminado 18 KRI",0.25,1.0,1.0
"¿Por qué para el sector del automóvil a nivel global, 2015 tampoco ha sido un ejercicio  positivo?","['Para el sector del automóvil a nivel global, 2015 tampoco ha sido un ejercicio  positivo, ya que la producción mundial de vehículos ligeros creció por debajo del 2%.  En el pasado año, el comportamiento de los mercados en Norteamérica y Europa fue positivo, pero no fue así en importantes mercados emergentes como Brasil y Rusia  que acumulan ya varios años de caídas. El mercado chino, verdadero motor del sector  de automoción en los últimos años, tuvo un comportamiento mucho más plano en 2015, aunque un buen dato del último trimestre compensó los malos datos del verano.', 'Es cierto que se ha registrado una desaceleración de la actividad en la segunda parte de 2015 respecto a lo observado en el primer semestre debido a la ralentización de la demanda mundial, el agotamiento de algunos factores cíclicos y el aumento de la incertidumbre, en parte ligada al ciclo electoral español, pero las previsiones indican que se alcanzará un incremento del PIB de alrededor de un 2,7% para 2016.', 'Al cierre del ejercicio 2014, la actividad en las autopistas del Grupo presenta una evolución positiva, gracias a los incrementos registrados en los principales países en los que opera, incluyendo España –donde hay claras señales de recuperación de la actividad económica– y Francia –país caracterizado por un cierto estancamiento en el crecimiento en el ejercicio anterior–.', 'La vinculación del sector del seguro con el entorno macroeconómico resulta indudable. En este sentido, la economía mundial mejoró en los últimos meses del 2016 gracias a la recuperación de economías avanzadas como las de Estados Unidos, Europa y China, marcando una tendencia de aceleración que se prevé continúe durante el 2017. En conjunto, la economía global creció un 3,1%, cifra inferior a la del 2015, pero superior a la prevista a principios de año.', 'En 2014 ha continuado la caída en ventas como consecuencia de la situación general económica y en particular del sector de la construcción.']",la producción mundial de vehículos ligeros creció por debajo del 2%.,la producción mundial de vehículos ligeros creció por debajo del 2%,1.0,0.5,1.0
¿Por qué se felicita a los más de 200.000 empleados del Grupo Santander?,"['Quiero felicitar a los más de 200.000 profesionales que trabajan en el Grupo Santander, puesto que los logros alcanzados en 2017 no hubieran sido posibles sin la aportación de cada uno de ellos. tenemos el objetivo de consolidarnos como el mejor banco comercial para nuestros empleados, clientes, accionistas y la sociedad.', 'Santander es uno de los bancos más rentables y eficientes gracias al talento y trabajo de nuestros equipos, que han conseguido unos resultados excelentes, haciendo las cosas de manera más sencilla, personal y justa.', 'En este sentido, me gustaría enfatizar que nuestro retorno más inmediato se produce hacia los 37 millones de clientes que confían en nosotros, porque una aseguradora más eficaz siempre ofrece mejores productos y servicios.', 'Santander quiere proporcionar a sus clientes una experiencia de servicio excelente y, por ello, durante este año ha puesto en marcha nuevas iniciativas que pretenden mejorar los procesos desde la visión del cliente incorporando los beneficios que supone la transformación digital.', 'Gracias a la contribución de todos nuestros empleados, Inditex ha logrado unos resultados especialmente positivos en los ejercicios 2015 y 2016, que han permitido repartir más de 79 millones de euros entre más de 84.000 personas en 50 países.']",los logros alcanzados en 2017 no hubieran sido posibles sin la aportación de cada uno de ellos,los logros alcanzados en 2017 no hubieran sido posibles sin la aportación de cada uno de ellos,1.0,1.0,1.0
¿Qué se ha adoptado como como resultado del concurso de selección?,"['Esta decisión se adoptó en línea con las recomendaciones de gobierno corporativo en materia de rotación del auditor externo, a propuesta de la comisión de auditoría y como resultado de un concurso de selección desarrollado con plena transparencia.', 'Como consecuencia de las conclusiones que ofreció este informe, se han identificado los puntos significativos y las mejoras que deben abordarse en los próximos años.', 'El resultado obtenido ha sido positivo, ya que la mejora en los sistemas de gestión ha repercutido en las condiciones laborales de sus trabajadores.  Programa SCORE Este programa de la OIT, que ya estaba en marcha en dos fábricas chinas, se ha implantado en dos fábricas de Turquía.', 'Nuevas reglas que aceptamos de buen grado pues son iguales para todos y Bankinter tiene plena capacidad para cumplir con ellas como el que más.', 'Gran parte de las líneas están en proceso de ejecución, dado que muchos de los objetivos propuestos se han trazado a 2015.']",se han identificado los puntos significativos y las mejoras que deben abordarse en los próximos años,"Esta decisión se adoptó en línea con las recomendaciones de gobierno corporativo en materia de rotación del auditor externo, a propuesta de la comisión de auditoría",0.0,1.0,1.0
¿A qué se debió que el beneficio antes de impuestos fuera de 31 millones de euros?,"['El beneficio antes de impuestos en 2015 fue de 31 millones de euros, gracias a la muy escasa morosidad (un 1%, diez veces menos que el promedio del sector), un balance equilibrado y un nivel de gastos de estructura muy bajo.', 'Como resultado de los puntos mencionados anteriormente, el Grupo ha obtenido un beneficio después de impuestos de 17.526 miles de euros.', 'El resultado antes de impuestos, que refleja mejor la evolución del negocio, crece un 8% gracias al aumento de volúmenes, la buena gestión de márgenes y el control de costes.', 'La aplicación de la NIC29 tiene un impacto positivo en el ebitda de 10 millones de euros.', 'Estas ventas han supuesto un ingreso de 2.412 millones de euros en el ejercicio 2016, un 16,4% inferior al del ejercicio 2015 como consecuencia de la caída en las unidades físicas vendidas y del menor precio medio de venta.']","a la muy escasa morosidad (un 1%, diez veces menos que el promedio del sector), un balance equilibrado y un nivel de gastos de estructura muy bajo","a la muy escasa morosidad (un 1%, diez veces menos que el promedio del sector), un balance equilibrado y un nivel de gastos de estructura muy bajo",1.0,1.0,1.0
¿Qué ha dado como resultado lo acordado en la Junta General de Accionistas 2016?,"['Las cuentas del ejercicio 2017 han sido auditadas por Price Waterhouse Cooper, en virtud de lo acordado por la Junta General de Accionistas 2016 y en aras de la rotación de los auditores.', 'Esta operación es positiva para los accionistas, ya que se estima que mejora el beneficio por acción (BPA) desde 2016.', 'Dado que son de obligado cumplimiento para nuestra cadena de suministro, en 2016 hemos trabajado con 160 proveedores directos para aportar soluciones sostenibles alternativas a estas sustancias no deseadas.', 'En los tres últimos años, la Compañía ha logrado unos sólidos resultados financieros que han hecho que el BPA ajustado de 2016 alcance los 90,2 céntimos de euro. En consecuencia, los derechos asignados en 2014 bajo el plan de acciones por desempeño, se consolidarán en 2016 en su nivel máximo en lo que respecta al parámetro de BPA. El precio de la acción registró un fuerte crecimiento en los dos primeros años y medio de los tres que integran el período de desempeño, aunque sufrió una importante caída tras el resultado del referéndum sobre la UE celebrado en el Reino Unido.', 'Gracias a los diversos esfuerzos que se realizaron durante 2016, hemos reducido nuestro consumo global de agua en un 4,4% con respecto a 2015.']","Dado que son de obligado cumplimiento para nuestra cadena de suministro, en 2016 hemos trabajado con 160 proveedores directos para aportar soluciones sostenibles alternativas a estas sustancias no deseadas",Las cuentas del ejercicio 2017 han sido auditadas por Price Waterhouse Cooper,0.0,0.75,1.0
¿Qué efecto tienen los programas de liderazgo y estrategia focalizados en la transformación digital?,"['En 2015 Universitas Telefónica, nuestra universidad corporativa, capacitó en su campus de Barcelona a 2.046 ejecutivos gracias a programas presenciales de liderazgo y estrategia focalizados en la transformación digital.', 'La transformación digital está impactada por los cambios en los hábitos de los consumidores, y por ello se ha iniciado un nuevo modelo de relación con los clientes, buscando nuevas formas de acercarse, allí donde ellos estén, para ser más convenientes. El objetivo ha sido mejorar la propuesta de valor y servicio del Grupo, asegurando la metodología y sistemática comercial, adaptándose a los diferentes segmentos y llevando la relación con el cliente donde más lo necesita en cada momento.', 'Santander quiere proporcionar a sus clientes una experiencia de servicio excelente y, por ello, durante este año ha puesto en marcha nuevas iniciativas que pretenden mejorar los procesos desde la visión del cliente incorporando los beneficios que supone la transformación digital.', 'Desde el pasado año, Grupo DIA viene desarrollando un ambicioso proyecto que supone la reingeniería y digitalización de los principales procesos del área comercial de la Compañía. Como resultado del proyecto, se están obteniendo beneficios, tales como la optimización y estandarización de procesos, digitalización completa de la información, trazabilidad de la misma y la reducción del time to market. La solución elegida para la digitalización de los procesos es la herramienta AuraPortal, uno de los software BPM (Business Process Management) líderes en el sector, que permite modelar, implementar y ejecutar procesos de forma automática.', 'Capacitación financiera gracias a las tecnologías digitales']","En 2015 Universitas Telefónica, nuestra universidad corporativa, capacitó en su campus de Barcelona a 2.046 ejecutivos","En 2015 Universitas Telefónica, nuestra universidad corporativa, capacitó en su campus de Barcelona a 2.046 ejecutivos",1.0,0.6666666666666666,1.0
¿Por qué el excesivo endeudamiento de las empresas es especialmente relevante?,"['Entre el conjunto de desequilibrios financieros acumulados por la economía española, el excesivo endeudamiento de las empresas tiene especial relevancia por cuanto supone un freno a la recuperación de la inversión y por consiguiente a la recuperación del empleo.', 'Este nivel de deuda pública representa un factor claro de vulnerabilidad financiera ante cambios en el sentimiento inversor, ya que implica unas necesidades de financiación elevadas del sector público y limita el margen de actuación de la política fiscal en un eventual escenario de desaceleración.', 'Atresmedia es consciente de la decisiva labor de las empresas para la consecución de estas importantes metas y, por ese motivo, apoya con sus políticas, iniciativas y capacidad de difusión, la consecución de aquellos ODS en los que la contribución de la Compañía puede ser mayor y de especial incidencia.', 'En este sentido ha hecho, junto con otros bancos, un llamamiento público a todas las entidades signatarias de los Principios de Ecuador para que apoyen la ampliación de esta exigencia.finanzas sosteniBles 2017 P.97 Finanzas sostenibles Los bancos juegan un papel crucial en la lucha contra el cambio climático gracias a su posición única para movilizar capital mediante inversiones, préstamos y funciones de asesoramiento.']",por cuanto supone un freno a la recuperación de la inversión y por consiguiente a la recuperación del empleo,supone un freno a la recuperación de la inversión,0.75,1.0,1.0
¿Qué impacto ha tenido la integración de todos nuestros canales de venta?,"['Como resultado de la integración de todos nuestros canales de venta, en Inditex hemos trabajado en desarrollos tecnológicos que permitan aportar nuevas posibilidades a las necesidades de nuestros clientes.', 'Gracias al modelo integrado de tiendas y online, nuestros clientes se relacionan con nuestras marcas en el momento, el lugar y el modo que sea más conveniente según sus necesidades.', 'LAS VENTAS crecieron debido a la incorporación de Oliveri (en 2013 sólo un mes) y Garofalo (desde el mes de junio). El impacto de los nuevos negocios es de 103 millones de euros. Ambas compañías son parte importante en la estrategia del Grupo y tienen un desarrollo específico para ampliar su distribución en mercados que entendemos complementarios.', 'Los cambios también han afectado a la distribución que debe adaptarse a los nuevos gustos. Aparecen nuevas opciones frente a la distribución tradicional como la compra por internet (super on line) donde el crecimiento es muy relevante y las posiciones de los principales actores en muchas ocasiones es distinta a la que tiene la distribución tradicional. Como resultado, hemos asistido a operaciones de fusión/concentración en algunos mercados relevantes.', 'La transformación digital está impactada por los cambios en los hábitos de los consumidores, y por ello se ha iniciado un nuevo modelo de relación con los clientes, buscando nuevas formas de acercarse, allí donde ellos estén, para ser más convenientes. El objetivo ha sido mejorar la propuesta de valor y servicio del Grupo, asegurando la metodología y sistemática comercial, adaptándose a los diferentes segmentos y llevando la relación con el cliente donde más lo necesita en cada momento.']",en Inditex hemos trabajado en desarrollos tecnológicos que permitan aportar nuevas posibilidades a las necesidades de nuestros clientes,en Inditex hemos trabajado en desarrollos tecnológicos que permitan aportar nuevas posibilidades a las necesidades de nuestros clientes,0.75,1.0,1.0
¿Qué implicaciones tiene la entrada en el accionariado de la compañía de logística de valores y gestión de efectivo sudafricana SBV Services?,"['De igual forma, entendemos que la innovación, la investigación y el desarrollo de nuevos servicios y productos son la única vía para afianzar nuestro liderazgo en el mercado internacional de la seguridad privada. Además, queremos seguir creciendo junto a nuestros clientes y a comienzos de 2016 anunciamos nuestra entrada en el accionariado de la compañía de logística de valores y gestión de efectivo sudafricana SBV Services, con lo que ya contamos con presencia en los cinco continentes. Nuestra llegada al continente africano es un paso adelante que nos llena de ilusión. Aportaremos toda nuestra experiencia y, al mismo tiempo, aprenderemos de sus mejores prácticas. Estamos seguros de que trabajando juntos ésta será una etapa de crecimiento y desarrollo junto a nuestros nuevos socios.', 'SBV Services es la compañía líder en logística de valores. Una posición que se ha ganado tras más de 30 años de bagaje en el mercado sudafricano. Además, cuenta con presencia en Nigeria, Namibia y Lesoto, por lo que la operación supone ampliar la presencia internacional de Prosegur a 21 países. Este hecho supone un aspecto clave para facilitar la consolidación y expansión de Prosegur en el continente.', 'En ellos se incluye la ampliación de capital con derecho de suscripción preferente por 1.607 millones de euros llevada a cabo en el mes de abril de 2015, como consecuencia de la adquisición de TSB (T16).', 'Como resultado de la operación, la participación actual de Acek Desarrollo y  Gestión Industrial, S.L. en la Sociedad Dominante asciende a un 89,25%.', 'Por último cabe señalar los menores niveles de deterioro del valor de los activos financieros con respecto a los del ejercicio previo, cuando se registraron dotaciones a saneamientos como consecuencia de las bajadas de rating de las compañías de oil & gas en Estados Unidos, sobre todo durante los tres primeros meses de ese año.rela Ción C on el Cliente 2017 P.69 Relación con el cliente experiencia de cliente El principal foco de atención de BBVA es satisfacer las necesidades de sus clientes y conectar con ellos de una manera más atractiva, combinando al mismo tiempo innovación, tecnología y experiencia.']",ya contamos con presencia en los cinco continentes,ya contamos con presencia en los cinco continentes,0.75,0.5,1.0
¿A qué se debe que el resultado financiero haya descendido con respecto al año anterior?,"['El resultado financiero ha contribuido con 62,3 millones de euros a la cuenta de resultados del Grupo. Respecto al año anterior el resultado financiero desciende un 26,5% debido al diferente impacto de los resultados no recurrentes (pérdida de 15,5 millones de euros en 2016 respecto a beneficios de 22,3 millones de euros en 2015).', 'El EBITDA ajustado descendió un 9,4% en 2017 hasta EUR568.6m, una caída del 8,9% a divisa constante. Este descenso tuvo su reflejo en una erosión de 65 puntos básicos en el margen EBITDA ajustado, que fue del 6,6% en el año como resultado de la política de precios implementada en España en la segunda mitad del año.', 'Este nivel es el inferior al del año pasado debido a la incorporación del perímetro de banca mayorista global.', 'El ebitda disminuye un 20,9% debido al impacto de una menor demanda y un efecto negativo de los tipos de cambio (–46 millones de euros).', 'Estas ventas han supuesto un ingreso de 2.412 millones de euros en el ejercicio 2016, un 16,4% inferior al del ejercicio 2015 como consecuencia de la caída en las unidades físicas vendidas y del menor precio medio de venta.']","al diferente impacto de los resultados no recurrentes (pérdida de 15,5 millones de euros en 2016 respecto a beneficios de 22,3 millones de euros en 2015)","al diferente impacto de los resultados no recurrentes (pérdida de 15,5 millones de euros en 2016 respecto a beneficios de 22,3 millones de euros en 2015)",1.0,0.75,1.0
¿Qué efecto se deriva de las  propuestas personalizadas tanto para los individuos como para las empresas?,"['Nuestra oferta integrada se compone de un amplio rango de productos y servicios que se anticipan y adaptan a las necesidades de nuestros clientes, gracias a propuestas personalizadas tanto para los individuos como para las empresas.', 'Esto redunda en una mejora de la autoestima, incrementando el orgullo de pertenencia a la empresa, y, por consiguiente, en la atracción y retención del talento.', 'La transformación digital está impactada por los cambios en los hábitos de los consumidores, y por ello se ha iniciado un nuevo modelo de relación con los clientes, buscando nuevas formas de acercarse, allí donde ellos estén, para ser más convenientes. El objetivo ha sido mejorar la propuesta de valor y servicio del Grupo, asegurando la metodología y sistemática comercial, adaptándose a los diferentes segmentos y llevando la relación con el cliente donde más lo necesita en cada momento.', 'Los estímulos gubernamentales parecen estar fomentando el crecimiento por medio tanto del consumo privado, que está redundando en una mejora de la confianza de los consumidores, como de la inversión, la cual está aumentando gracias a las facilidades de acceso al crédito impulsadas por el Fondo de Garantía del Crédito (CGF, por su siglas en inglés).', 'Llevará a cabo actividades que aporten valor y ayuden a reforzar la relación personal con determinados clientes, por lo que será una oficina evolucionada que permitirá al Banco testar un nuevo modelo de atención y servicio.']",Nuestra oferta integrada se compone de un amplio rango de productos y servicios que se anticipan y adaptan a las necesidades de nuestros clientes,Nuestra oferta integrada se compone de un amplio rango de productos y servicios que se anticipan y adaptan a las necesidades de nuestros clientes,1.0,1.0,1.0
¿Cuál es la causa que ha permitido organizar ofertas personalizadas y adaptadas a sus perfiles?,"['Nuestra oferta integrada se compone de un amplio rango de productos y servicios que se anticipan y adaptan a las necesidades de nuestros clientes, gracias a propuestas personalizadas tanto para los individuos como para las empresas.', 'La transformación digital está impactada por los cambios en los hábitos de los consumidores, y por ello se ha iniciado un nuevo modelo de relación con los clientes, buscando nuevas formas de acercarse, allí donde ellos estén, para ser más convenientes. El objetivo ha sido mejorar la propuesta de valor y servicio del Grupo, asegurando la metodología y sistemática comercial, adaptándose a los diferentes segmentos y llevando la relación con el cliente donde más lo necesita en cada momento.', 'Gracias al modelo integrado de tiendas y online, nuestros clientes se relacionan con nuestras marcas en el momento, el lugar y el modo que sea más conveniente según sus necesidades.', 'La compañía ha ido ganando volumen merced a un modelo de negocio único en su sector, que le ha permitido aumentar su rentabilidad pese a los ciclos económicos adversos y ganarse la confianza del mercado.', 'Estoy segura de que lo conseguiremos porque contamos con un equipo dispuesto a esforzarse al máximo para dar el mejor servicio a los clientes.']",propuestas personalizadas tanto para los individuos como para las empresas,"Grupo DIA mantiene desde hace 18 años una herramienta de fidelización que le permite conocer las necesidades, gustos y preferencias de sus clientes",0.25,0.3333333333333333,1.0
