user_input,retrieved_contexts,response,reference,nv_accuracy,faithfulness,nv_context_relevance
¿Que ha supuesto el compromiso de Atresmedia con la seguridad vial extendida a sus empleados?,"['Su reutilización no es posible pero sí su reciclaje, por lo que el 97% son reciclados por empresas especializadas.', 'Esta decisión se adoptó en línea con las recomendaciones de gobierno corporativo en materia de rotación del auditor externo, a propuesta de la comisión de auditoría y como resultado de un concurso de selección desarrollado con plena transparencia.', 'La baja contable de los activos de un plan puede producirse cuando estos activos son mayores que la obligación proyectada y el Grupo no puede recuperar ningún superávit a través de reembolsos del instrumento en que está materializado el compromiso de prestación definida como consecuencia de requisitos de solvencia y/o control.', 'Debt Valuation Adjustment (DVA): ajuste a la valoración similar al CVA, pero en este caso como consecuencia del riesgo propio del Grupo que asumen sus contrapartidas en los derivados OTC.', 'También podrá proponerse la separación de consejeros independientes como consecuencia de ofertas públicas de adquisición, fusiones u otras operaciones corporativas similares que supongan un cambio en la estructura de capital de la sociedad, cuando tales cambios en la estructura del consejo de administración vengan propiciados por el criterio de proporcionalidad señalado en la recomendación 16.']",el 97% son reciclados por empresas especializadas,"en 2017 se ha celebrado la segunda Semana de la Educación Vial, con el objetivo de formar y sensibilizar a la plantilla en esta materia",0.0,1.0,0.0
¿Por qué se buscan procesos más eficientes para lograr un entorno más sostenible?,"['Somos conscientes del impacto de nuestra actividad en la sociedad y, por ello, buscamos procesos más eficientes e innovadores, apoyándonos en las nuevas tecnologías, que nos permitan contribuir de forma positiva a lograr un entorno más sostenible.', '• Construir un Prosegur más ágil, rápido, consistente y homogéneo, gracias a la simplificación de procesos y estructuras que redunden en una mejor toma de decisiones', 'El Grupo ACS considera prioritaria la eficiencia del consumo de recursos y la reducción de la generación de residuos, ya que una estrategia efectiva en estos aspectos implica beneficios en una doble vertiente. Por un lado, se reduce el impacto ambiental sobre el entorno y, por otro, se reduce el gasto necesario para la compra o tratamiento de los mismos.', 'Este sistema supone un importante avance en el impacto medioambiental ya que los sistemas de purificación propuestos eliminan impurezas, productos químicos e imperfecciones sin perjudicar la calidad del agua consumible por el cliente, reduciendo además espacio de almacenaje, costes económicos y tiempo por la gestión logística del producto.', 'Gracias a la introducción de tecnologías innovadoras y el desarrollo de nuevas soluciones y procesos de negocio, buscamos convertirnos en un Grupo más efectivo, eficiente y orientado al cliente.']",Somos conscientes del impacto de nuestra actividad en la sociedad,Somos conscientes del impacto de nuestra actividad en la sociedad,0.75,1.0,1.0
¿Cuál es la consecuencia de la adquisición?,"['Su reutilización no es posible pero sí su reciclaje, por lo que el 97% son reciclados por empresas especializadas.', 'Esta decisión se adoptó en línea con las recomendaciones de gobierno corporativo en materia de rotación del auditor externo, a propuesta de la comisión de auditoría y como resultado de un concurso de selección desarrollado con plena transparencia.', 'La baja contable de los activos de un plan puede producirse cuando estos activos son mayores que la obligación proyectada y el Grupo no puede recuperar ningún superávit a través de reembolsos del instrumento en que está materializado el compromiso de prestación definida como consecuencia de requisitos de solvencia y/o control.', 'Debt Valuation Adjustment (DVA): ajuste a la valoración similar al CVA, pero en este caso como consecuencia del riesgo propio del Grupo que asumen sus contrapartidas en los derivados OTC.', 'También podrá proponerse la separación de consejeros independientes como consecuencia de ofertas públicas de adquisición, fusiones u otras operaciones corporativas similares que supongan un cambio en la estructura de capital de la sociedad, cuando tales cambios en la estructura del consejo de administración vengan propiciados por el criterio de proporcionalidad señalado en la recomendación 16.']","También podrá proponerse la separación de consejeros independientes como consecuencia de ofertas públicas de adquisición, fusiones u otras operaciones corporativas similares que supongan un cambio en la estructura de capital de la sociedad, cuando tales cambios en la estructura del consejo de administración vengan propiciados por el criterio de proporcionalidad señalado en la recomendación 16","Vidrala incrementará su notoriedad en el mercado de envases de vidrio europeo, aportando tamaño, diversificación y futuro a una base de negocio de solidez demostrada",0.0,0.5714285714285714,0.0
¿Qué efecto produce la existencia de transacciones relevantes en moneda extranjera?,"['Su reutilización no es posible pero sí su reciclaje, por lo que el 97% son reciclados por empresas especializadas.', 'Esta decisión se adoptó en línea con las recomendaciones de gobierno corporativo en materia de rotación del auditor externo, a propuesta de la comisión de auditoría y como resultado de un concurso de selección desarrollado con plena transparencia.', 'La baja contable de los activos de un plan puede producirse cuando estos activos son mayores que la obligación proyectada y el Grupo no puede recuperar ningún superávit a través de reembolsos del instrumento en que está materializado el compromiso de prestación definida como consecuencia de requisitos de solvencia y/o control.', 'Debt Valuation Adjustment (DVA): ajuste a la valoración similar al CVA, pero en este caso como consecuencia del riesgo propio del Grupo que asumen sus contrapartidas en los derivados OTC.', 'También podrá proponerse la separación de consejeros independientes como consecuencia de ofertas públicas de adquisición, fusiones u otras operaciones corporativas similares que supongan un cambio en la estructura de capital de la sociedad, cuando tales cambios en la estructura del consejo de administración vengan propiciados por el criterio de proporcionalidad señalado en la recomendación 16.']",el 97% son reciclados por empresas especializadas,el Grupo aplica la contabilidad de coberturas al objeto de mitigar la volatilidad que se produciría en la cuenta de pérdidas y ganancias consolidada ,0.0,0.75,0.0
"¿Por qué lo más destacable entre las bolsas europeas fue el positivo comportamiento de la bolsa británica?, ya que el índice Footsie 100 mostró una subida sustancial en la segunda mitad del año, una vez conocido el resultado del referéndum donde se acordó su salida de la Unión Europea","['Sin embargo, lo más destacable entre las bolsas europeas fue el positivo comportamiento de la bolsa británica, ya que el índice Footsie 100 mostró una subida sustancial en la segunda mitad del año, una vez conocido el resultado del referéndum donde se acordó su salida de la Unión Europea.', 'En los tres últimos años, la Compañía ha logrado unos sólidos resultados financieros que han hecho que el BPA ajustado de 2016 alcance los 90,2 céntimos de euro. En consecuencia, los derechos asignados en 2014 bajo el plan de acciones por desempeño, se consolidarán en 2016 en su nivel máximo en lo que respecta al parámetro de BPA. El precio de la acción registró un fuerte crecimiento en los dos primeros años y medio de los tres que integran el período de desempeño, aunque sufrió una importante caída tras el resultado del referéndum sobre la UE celebrado en el Reino Unido.', 'Europa ha tenido una primera mitad del año con fuerte incremento del consumo aparente, debido al incremento en la utilización por parte de los clientes finales pero también debido a la recuperación de stocks en la cadena de suministro.', 'Como consecuencia de las conclusiones que ofreció este informe, se han identificado los puntos significativos y las mejoras que deben abordarse en los próximos años.', 'Es cierto que se ha registrado una desaceleración de la actividad en la segunda parte de 2015 respecto a lo observado en el primer semestre debido a la ralentización de la demanda mundial, el agotamiento de algunos factores cíclicos y el aumento de la incertidumbre, en parte ligada al ciclo electoral español, pero las previsiones indican que se alcanzará un incremento del PIB de alrededor de un 2,7% para 2016.']","Es cierto que se ha registrado una desaceleración de la actividad en la segunda parte de 2015 respecto a lo observado en el primer semestre debido a la ralentización de la demanda mundial, el agotamiento de algunos factores cíclicos y el aumento de la incertidumbre, en parte ligada al ciclo electoral español, pero las previsiones indican que se alcanzará un incremento del PIB de alrededor de un 2,7% para 2016","el índice Footsie 100 mostró una subida sustancial en la segunda mitad del año, una vez conocido el resultado del referéndum donde se acordó su salida de la Unión Europea",0.0,1.0,1.0
¿Por qué se dan crecimientos generalizados por unidades?,"['Por unidades, crecimientos generalizados, ya que nueve de la diez principales unidades suben, y seis de ellas lo hacen a doble dígito.', 'Desde la fusión, sigue creciendo todos los meses respecto al mismo mes del año anterior, con lo que encadena, a cierre del Ejercicio 2014, 27 meses de crecimiento ininterrumpido.', 'Importante crecimiento de los ROF (+15,9% interanual), gracias al muy buen desempeño de la Unidad de Global Markets, fundamentalmente durante la primera parte del ejercicio.', 'En un entorno de crecimiento económico tanto a nivel nacional como global – el PIB de España repuntó un 3,1% en 2017 en tasa interanual y el de la economía mundial un 3,7%- hemos sabido avanzar de forma firme pero no podemos olvidar que las incertidumbres del entorno pueden afectar a cualquier compañía de dimensión internacional y por ello, es importante contar con una relativa diversificación de la actividad.', 'Un crecimiento que hemos alcanzado sin realizar ampliaciones de capital y gracias a una política prudente de distribución del dividendo.']","nueve de la diez principales unidades suben, y seis de ellas lo hacen a doble dígito","nueve de la diez principales unidades suben, y seis de ellas lo hacen a doble dígito",1.0,1.0,1.0
Con la revisión del estado actual de las instalaciones ¿qué se ha conseguido?,"['Además, se ha procedido a revisar el estado actual de las instalaciones obteniendo como resultado unas propuestas de mejora de ahorro y eficiencia energética.', 'Como consecuencia de las conclusiones que ofreció este informe, se han identificado los puntos significativos y las mejoras que deben abordarse en los próximos años.', 'Gran parte de las líneas están en proceso de ejecución, dado que muchos de los objetivos propuestos se han trazado a 2015.', 'Gracias a estas y otras mejoras, las incidencias en todas las plataformas se han reducido en un 61% con respecto al año anterior.', 'Nuestra evolución en los últimos años y nuestras fortalezas nos permiten acelerar nuestra transformación']",se ha procedido a revisar el estado actual de las instalaciones obteniendo como resultado unas propuestas de mejora de ahorro y eficiencia energética,unas propuestas de mejora de ahorro y eficiencia energética,0.75,1.0,1.0
¿Qué implica el hecho de que esta nueva revolución esté creando también nuevos desafíos sociales y de sostenibilidad? ,"['Esta nueva revolución está creando también nuevos desafíos sociales y de sostenibilidad, por lo que debemos estar preparados para hacerles frente.', 'Nuestra evolución en los últimos años y nuestras fortalezas nos permiten acelerar nuestra transformación', 'Somos conscientes del impacto de nuestra actividad en la sociedad y, por ello, buscamos procesos más eficientes e innovadores, apoyándonos en las nuevas tecnologías, que nos permitan contribuir de forma positiva a lograr un entorno más sostenible.', 'La revolución digital, y sus implicaciones en términos de cambio de los procesos productivos, está llegando cada vez a un mayor número de sectores. Por ello, Dominion ofrece hoy soluciones y servicios a empresas en un amplio abanico de sectores y es previsible que este número se incremente en el futuro próximo.', 'Simultáneamente, hemos comenzado a trabajar en la cuarta edición, que supondrá una importante ampliación del alcance del programa, ya que también abarcará cuestiones adicionales de sostenibilidad ambiental.']",debemos estar preparados para hacerles frente,debemos estar preparados para hacerles frente,1.0,1.0,1.0
¿A qué se debe que hayan participado personas con discapacidad?,"['Participando personas con discapacidad gracias a una beca David Feduchy.', 'El evento fue posible gracias a la colaboración de Atresmedia y una de las principales distribuidoras con las que trabaja, Warner Bros.', 'Con motivo de la celebración del octavo centenario de la Universidad de Salamanca, la Fundación ACS y dicha Universidad firmaron, el día 27 de octubre de 2017, un Convenio de Colaboración para la mejora de la accesibilidad en el Edificio Histórico de la Universidad (Escuelas Mayores) y en el Colegio Mayor Fonseca.', 'Personas a las que quiero hacer llegar desde aquí mi más sincero agradecimiento, pues su contribución y compromiso han sido, y son, piedra angular para la consecución de nuestros objetivos y para nuestro futuro.', 'Gracias a esta intervención, se ha atendido a cerca de 70.000 personas en consultas externas y de salud mental.']",a una beca David Feduchy,a una beca David Feduchy,1.0,1.0,1.0
¿En qué se han traducido los compromisos adquiridos en el Plan de Recapitalization?,"['Su reutilización no es posible pero sí su reciclaje, por lo que el 97% son reciclados por empresas especializadas.', 'Esta decisión se adoptó en línea con las recomendaciones de gobierno corporativo en materia de rotación del auditor externo, a propuesta de la comisión de auditoría y como resultado de un concurso de selección desarrollado con plena transparencia.', 'La baja contable de los activos de un plan puede producirse cuando estos activos son mayores que la obligación proyectada y el Grupo no puede recuperar ningún superávit a través de reembolsos del instrumento en que está materializado el compromiso de prestación definida como consecuencia de requisitos de solvencia y/o control.', 'Debt Valuation Adjustment (DVA): ajuste a la valoración similar al CVA, pero en este caso como consecuencia del riesgo propio del Grupo que asumen sus contrapartidas en los derivados OTC.', 'También podrá proponerse la separación de consejeros independientes como consecuencia de ofertas públicas de adquisición, fusiones u otras operaciones corporativas similares que supongan un cambio en la estructura de capital de la sociedad, cuando tales cambios en la estructura del consejo de administración vengan propiciados por el criterio de proporcionalidad señalado en la recomendación 16.']",el 97% son reciclados por empresas especializadas,la actividad de la entidad en los mercados financieros se mantuvo reducida,0.0,0.6666666666666666,0.0
¿Por qué considera prioritario el Grupo ACS hacer eficiente el consumo de recursos y reducir la generación de residuos?,"['El Grupo ACS considera prioritaria la eficiencia del consumo de recursos y la reducción de la generación de residuos, ya que una estrategia efectiva en estos aspectos implica beneficios en una doble vertiente. Por un lado, se reduce el impacto ambiental sobre el entorno y, por otro, se reduce el gasto necesario para la compra o tratamiento de los mismos.', 'Gracias a la introducción de tecnologías innovadoras y el desarrollo de nuevas soluciones y procesos de negocio, buscamos convertirnos en un Grupo más efectivo, eficiente y orientado al cliente.', 'Somos conscientes del impacto de nuestra actividad en la sociedad y, por ello, buscamos procesos más eficientes e innovadores, apoyándonos en las nuevas tecnologías, que nos permitan contribuir de forma positiva a lograr un entorno más sostenible.', 'Lingotes Especiales apuesta decididamente por la Economía Circular ya que esta permite diseñar productos sin desechos que faciliten su desmontaje y su reutilización y convertir residuos en recursos, incorporándolos de nuevo al ciclo de la economía productiva y reduciendo, a la vez, el impacto ambiental de los procesos.', 'Nuestro objetivo es ser la aerolínea líder en precio y servicio a través del Atlántico Norte gracias a una red de corto radio rentable y sostenible. Nuestra estrategia tiene como pilares fundamentales una marca y un servicio sólidos y enfocados en el cliente, una red con atractivas conexiones y una base de costes competitiva y resiliente. Creemos que Aer Lingus está bien posicionada para seguir creciendo exitosamente aprovechando las ventajas de formar parte del Grupo IAG y para alcanzar nuestros objetivos.']","se reduce el impacto ambiental sobre el entorno y, por otro, se reduce el gasto necesario para la compra o tratamiento de los mismos",una estrategia efectiva en estos aspectos implica beneficios en una doble vertiente,0.75,1.0,1.0
¿Por qué supone una ventaja competitiva la firma de más de un centenar de acuerdos estratégicos en 2015?,"['La firma de más de un centenar de acuerdos estratégicos en 2015 supone una ventaja competitiva, ya que asegura unos niveles de competitividad en la adquisición de productos y servicios y garantiza el desarrollo de proyectos de innovación en materiales y procesos, que redundará en beneficio tanto de CIE Automotive como de sus proveedores y clientes a medio plazo. No obstante, estos acuerdos pueden suponer también un riesgo para la compañía, tal y como se muestra en el Top 15.', 'Gran parte de las líneas están en proceso de ejecución, dado que muchos de los objetivos propuestos se han trazado a 2015.', 'Operamos en una industria global y altamente competitiva por lo que no sólo debemos adaptarnos de forma continuada a los requisitos de nuestros clientes sino que consideramos el I+D una oportunidad de ventaja competitiva.', '2014 ha sido el primer año de la ejecución del Plan Estratégico a cinco años, un ejercicio en el que la Compañía ha vivido una profunda transformación gracias a la puesta en marcha de las iniciativas del Plan y sus positivos resultados.', 'Operamos en una industria global y altamente competitiva por lo que no sólo debemos adaptarnos de forma continuada a los requisitos de nuestros clientes sino que consideramos el desarrollo conjunto una oportunidad de ventaja competitiva.']","asegura unos niveles de competitividad en la adquisición de productos y servicios y garantiza el desarrollo de proyectos de innovación en materiales y procesos, que redundará en beneficio tanto de CIE Automotive como de sus proveedores y clientes a medio plazo","asegura unos niveles de competitividad en la adquisición de productos y servicios y garantiza el desarrollo de proyectos de innovación en materiales y procesos, que redundará en beneficio tanto de CIE Automotive como de sus proveedores y clientes a medio plazo",1.0,0.6,1.0
¿Qué se consigue con el análisis y marcado de todas las sesiones con un valor de confianza?,"['Su reutilización no es posible pero sí su reciclaje, por lo que el 97% son reciclados por empresas especializadas.', 'Esta decisión se adoptó en línea con las recomendaciones de gobierno corporativo en materia de rotación del auditor externo, a propuesta de la comisión de auditoría y como resultado de un concurso de selección desarrollado con plena transparencia.', 'Debt Valuation Adjustment (DVA): ajuste a la valoración similar al CVA, pero en este caso como consecuencia del riesgo propio del Grupo que asumen sus contrapartidas en los derivados OTC.', 'Ofrece a los usuarios una imagen tridimensional del objeto que se inspecciona, con lo que se ofrece una visión clara acerca del alcance y naturaleza de los posibles defectos.', 'Llevamos años siendo cada vez más y más eficientes, por eso también cada vez es más difícil mejorar.']",se ofrece una visión clara acerca del alcance y naturaleza de los posibles defectos,Este procedimiento monitoriza en tiempo real operaciones de movimientos de fondos ordenadas desde las webs puestas al servicio del cliente,0.25,1.0,0.0
¿A qué se debe que Santander muestre gran resistencia ante el stress test de la EBA?,"['En el stress test de la EBA: Santander muestra una gran resistencia debido a su modelo de banca comercial y a su diversificación geográfica. En el escenario adverso, Santander es el banco que menos capital destruye entre los competidores', 'Quiero felicitar a los más de 200.000 profesionales que trabajan en el Grupo Santander, puesto que los logros alcanzados en 2017 no hubieran sido posibles sin la aportación de cada uno de ellos. tenemos el objetivo de consolidarnos como el mejor banco comercial para nuestros empleados, clientes, accionistas y la sociedad.', 'Santander es uno de los bancos más rentables y eficientes gracias al talento y trabajo de nuestros equipos, que han conseguido unos resultados excelentes, haciendo las cosas de manera más sencilla, personal y justa.', 'Santander quiere proporcionar a sus clientes una experiencia de servicio excelente y, por ello, durante este año ha puesto en marcha nuevas iniciativas que pretenden mejorar los procesos desde la visión del cliente incorporando los beneficios que supone la transformación digital.', 'La morosidad y el coste de crédito permanecen en niveles moderados gracias a las políticas de admisión de nueva producción más estrictas en SC USA, y el buen comportamiento en las carteras de particulares y empresas en Santander Bank.']",a su modelo de banca comercial y a su diversificación geográfica,a su modelo de banca comercial y a su diversificación geográfica,1.0,1.0,1.0
¿Qué consecuencia han tenido las medidas de eficiencia y ahorro de agua?,"['Su reutilización no es posible pero sí su reciclaje, por lo que el 97% son reciclados por empresas especializadas.', 'Esta decisión se adoptó en línea con las recomendaciones de gobierno corporativo en materia de rotación del auditor externo, a propuesta de la comisión de auditoría y como resultado de un concurso de selección desarrollado con plena transparencia.', 'La baja contable de los activos de un plan puede producirse cuando estos activos son mayores que la obligación proyectada y el Grupo no puede recuperar ningún superávit a través de reembolsos del instrumento en que está materializado el compromiso de prestación definida como consecuencia de requisitos de solvencia y/o control.', 'Debt Valuation Adjustment (DVA): ajuste a la valoración similar al CVA, pero en este caso como consecuencia del riesgo propio del Grupo que asumen sus contrapartidas en los derivados OTC.', 'También podrá proponerse la separación de consejeros independientes como consecuencia de ofertas públicas de adquisición, fusiones u otras operaciones corporativas similares que supongan un cambio en la estructura de capital de la sociedad, cuando tales cambios en la estructura del consejo de administración vengan propiciados por el criterio de proporcionalidad señalado en la recomendación 16.']",el 97% son reciclados por empresas especializadas,Este año hemos podido seguir con nuestra tendencia descendente del consumo de agua relativo por prenda en un 1%,0.0,0.6666666666666666,0.0
"¿Qué ha permitido que no solo se encuentren hoy en una mejor posición para conseguir este objetivo, sino que puedan hacerlo escuchando mejor las aportaciones de los pacientes, los médicos y la comunidad científica?","['Además de las acciones que llevamos a cabo con nuestros interlocutores, los pacientes y la comunidad sanitaria, 2015 nos sirvió para reorientar toda nuestra organización al objetivo de ofrecer soluciones innovadoras para los pacientes en Dermatología a través de nuestro know-how acumulado y nuestra competencia técnica en este campo. Gracias a una amplia gama de acciones internas y externas, no solo nos encontramos hoy en una mejor posición para conseguir este objetivo, sino que podemos hacerlo escuchando mejor las aportaciones de los pacientes, los médicos y la comunidad científica.', 'Personas a las que quiero hacer llegar desde aquí mi más sincero agradecimiento, pues su contribución y compromiso han sido, y son, piedra angular para la consecución de nuestros objetivos y para nuestro futuro.', 'Creemos firmemente que estamos bien preparados para afrontar este reto y marcar la diferencia. Entre otros motivos, porque gestionamos el ciclo de vida completo de los medicamentos, desde la formulación hasta la adherencia, lo que nos sitúa en una posición excelente para diseñar medicamentos que funcionan, ayudan y se adaptan a las necesidades de los pacientes.', 'Nuestra evolución en los últimos años y nuestras fortalezas nos permiten acelerar nuestra transformación', 'Gracias a esta intervención, se ha atendido a cerca de 70.000 personas en consultas externas y de salud mental.']",una amplia gama de acciones internas y externas,una amplia gama de acciones internas y externas,1.0,0.5,1.0
¿Qué efecto tienen para el Banco los objetivos alcanzados en 2017?,"['Su reutilización no es posible pero sí su reciclaje, por lo que el 97% son reciclados por empresas especializadas.', 'Esta decisión se adoptó en línea con las recomendaciones de gobierno corporativo en materia de rotación del auditor externo, a propuesta de la comisión de auditoría y como resultado de un concurso de selección desarrollado con plena transparencia.', 'La baja contable de los activos de un plan puede producirse cuando estos activos son mayores que la obligación proyectada y el Grupo no puede recuperar ningún superávit a través de reembolsos del instrumento en que está materializado el compromiso de prestación definida como consecuencia de requisitos de solvencia y/o control.', 'Debt Valuation Adjustment (DVA): ajuste a la valoración similar al CVA, pero en este caso como consecuencia del riesgo propio del Grupo que asumen sus contrapartidas en los derivados OTC.', 'También podrá proponerse la separación de consejeros independientes como consecuencia de ofertas públicas de adquisición, fusiones u otras operaciones corporativas similares que supongan un cambio en la estructura de capital de la sociedad, cuando tales cambios en la estructura del consejo de administración vengan propiciados por el criterio de proporcionalidad señalado en la recomendación 16.']",el 97% son reciclados por empresas especializadas,se sitúa en una posición sólida para encarar el Plan Director 2018-2020,0.0,0.5,0.0
Gracias a qué medida aplica Dominion su know how en diversos campos de actividad y zonas geográficas con una filosofía plug and play para promover el cross-selling y la capacidad de adaptación? ,"['Manteniendo su experiencia tecnológica y la inteligencia de los procesos a nivel central, Dominion aplica su know how en diversos campos de actividad y zonas geográficas con una filosofía plug and play para promover el cross-selling y la capacidad de adaptación gracias a la reducción de su dependencia de cualquier cliente o negocio individual.', 'La revolución digital, y sus implicaciones en términos de cambio de los procesos productivos, está llegando cada vez a un mayor número de sectores. Por ello, Dominion ofrece hoy soluciones y servicios a empresas en un amplio abanico de sectores y es previsible que este número se incremente en el futuro próximo.', 'Operamos en una industria global y altamente competitiva por lo que no sólo debemos adaptarnos de forma continuada a los requisitos de nuestros clientes sino que consideramos el I+D una oportunidad de ventaja competitiva.', 'Operamos en una industria global y altamente competitiva por lo que no sólo debemos adaptarnos de forma continuada a los requisitos de nuestros clientes sino que consideramos el desarrollo conjunto una oportunidad de ventaja competitiva.', 'Durante muchas generaciones hemos aplicado nuestro conocimiento y experiencia para innovar y reinventar la manera de hacer banca, manteniendo las fortalezas que nos han acompañado siempre. Estoy convencida de que lograremos el éxito porque:  nuestro crecimiento, rentabilidad y fortaleza de balance demuestran que nuestra estrategia está funcionando;  nuestro tamaño, diversificación y predictibilidad nos aportan una base sólida para innovar;  nuestra cultura —nuestro foco constante en ser un banco responsable— reforzará la confianza de las personas en nuestra marca.']",a la reducción de su dependencia de cualquier cliente o negocio individual,a la reducción de su dependencia de cualquier cliente o negocio individual,1.0,1.0,1.0
¿Qué efectos ha tenido la actividad de Gestamp?,"['Su reutilización no es posible pero sí su reciclaje, por lo que el 97% son reciclados por empresas especializadas.', 'Esta decisión se adoptó en línea con las recomendaciones de gobierno corporativo en materia de rotación del auditor externo, a propuesta de la comisión de auditoría y como resultado de un concurso de selección desarrollado con plena transparencia.', 'La baja contable de los activos de un plan puede producirse cuando estos activos son mayores que la obligación proyectada y el Grupo no puede recuperar ningún superávit a través de reembolsos del instrumento en que está materializado el compromiso de prestación definida como consecuencia de requisitos de solvencia y/o control.', 'Debt Valuation Adjustment (DVA): ajuste a la valoración similar al CVA, pero en este caso como consecuencia del riesgo propio del Grupo que asumen sus contrapartidas en los derivados OTC.', 'También podrá proponerse la separación de consejeros independientes como consecuencia de ofertas públicas de adquisición, fusiones u otras operaciones corporativas similares que supongan un cambio en la estructura de capital de la sociedad, cuando tales cambios en la estructura del consejo de administración vengan propiciados por el criterio de proporcionalidad señalado en la recomendación 16.']",el 97% son reciclados por empresas especializadas,los flujos económicos indirectos e inducidos que se producen,0.0,1.0,0.0
"Santander es uno de los bancos más rentables y eficiente, ¿gracias a qué?","['Gracias a la introducción de tecnologías innovadoras y el desarrollo de nuevas soluciones y procesos de negocio, buscamos convertirnos en un Grupo más efectivo, eficiente y orientado al cliente.', 'Durante muchas generaciones hemos aplicado nuestro conocimiento y experiencia para innovar y reinventar la manera de hacer banca, manteniendo las fortalezas que nos han acompañado siempre. Estoy convencida de que lograremos el éxito porque:  nuestro crecimiento, rentabilidad y fortaleza de balance demuestran que nuestra estrategia está funcionando;  nuestro tamaño, diversificación y predictibilidad nos aportan una base sólida para innovar;  nuestra cultura —nuestro foco constante en ser un banco responsable— reforzará la confianza de las personas en nuestra marca.', 'Operamos en una industria global y altamente competitiva por lo que no sólo debemos adaptarnos de forma continuada a los requisitos de nuestros clientes sino que consideramos el I+D una oportunidad de ventaja competitiva.', 'Operamos en una industria global y altamente competitiva por lo que no sólo debemos adaptarnos de forma continuada a los requisitos de nuestros clientes sino que consideramos el desarrollo conjunto una oportunidad de ventaja competitiva.', 'Y también han de ser flexibles, porque la gestión de riesgos tiene que adaptarse rápidamente a nuevos entornos y escenarios imprevistos.']","a la introducción de tecnologías innovadoras y el desarrollo de nuevas soluciones y procesos de negocio, buscamos convertirnos en un Grupo más efectivo, eficiente y orientado al cliente","al talento y trabajo de nuestros equipos, que han conseguido unos resultados excelentes, haciendo las cosas de manera más sencilla, personal y justa",0.0,0.8333333333333334,1.0
"La caída en las unidades físicas vendidas y el menor precio medio de venta, ¿qué han propiciado?","['Estas ventas han supuesto un ingreso de 2.412 millones de euros en el ejercicio 2016, un 16,4% inferior al del ejercicio 2015 como consecuencia de la caída en las unidades físicas vendidas y del menor precio medio de venta.', 'En 2014 ha continuado la caída en ventas como consecuencia de la situación general económica y en particular del sector de la construcción.', 'Estas ventas han supuesto un ingreso de 2.885 millones de euros en el ejercicio 2015, un 5,3% menor al del ejercicio 2014 ya que la caída en las ventas físicas como consecuencia de la reducción en el número de clientes a precio regulado (–9,5%) y el incremento del coste de la energía no se ha visto compensada por el incremento del precio medio de venta.', 'Las ventas netas aumentaron un 25,7% en moneda local, pero descendieron un 1,5% en euros hasta los 3.122 millones debido a la depreciación de las divisas registradas en el año (-4,8% real brasileño, -37,4% peso argentino y -5,2% yuan chino)', 'Este nivel es el inferior al del año pasado debido a la incorporación del perímetro de banca mayorista global.']","Estas ventas han supuesto un ingreso de 2.412 millones de euros en el ejercicio 2016, un 16,4% inferior al del ejercicio 2015","Estas ventas han supuesto un ingreso de 2.412 millones de euros en el ejercicio 2016, un 16,4% inferior al del ejercicio 2015",1.0,1.0,1.0
¿Cuál ha sido el resultado del firme compromiso con la transformación digital?,"['Su reutilización no es posible pero sí su reciclaje, por lo que el 97% son reciclados por empresas especializadas.', 'Esta decisión se adoptó en línea con las recomendaciones de gobierno corporativo en materia de rotación del auditor externo, a propuesta de la comisión de auditoría y como resultado de un concurso de selección desarrollado con plena transparencia.', 'La baja contable de los activos de un plan puede producirse cuando estos activos son mayores que la obligación proyectada y el Grupo no puede recuperar ningún superávit a través de reembolsos del instrumento en que está materializado el compromiso de prestación definida como consecuencia de requisitos de solvencia y/o control.', 'Debt Valuation Adjustment (DVA): ajuste a la valoración similar al CVA, pero en este caso como consecuencia del riesgo propio del Grupo que asumen sus contrapartidas en los derivados OTC.', 'También podrá proponerse la separación de consejeros independientes como consecuencia de ofertas públicas de adquisición, fusiones u otras operaciones corporativas similares que supongan un cambio en la estructura de capital de la sociedad, cuando tales cambios en la estructura del consejo de administración vengan propiciados por el criterio de proporcionalidad señalado en la recomendación 16.']",el 97% son reciclados por empresas especializadas,"Los clientes digitales aumentaron en el año 2017 un 10%, hasta los 4,4 millones de clientes",0.0,0.5,0.0
¿A raíz de qué subió ligeramente el consumo total de electricidad y gasóleo en 2015?,"['Sin embargo el consumo total de electricidad y de gasóleo ha subido ligeramente en 2015 como consecuencia del incremento del número de coberturas y de la producción de programas especiales informativos derivados de la actualidad y especialmente de las elecciones Municipales, Autonómicas y Generales celebradas en 2015.', 'A pesar de los esfuerzos, este año el consumo energético fue superior al de 2015 debido a una mayor producción.', 'En diciembre de 2015, la inflación interanual se situó próxima a cero (0,2%), debido a los bajos precios de la energía y de los alimentos, mientras que la inflación, excluidos la energía y los alimentos, repuntó hasta el 1,4%.', 'Estas ventas han supuesto un ingreso de 2.885 millones de euros en el ejercicio 2015, un 5,3% menor al del ejercicio 2014 ya que la caída en las ventas físicas como consecuencia de la reducción en el número de clientes a precio regulado (–9,5%) y el incremento del coste de la energía no se ha visto compensada por el incremento del precio medio de venta.', 'Gracias a los diversos esfuerzos que se realizaron durante 2016, hemos reducido nuestro consumo global de agua en un 4,4% con respecto a 2015.']","del incremento del número de coberturas y de la producción de programas especiales informativos derivados de la actualidad y especialmente de las elecciones Municipales, Autonómicas y Generales celebradas en 2015","del incremento del número de coberturas y de la producción de programas especiales informativos derivados de la actualidad y especialmente de las elecciones Municipales, Autonómicas y Generales celebradas en 2015",1.0,,1.0
"¿Por qué los derechos asignados en 2014 bajo el plan de acciones por desempeño, se consolidarán en 2016 en su nivel máximo en lo que respecta al parámetro de BPA?","['En los tres últimos años, la Compañía ha logrado unos sólidos resultados financieros que han hecho que el BPA ajustado de 2016 alcance los 90,2 céntimos de euro. En consecuencia, los derechos asignados en 2014 bajo el plan de acciones por desempeño, se consolidarán en 2016 en su nivel máximo en lo que respecta al parámetro de BPA. El precio de la acción registró un fuerte crecimiento en los dos primeros años y medio de los tres que integran el período de desempeño, aunque sufrió una importante caída tras el resultado del referéndum sobre la UE celebrado en el Reino Unido.', 'Esta operación es positiva para los accionistas, ya que se estima que mejora el beneficio por acción (BPA) desde 2016.', 'En ellos se incluye la ampliación de capital con derecho de suscripción preferente por 1.607 millones de euros llevada a cabo en el mes de abril de 2015, como consecuencia de la adquisición de TSB (T16).', 'Gran parte de las líneas están en proceso de ejecución, dado que muchos de los objetivos propuestos se han trazado a 2015.', 'Como consecuencia de los objetivos alcanzados en 2017, el Banco se sitúa en una posición sólida para encarar el Plan Director 2018-2020.']","En los tres últimos años, la Compañía ha logrado unos sólidos resultados financieros que han hecho que el BPA ajustado de 2016 alcance los 90,2 céntimos de euro","En los tres últimos años, la Compañía ha logrado unos sólidos resultados financieros que han hecho que el BPA ajustado de 2016 alcance los 90,2 céntimos de euro",0.75,1.0,1.0
¿Por qué razón Lingotes Especiales apuesta decididamente por la Economía Circular? ,"['Lingotes Especiales apuesta decididamente por la Economía Circular ya que esta permite diseñar productos sin desechos que faciliten su desmontaje y su reutilización y convertir residuos en recursos, incorporándolos de nuevo al ciclo de la economía productiva y reduciendo, a la vez, el impacto ambiental de los procesos.', 'La gestión de residuos desempeña un papel fundamental en la economía circular, ya que determina la manera en que se pone en práctica la jerarquía de residuos de la UE.', 'El Grupo ACS considera prioritaria la eficiencia del consumo de recursos y la reducción de la generación de residuos, ya que una estrategia efectiva en estos aspectos implica beneficios en una doble vertiente. Por un lado, se reduce el impacto ambiental sobre el entorno y, por otro, se reduce el gasto necesario para la compra o tratamiento de los mismos.', 'Somos conscientes del impacto de nuestra actividad en la sociedad y, por ello, buscamos procesos más eficientes e innovadores, apoyándonos en las nuevas tecnologías, que nos permitan contribuir de forma positiva a lograr un entorno más sostenible.', 'La compañía ha ido ganando volumen merced a un modelo de negocio único en su sector, que le ha permitido aumentar su rentabilidad pese a los ciclos económicos adversos y ganarse la confianza del mercado.']","permite diseñar productos sin desechos que faciliten su desmontaje y su reutilización y convertir residuos en recursos, incorporándolos de nuevo al ciclo de la economía productiva y reduciendo, a la vez, el impacto ambiental de los procesos","esta permite diseñar productos sin desechos que faciliten su desmontaje y su reutilización y convertir residuos en recursos, incorporándolos de nuevo al ciclo de la economía productiva y reduciendo, a la vez, el impacto ambiental de los procesos",0.75,1.0,1.0
"¿Qué implicó que el mínimo de cierre de 15,57 euros por acción se registrara el 5 de enero?","['Su reutilización no es posible pero sí su reciclaje, por lo que el 97% son reciclados por empresas especializadas.', 'Esta decisión se adoptó en línea con las recomendaciones de gobierno corporativo en materia de rotación del auditor externo, a propuesta de la comisión de auditoría y como resultado de un concurso de selección desarrollado con plena transparencia.', 'La baja contable de los activos de un plan puede producirse cuando estos activos son mayores que la obligación proyectada y el Grupo no puede recuperar ningún superávit a través de reembolsos del instrumento en que está materializado el compromiso de prestación definida como consecuencia de requisitos de solvencia y/o control.', 'Debt Valuation Adjustment (DVA): ajuste a la valoración similar al CVA, pero en este caso como consecuencia del riesgo propio del Grupo que asumen sus contrapartidas en los derivados OTC.', 'También podrá proponerse la separación de consejeros independientes como consecuencia de ofertas públicas de adquisición, fusiones u otras operaciones corporativas similares que supongan un cambio en la estructura de capital de la sociedad, cuando tales cambios en la estructura del consejo de administración vengan propiciados por el criterio de proporcionalidad señalado en la recomendación 16.']",el 97% son reciclados por empresas especializadas,"el valor cotizó en todo momento por encima de los 13,5 euros por acción al que se entregaron las acciones de la OPV que la Compañía llevó a cabo en noviembre de 2014",0.0,0.3333333333333333,0.0
¿Cuál es la consecuencia del Laudo dictado por la Corte Internacional de Arbitraje de París el día 9 de agosto de 2010?,"['Su reutilización no es posible pero sí su reciclaje, por lo que el 97% son reciclados por empresas especializadas.', 'Esta decisión se adoptó en línea con las recomendaciones de gobierno corporativo en materia de rotación del auditor externo, a propuesta de la comisión de auditoría y como resultado de un concurso de selección desarrollado con plena transparencia.', 'La baja contable de los activos de un plan puede producirse cuando estos activos son mayores que la obligación proyectada y el Grupo no puede recuperar ningún superávit a través de reembolsos del instrumento en que está materializado el compromiso de prestación definida como consecuencia de requisitos de solvencia y/o control.', 'Debt Valuation Adjustment (DVA): ajuste a la valoración similar al CVA, pero en este caso como consecuencia del riesgo propio del Grupo que asumen sus contrapartidas en los derivados OTC.', 'También podrá proponerse la separación de consejeros independientes como consecuencia de ofertas públicas de adquisición, fusiones u otras operaciones corporativas similares que supongan un cambio en la estructura de capital de la sociedad, cuando tales cambios en la estructura del consejo de administración vengan propiciados por el criterio de proporcionalidad señalado en la recomendación 16.']",el 97% son reciclados por empresas especializadas,Se reconoce como coste del sistema el desvío correspondiente a la retribución del gas natural destinado al mercado a tarifa procedente del contrato de Argelia y suministrado a través del gasoducto del Magreb,0.0,0.0,0.0
¿Por qué la metodología utilizada para la realización de la auditoría es la misma al margen de quién las realice y de la puntuación obtenida por el proveedor o la fábrica?,"['La metodología utilizada para la realización de la auditoría es la misma al margen de quién las realice y de la puntuación obtenida por el proveedor o la fábrica, ya que en Inditex contamos con una metodología de auditoría social propia.', 'Como se ha señalado, esta fase de implantación es otra de las posibles fuentes de riesgo de modelo, por lo que es requisito indispensable que se realicen pruebas por parte de los equipos técnicos y los propietarios del modelo, certificando que se ha implementado de acuerdo a la definición metodológica y funciona de acuerdo a lo esperado.', 'Los tipos de residuos generados en cada fábrica no coinciden al 100%, por ello se han reducido a un grupo homogéneo para su comparación.', 'La homologación de proveedores es imprescindible para todas las empresas que deseen contratar con MAPFRE, ya que garantiza la capacidad técnica, financiera y de calidad para cumplir con los compromisos que suscriben.', 'La Comisión de Auditoría analizará anualmente la vigencia del mapa de Riesgos de la Compañía y procederá a incorporar, modificar o descartar los riesgos que, en su caso, sea necesario debido a cambios en los objetivos estratégicos, estructura organizativa, normativa vigente, etc.']",en Inditex contamos con una metodología de auditoría social propia,en Inditex contamos con una metodología de auditoría social propia,0.75,0.5,1.0
¿Por qué el desarrollo de un disco de freno para una versión deportiva supone una apuesta por el saber hacer de la compañía?,"['Durante 2017 hemos seguido desarrollando, para un importante fabricante, un disco de freno para una versión deportiva de próxima generación. Este trabajo supone una apuesta por nuestro saber hacer ya que, además de la producción, somos responsables del diseño y de los test de validación del citado disco.', 'La compañía ha ido ganando volumen merced a un modelo de negocio único en su sector, que le ha permitido aumentar su rentabilidad pese a los ciclos económicos adversos y ganarse la confianza del mercado.', 'Estoy segura de que lo conseguiremos porque contamos con un equipo dispuesto a esforzarse al máximo para dar el mejor servicio a los clientes.', 'Con una plantilla superior a las 60 personas, y una facturación anual cercana a los 10 millones de euros, ha experimentado un importante crecimiento durante los últimos años gracias a la apuesta realizada por modernizar sus instalaciones, métodos y procesos productivos.  Crecimiento significativo en negocios relacionados con el diseño y construcción de sistemas de transporte llave en mano para operar y, cuando los clientes así lo requieran, realizar su mantenimiento Uoperación, en solitario o en alianza, incluyendo inversión de capital según el caso.  Continuación del esfuerzo inversor en desarrollo tecnológico, tanto en lo referido a tecnologías como a productos de alto valor añadido, comercializables a nivel de componente, subsistema o material destinado a proveer a los clientes en todas nuestras ramas de actividad (material rodante, señalización, energía, gestión de datos, inspecciones, etc.).', 'En vista de estas difíciles circunstancias, creo que el nuevo equipo directivo de Vueling ha hecho un fantástico trabajo. Se han enfrentado a estos retos, han sido honestos acerca de los problemas que les afectaban y no se desentendieron de los errores que se cometieron a nivel interno. El nuevo equipo ha restablecido el desempeño operativo de la aerolínea, ha potenciado la resiliencia de la red.']","además de la producción, somos responsables del diseño y de los test de validación del citado disco","además de la producción, somos responsables del diseño y de los test de validación del citado disco",1.0,,1.0
¿Cuál es la causa de que surja esta diferencia negativa de consolidación? ,"['A-2) Diferencia negativa de consolidación La incorporación al perímetro de consolidación de la Sociedad Hispania Fides, S.L. ha supuesto una diferencia negativa de consolidación, que se recoge en la cuenta de pérdidas y ganancias del Grupo. Esta diferencia negativa de consolidación surge fundamentalmente como consecuencia de la diferencia entre los activos netos aportados a valor de mercado y la contraprestación pagada por el 90% del capital de Hispania Fides, S.L.', '- Deuda financiera: debido al importe de la financiación externa (Nota 20), un cambio en los tipos de interés a la fecha de cierre no afectaría significativamente a los resultados consolidados.', 'Radica en la posibilidad de que el fondo no cubra estos compromisos en el periodo de devengo de la prestación y la rentabilidad obtenida por la cartera no sea suficiente y obligue al Grupo a incrementar el nivel de aportaciones. Riesgo actuarial: pérdidas inesperadas producidas como consecuencia de un incremento en los compromisos con los tomadores del seguro, así como las pérdidas derivadas de un incremento no previsto en los gastos. 217 "" D.2.2.', 'Debido a posibles interpretaciones que pueden hacerse de la normativa fiscal aplicable a algunas operaciones realizadas en el sector bancario, podrían existir determinados pasivos por impuestos de carácter contingente. Sin embargo, la posibilidad de que se materialicen estos pasivos es remota y, en cualquier caso, la deuda tributaria que de ellos pudiera derivarse no afectaría significativamente a las presentes Cuentas anuales consolidadas.', 'El Grupo se acogió a la exención contemplada en la NIIF 1 ""Adopción por primera vez de las NIIF"" relativa a diferencias de conversión acumuladas, por lo que aquellas diferencias de conversión reconocidas en las cuentas anuales consolidadas que se hubieran generado con anterioridad al 1 de enero de 2004 se muestran en cuentas de reservas.']","la diferencia entre los activos netos aportados a valor de mercado y la contraprestación pagada por el 90% del capital de Hispania Fides, S.L.","la diferencia entre los activos netos aportados a valor de mercado y la contraprestación pagada por el 90% del capital de Hispania Fides, S.L.",1.0,0.5,1.0
¿Por qué el Consejo de Administración se compone de 13 miembros?,"['El Consejo de Administración a 31 de diciembre 2016, se compone de 13 miembros, ya que después de celebrada la Junta General se produjo la dimisión de dos Consejeros dominicales, éstas bajas están pendientes de cubrir a finales de diciembre.', 'El Consejo de Administración es el órgano responsable del establecimiento de las directrices generales sobre la distribución organizativa de las funciones de gestión y control de riesgos así como de determinar las principales líneas estratégicas al respecto. Por ello, es el órgano responsable de aprobar el marco estratégico de riesgos (desarrollado en colaboración entre el consejero delegado, director de riesgos y director financiero) y de asegurar que éste es consistente con los objetivos estratégicos de la entidad a corto y largo plazo, así como con el plan de negocio, la planificación de capital, la capacidad de riesgo y los programas de compensación.', 'El número de consejeros independientes debe representar al menos un tercio del total, ya que hay un accionista que controla más del 30 % del capital social.', 'También podrá proponerse la separación de consejeros independientes como consecuencia de ofertas públicas de adquisición, fusiones u otras operaciones corporativas similares que supongan un cambio en la estructura de capital de la sociedad, cuando tales cambios en la estructura del consejo de administración vengan propiciados por el criterio de proporcionalidad señalado en la recomendación 16.', 'La política de gestión de personal llevada a cabo por la compañía permite obtener un alto nivel de conocimiento y contacto con la plantilla gracias a una estructura descentralizada que comprende responsables de Recursos Humanos en todas las sociedades más importantes del Grupo y la implementación de políticas propias para cada una de ellas que incluyen no solo políticas generales para regular la relación empresa/trabajador, sino también directivas específicas de Salud y Seguridad en el Trabajo, Formación y Educación, Diversidad e Igualdad de Oportunidades e Igual Remuneración entre Hombres y Mujeres. Por otro lado, aquellas filiales que disponen de una estructura de personal pequeña (eminentemente sociedades comerciales con menos de 10 empleados) se rigen eminentemente por la legislación laboral del país en el que desarrollan su actividad.']","después de celebrada la Junta General se produjo la dimisión de dos Consejeros dominicales, éstas bajas están pendientes de cubrir a finales de diciembre","después de celebrada la Junta General se produjo la dimisión de dos Consejeros dominicales, éstas bajas están pendientes de cubrir a finales de diciembre",0.75,1.0,1.0
¿Por qué pueden afirmar que están en la mejor de las posiciones para llegar al consumidor multipantalla?,"['En la variable de las audiencias televisivas, que marcan la pauta a los anunciantes para realizar sus inversiones, Mediaset España ha sido el grupo audiovisual líder con el dato más alto de su historia, un 30,7% de share.Telecinco ha sido por tercer año consecutivo la cadena más vista con su mejor dato de los últimos cuatro años, Cuatro ha cerrado el año también con su mejor dato anual desde esa misma fecha y los temáticos han vuelto a crecer, siendo Factoría de Ficción el canal de nicho más visto de 2014 y el resto -Divinity, Energy y Boingliderando en sus respectivos targets objetivos. Respecto a nuestra presencia en internet y redes sociales, podemos afirmar que estamos en la mejor de las posiciones para llegar al consumidor multipantalla, porque la interactividad y la transversalidad de nuestros contenidos televisivos nos colocan en una posición incontestable, como el grupo audiovisual con mayor tráfico en internet con un promedio mensual de 10 millones de usuarios únicos y 54,1 millones de comentarios en las redes sociales en 2014.', 'Estoy segura de que lo conseguiremos porque contamos con un equipo dispuesto a esforzarse al máximo para dar el mejor servicio a los clientes.', 'También se ha mejorado la interfaz gráfica general, con lo que se consigue una mejor experiencia de usuario.', 'Esta operación es positiva para los accionistas, ya que se estima que mejora el beneficio por acción (BPA) desde 2016.', 'Gran parte de las líneas están en proceso de ejecución, dado que muchos de los objetivos propuestos se han trazado a 2015.']","la interactividad y la transversalidad de nuestros contenidos televisivos nos colocan en una posición incontestable, como el grupo audiovisual con mayor tráfico en internet con un promedio mensual de 10 millones de usuarios únicos y 54,1 millones de comentarios en las redes sociales en 2014","la interactividad y la transversalidad de nuestros contenidos televisivos nos colocan en una posición incontestable, como el grupo audiovisual con mayor tráfico en internet con un promedio mensual de 10 millones de usuarios únicos y 54,1 millones de comentarios en las redes sociales en 2014",1.0,1.0,1.0
¿Qué ha permitido esta medida?,"['También se ha mejorado la interfaz gráfica general, con lo que se consigue una mejor experiencia de usuario.', 'Gracias a estas y otras mejoras, las incidencias en todas las plataformas se han reducido en un 61% con respecto al año anterior.', 'Gracias a esta medida, hemos mejorado la densidad de dichos envíos en un 1,5% respecto al año anterior.', 'Durante 2014, la compañía ha realizado esfuerzos para incrementar la privacidad y seguridad de los datos, tanto de los empleados y colaboradores, como de los usuarios registrados y espectadores en general, para lo cual ha revisado y actualizado los procedimientos vigentes y ha añadido nuevos procedimientos. En particular, destaca la normalización de los aspectos relacionados con la contratación de servicios en la nube y el uso de tecnología en movilidad por parte de los empleados. Gracias al buen funcionamiento del sistema de control interno, en 2014 no se ha producido ningún expediente sancionador en materia de privacidad y protección de datos personales.', '• Construir un Prosegur más ágil, rápido, consistente y homogéneo, gracias a la simplificación de procesos y estructuras que redunden en una mejor toma de decisiones']","hemos mejorado la densidad de dichos envíos en un 1,5% respecto al año anterior",en 2017 hemos evitado el consumo de 1.700 toneladas de papel virgen y 1.500 toneladas de plástico en los pedidos de Zara.com,0.0,1.0,1.0
"¿Gracias a qué medidas el total del alcance 1 y 2, foco principal de las emisiones de la entidad y que representan el 64% de su huella total, han experimentado un descenso del 1%?","['El total del alcance 1 y 2, foco principal de las emisiones de la entidad y que representan el 64% de su huella total, han experimentado un descenso del 1% gracias a las diferentes medidas de eficiencia energética que se han ido implantando durante 2014, como el cambio de luminarias a LED, las mejoras en domótica y climatización y la renovación del parque de equipos informáticos más ecoeficientes, entre otras.', 'El total del alcance 1 y 2, foco principal de las emisiones de la entidad al representar el 63,4% de su huella total, han experimentado un descenso del 5% gracias a las diferentes medidas de eficiencia energética que se han ido implantando durante los últimos años, como el cambio de luminarias a sistema LED, las mejoras en domótica y climatización, y la renovación de equipamientos por otros más ecoeficientes, entre otras.', 'Este año hemos podido seguir con nuestra tendencia descendente del consumo de agua relativo por prenda en un 1%, gracias a las medidas de eficiencia y ahorro de agua llevadas a cabo en nuestros centros.', 'En 2015, a pesar de avanzar en la certificación de nuevos sistemas de gestión ambiental conforme a ISO 14001 y a los requisitos internos, se ha registrado una disminución del porcentaje de ebitda certificado, como consecuencia de la incorporación de nuevas actividades en Chile donde se está trabajando en adaptarlas a los referenciales internacionales y a los requerimientos internos en materia de gestión ambiental. En materia de cambio climático este año se ha mantenido el avance de los diferentes proyectos encaminados a la determinación de nuestra huella de carbono e identificación de los riesgos y oportunidades derivados del cambio climático.', 'Estricto control de costes, con una disminución del 0,6% gracias al plan de eficiencia y de productividad.']","a las diferentes medidas de eficiencia energética que se han ido implantando durante 2014, como el cambio de luminarias a LED, las mejoras en domótica y climatización y la renovación del parque de equipos informáticos más ecoeficientes, entre otras","a las diferentes medidas de eficiencia energética que se han ido implantando durante 2014, como el cambio de luminarias a LED, las mejoras en domótica y climatización y la renovación del parque de equipos informáticos más ecoeficientes, entre otras",1.0,0.5555555555555556,1.0
"¿A qué se achaca que los otros gastos por operaciones hayan crecido un 19,9% interanual en el año?","['Los otros gastos por operaciones (3.918 millones de euros) crecen un 19,9% interanual en el año debido al incremento generalizado de precios en algún país de la región comentado anteriormente así como a la mayor actividad comercial y los gastos asociados a la mayor capacidad de tráfico, tanto de voz como de datos.', 'Los gastos de mantenimiento y otros costes de flota aumentaron un 19,2%, excluyendo los efectos cambiarios, como consecuencia del incremento de la actividad de MRO (en torno a 7 puntos). Los costes de mantenimiento aumentaron debido al volumen, con un mayor número de aviones y horas de vuelo, que subieron un 10,7%. También aumentaron por el ajuste en el reconocimiento de provisiones ligadas a la transición emprendida por el Grupo hacia contratos de mantenimiento de pago por consumo.', 'Los ingresos de terminales registran un significativo crecimiento interanual en el cuarto trimestre (+41,0%; +3,8% en el año) debido a la mayor actividad comercial de venta de equipos de gama alta.', 'La plantilla aumentó un 2,6% dado que se han puesto en marcha nuevas líneas y que ha aumentado la producción.', 'Los ingresos del periodo enero-diciembre de 2014 ascienden a 1.719 millones de euros y aumentan un 7,8% interanual, debido al crecimiento tanto del negocio móvil como del fijo.']","al incremento generalizado de precios en algún país de la región comentado anteriormente así como a la mayor actividad comercial y los gastos asociados a la mayor capacidad de tráfico, tanto de voz como de datos","al incremento generalizado de precios en algún país de la región comentado anteriormente así como a la mayor actividad comercial y los gastos asociados a la mayor capacidad de tráfico, tanto de voz como de datos",1.0,0.2,1.0
¿Qué es lo que está permitiendo a la alta dirección valorar y decidir?,"['En los últimos ejercicios el Grupo ha desarrollado e implantado las mejoras estructurales y operativas necesarias para reforzar y consolidar la visión integral de los riesgos, basada en información completa, precisa y recurrente, permitiéndole a la alta dirección valorar y decidir en consecuencia.', 'Una de las grandes ventajas de este sistema es su transparencia, ya que estas ideas son visibles de forma inmediata para toda la plantilla de modo que pueden ser votadas o enriquecidas con opiniones o aportaciones complementarias.', 'Este enfoque es importante, ya que nos permite contar con los conocimientos adecuados que faciliten unas conversaciones productivas con el equipo directivo. Si no entendemos su trabajo, no podemos analizar su labor ni ofrecer orientaciones útiles.', 'Nuevas reglas que aceptamos de buen grado pues son iguales para todos y Bankinter tiene plena capacidad para cumplir con ellas como el que más.', 'Esta decisión se adoptó en línea con las recomendaciones de gobierno corporativo en materia de rotación del auditor externo, a propuesta de la comisión de auditoría y como resultado de un concurso de selección desarrollado con plena transparencia.']","En los últimos ejercicios el Grupo ha desarrollado e implantado las mejoras estructurales y operativas necesarias para reforzar y consolidar la visión integral de los riesgos, basada en información completa, precisa y recurrente","En los últimos ejercicios el Grupo ha desarrollado e implantado las mejoras estructurales y operativas necesarias para reforzar y consolidar la visión integral de los riesgos, basada en información completa, precisa y recurrente",1.0,0.8571428571428571,1.0
¿A qué se debe la reducción de las rentabilidades de las curvas de los países periféricos de la eurozona? ,"['otros movimientos que se han producido a lo largo del año han sido la reducción de las rentabilidades de la curvas de los países periféricos de la eurozona, con la excepción de Grecia, cuyas rentabilidades han aumentado sustancialmente en la última parte del año debido a la inestabilidad política.', 'Como consecuencia de la intervención del BCe en los mercados, la excepcionalidad en el área euro es tal que los tipos de interés negativos de la deuda pública se han convertido en habituales.', 'Otro factor que ha influido en esta caída de la rentabilidad ha sido la devaluación en un 23% del dólar canadiense ya que aproximadamente un 25% de los recursos de este subgrupo se generan en esta moneda (Catelli).', 'En paralelo, continúa el crecimiento de los depósitos en los mercados maduros aunque a menor ritmo, como consecuencia de un mayor foco en la reducción del coste del pasivo, como principal palanca para recuperar margen de intereses en entornos de tipos de interés en mínimos.', 'El ebitda disminuye un 20,9% debido al impacto de una menor demanda y un efecto negativo de los tipos de cambio (–46 millones de euros).']","con la excepción de Grecia, cuyas rentabilidades han aumentado sustancialmente en la última parte del año debido a la inestabilidad política",a la inestabilidad política,0.0,0.6666666666666666,1.0
"¿Por qué el IBEX subió el 7,9% y Lingotes el 22,5%?","['El índice IBEX 35 inició el ejercicio 2017 con una cotización de 9.352 y terminó a 10.093. Lingotes comenzó a 14,20 €/acción y acabó en 17,40. Así que, el IBEX subió el 7,9% y Lingotes el 22,5%, como se puede comprobar en el anterior gráfico.', 'Importante crecimiento de los ROF (+15,9% interanual), gracias al muy buen desempeño de la Unidad de Global Markets, fundamentalmente durante la primera parte del ejercicio.', 'La plantilla aumentó un 2,6% dado que se han puesto en marcha nuevas líneas y que ha aumentado la producción.', 'Es cierto que se ha registrado una desaceleración de la actividad en la segunda parte de 2015 respecto a lo observado en el primer semestre debido a la ralentización de la demanda mundial, el agotamiento de algunos factores cíclicos y el aumento de la incertidumbre, en parte ligada al ciclo electoral español, pero las previsiones indican que se alcanzará un incremento del PIB de alrededor de un 2,7% para 2016.', 'Estados Unidos, por su parte, experimentó cierta ralentización en su crecimiento, con un incremento anual del PIB del 1,6%, pero con un satisfactorio cuadro macroeconómico: prácticamente pleno empleo, inflación controlada, incremento del número de asalariados con mejoras en los salarios medios y un índice de confianza de los consumidores positivo gracias al impulso fiscal anunciado por el nuevo presidente.']","El índice IBEX 35 inició el ejercicio 2017 con una cotización de 9.352 y terminó a 10.093. Lingotes comenzó a 14,20 €/acción y acabó en 17,40","El índice IBEX 35 inició el ejercicio 2017 con una cotización de 9.352 y terminó a 10.093. Lingotes comenzó a 14,20 €/acción y acabó en 17,40",1.0,1.0,1.0
"Los bajos precios de la energía y los alimentos, ¿qué consecuencia tuvieron?","['La inflación descendió a tasas mínimas históricas, del 2,1% en diciembre, gracias a la reducción de los precios en telecomunicaciones y energía tras la implementación de reformas estructurales.', 'En diciembre de 2015, la inflación interanual se situó próxima a cero (0,2%), debido a los bajos precios de la energía y de los alimentos, mientras que la inflación, excluidos la energía y los alimentos, repuntó hasta el 1,4%.', 'La tasa del mes de diciembre fue inferior a la esperada, debido a la baja de los precios del petróleo, alimentos y servicios (principalmente la caída de los precios de los alimentos con una baja del 4%).', 'Gracias a estas medidas, tal y como queda reflejado en la gráfica anterior, hemos alcanzado una reducción del 6% en el consumo de energía eléctrica por prenda puesta en el mercado y de un 3% con respecto a las ventas, en comparación con 2016.', 'Estas ventas han supuesto un ingreso de 2.885 millones de euros en el ejercicio 2015, un 5,3% menor al del ejercicio 2014 ya que la caída en las ventas físicas como consecuencia de la reducción en el número de clientes a precio regulado (–9,5%) y el incremento del coste de la energía no se ha visto compensada por el incremento del precio medio de venta.']","En diciembre de 2015, la inflación interanual se situó próxima a cero (0,2%), debido a los bajos precios de la energía y de los alimentos, mientras que la inflación, excluidos la energía y los alimentos, repuntó hasta el 1,4%","En diciembre de 2015, la inflación interanual se situó próxima a cero (0,2%)",0.75,0.8,1.0
¿A qué se debe que Azora sea uno de los pocos gestores e inversores inmobiliarios que logró esquivar las repercusiones de la crisis económica?,"['Azora cuenta con una plataforma con más de 340 profesionales con habilidades y experiencias complementarias y es uno de los pocos gestores e inversores inmobiliarios que logró esquivar las repercusiones de la crisis económica gracias a su capacidad de anticiparse a los cambios, entender el ciclo del mercado en cada momento e identificar nichos de valor, saliendo de la crisis sin haber nunca destruido valor en ninguna de sus carteras.', 'Un crecimiento que hemos alcanzado sin realizar ampliaciones de capital y gracias a una política prudente de distribución del dividendo.', 'La compañía ha ido ganando volumen merced a un modelo de negocio único en su sector, que le ha permitido aumentar su rentabilidad pese a los ciclos económicos adversos y ganarse la confianza del mercado.', 'Después de un primer trimestre exigente como empresa cotizada y a pesar de las dificultades experimentadas por la industria del petróleo y el gas, que es una parte importante de nuestra actividad, me complace anunciar que, gracias a la gestión y dirección de Fernando Basabe y de su equipo, el Grupo ha logrado obtener resultados conforme a nuestras expectativas.', 'El beneficio antes de impuestos en 2015 fue de 31 millones de euros, gracias a la muy escasa morosidad (un 1%, diez veces menos que el promedio del sector), un balance equilibrado y un nivel de gastos de estructura muy bajo.']","a su capacidad de anticiparse a los cambios, entender el ciclo del mercado en cada momento e identificar nichos de valor, saliendo de la crisis sin haber nunca destruido valor en ninguna de sus carteras","a su capacidad de anticiparse a los cambios, entender el ciclo del mercado en cada momento e identificar nichos de valor",1.0,0.4,1.0
¿Por qué razón todos los riesgos están transferidos a la compañía de seguros?,"['Todos los riesgos están transferidos a la compañía de seguros, ya que esta incluso asegura la garantía indicada anteriormente.', 'Esta cultura de riesgos se define a través de cinco principios que han de formar parte de la gestión del día a día de todos los empleados del Grupo: Responsabilidad, porque todas las unidades y empleados (con independencia de la función que desempeñen) deben conocer y entender los riesgos en que incurren en su actividad diaria y ser responsables de su identificación, valoración, gestión y reporte', 'El riesgo operacional es inherente a todos los productos, actividades, procesos y sistemas, y se genera en todas las áreas de negocio y de soporte, siendo por esta razón, responsabilidad de todos los empleados la gestión y control de los riesgos generados en su ámbito de actuación.', 'Radica en la posibilidad de que el fondo no cubra estos compromisos en el periodo de devengo de la prestación y la rentabilidad obtenida por la cartera no sea suficiente y obligue al Grupo a incrementar el nivel de aportaciones. Riesgo actuarial: pérdidas inesperadas producidas como consecuencia de un incremento en los compromisos con los tomadores del seguro, así como las pérdidas derivadas de un incremento no previsto en los gastos. 217 "" D.2.2.', 'Esta nota presenta información sobre la exposición del Grupo a cada uno de los riesgos mencionados anteriormente, los objetivos, políticas y procesos definidos por el Grupo para gestionar el riesgo, así como los métodos utilizados para medir dichos riesgos, los Debido a la presencia del Grupo en diversos países, a la consiguiente variedad de legislaciones que rigen los contratos de alquiler, a la distinta naturaleza y posición económica de los propietarios entre otros factores, existe una gran variedad de cláusulas que regulan el funcionamiento de los contratos de alquiler.']",esta incluso asegura la garantía indicada anteriormente,esta incluso asegura la garantía indicada anteriormente,1.0,1.0,1.0
¿Qué es lo que ha permitido normalizar la política de pago de dividendos?,"['Su reutilización no es posible pero sí su reciclaje, por lo que el 97% son reciclados por empresas especializadas.', 'Esta decisión se adoptó en línea con las recomendaciones de gobierno corporativo en materia de rotación del auditor externo, a propuesta de la comisión de auditoría y como resultado de un concurso de selección desarrollado con plena transparencia.', 'Debt Valuation Adjustment (DVA): ajuste a la valoración similar al CVA, pero en este caso como consecuencia del riesgo propio del Grupo que asumen sus contrapartidas en los derivados OTC.', 'Ofrece a los usuarios una imagen tridimensional del objeto que se inspecciona, con lo que se ofrece una visión clara acerca del alcance y naturaleza de los posibles defectos.', 'Llevamos años siendo cada vez más y más eficientes, por eso también cada vez es más difícil mejorar.']",el 97% son reciclados por empresas especializadas,SH USA superó las pruebas de resistencia de la Reserva Federal y no recibió objeciones a su plan de capital,0.0,0.5,0.0
¿Qué implica que esta fase de implantación sea una posible fuente de riesgo de modelo?,"['Como se ha señalado, esta fase de implantación es otra de las posibles fuentes de riesgo de modelo, por lo que es requisito indispensable que se realicen pruebas por parte de los equipos técnicos y los propietarios del modelo, certificando que se ha implementado de acuerdo a la definición metodológica y funciona de acuerdo a lo esperado.', 'Este nivel de deuda pública representa un factor claro de vulnerabilidad financiera ante cambios en el sentimiento inversor, ya que implica unas necesidades de financiación elevadas del sector público y limita el margen de actuación de la política fiscal en un eventual escenario de desaceleración.', 'El impacto de esta reforma global sobre la actividad económica es objeto de interés creciente, ya que representa un posible freno para el crecimiento económico.', 'Como consecuencia de este hecho, es previsible que a lo largo de los próximos trimestres se limite aún más el nivel de activos comprometidos en operaciones de financiación a largo plazo.', 'La industria financiera se ha referido a esta última fase como Basilea IV, debido al elevado impacto que podría representar para algunas jurisdicciones.']","es requisito indispensable que se realicen pruebas por parte de los equipos técnicos y los propietarios del modelo, certificando que se ha implementado de acuerdo a la definición metodológica y funciona de acuerdo a lo esperado","es requisito indispensable que se realicen pruebas por parte de los equipos técnicos y los propietarios del modelo, certificando que se ha implementado de acuerdo a la definición metodológica y funciona de acuerdo a lo esperado",1.0,1.0,1.0
"¿A qué se debe que al cierre del ejercicio 2014, la actividad en las autopistas del Grupo presente una evolución positiva?","['Al cierre del ejercicio 2014, la actividad en las autopistas del Grupo presenta una evolución positiva, gracias a los incrementos registrados en los principales países en los que opera, incluyendo España –donde hay claras señales de recuperación de la actividad económica– y Francia –país caracterizado por un cierto estancamiento en el crecimiento en el ejercicio anterior–.', 'Desde la fusión, sigue creciendo todos los meses respecto al mismo mes del año anterior, con lo que encadena, a cierre del Ejercicio 2014, 27 meses de crecimiento ininterrumpido.', 'Después de un primer trimestre exigente como empresa cotizada y a pesar de las dificultades experimentadas por la industria del petróleo y el gas, que es una parte importante de nuestra actividad, me complace anunciar que, gracias a la gestión y dirección de Fernando Basabe y de su equipo, el Grupo ha logrado obtener resultados conforme a nuestras expectativas.', 'Esta operación es positiva para los accionistas, ya que se estima que mejora el beneficio por acción (BPA) desde 2016.', 'Esta práctica está cada vez más extendida dentro del Grupo, por ello, durante 2016, 41.085 de nuestras estaciones base eran compartidas.']","a los incrementos registrados en los principales países en los que opera, incluyendo España –donde hay claras señales de recuperación de la actividad económica– y Francia –país caracterizado por un cierto estancamiento en el crecimiento en el ejercicio anterior–","a los incrementos registrados en los principales países en los que opera, incluyendo España –donde hay claras señales de recuperación de la actividad económica– y Francia –país caracterizado por un cierto estancamiento en el crecimiento en el ejercicio anterior–",1.0,0.8,1.0
"¿Qué ha facilitado un modelo de éxito que ha dotado a todas las cadenas de Atresmedia Televisión de una fuerte personalidad, cadenas que siguen ganando audiencia mes a mes? ","['Su reutilización no es posible pero sí su reciclaje, por lo que el 97% son reciclados por empresas especializadas.', 'Esta decisión se adoptó en línea con las recomendaciones de gobierno corporativo en materia de rotación del auditor externo, a propuesta de la comisión de auditoría y como resultado de un concurso de selección desarrollado con plena transparencia.', 'Debt Valuation Adjustment (DVA): ajuste a la valoración similar al CVA, pero en este caso como consecuencia del riesgo propio del Grupo que asumen sus contrapartidas en los derivados OTC.', 'Ofrece a los usuarios una imagen tridimensional del objeto que se inspecciona, con lo que se ofrece una visión clara acerca del alcance y naturaleza de los posibles defectos.', 'Llevamos años siendo cada vez más y más eficientes, por eso también cada vez es más difícil mejorar.']","Llevamos años siendo cada vez más y más eficientes, por eso también cada vez es más difícil mejorar","una programación diferenciada, con un altísimo porcentaje de éxitos, y donde no solo la ficción ha batido récords, también lo han hecho los programas informativos, los magacines de actualidad y los concursos",0.0,0.5,0.0
¿Por qué se podrá proponer la separación de consejeros independientes?,"['También podrá proponerse la separación de consejeros independientes como consecuencia de ofertas públicas de adquisición, fusiones u otras operaciones corporativas similares que supongan un cambio en la estructura de capital de la sociedad, cuando tales cambios en la estructura del consejo de administración vengan propiciados por el criterio de proporcionalidad señalado en la recomendación 16.', 'El número de consejeros independientes debe representar al menos un tercio del total, ya que hay un accionista que controla más del 30 % del capital social.', 'En lo que respecta al cargo de Consejero Independiente Senior, sus funciones las desempeñaba anteriormente el Vicepresidente y estaban incluidas en su remuneración (una asignación anual de 350.000 €). Dado que el nuevo Consejero Independiente Senior no es Vicepresidente, la asignación adicional por desempeñar las funciones de Consejero Independiente Senior se ha reducido a 30.000 €.', 'No quiero extenderme mucho en esto porque la consejera delegada lo explica con detalle en este mismo informe, pero sí quiero poner énfasis en la calidad de los resultados.', 'Una de las grandes ventajas de este sistema es su transparencia, ya que estas ideas son visibles de forma inmediata para toda la plantilla de modo que pueden ser votadas o enriquecidas con opiniones o aportaciones complementarias.']","consecuencia de ofertas públicas de adquisición, fusiones u otras operaciones corporativas similares que supongan un cambio en la estructura de capital de la sociedad, cuando tales cambios en la estructura del consejo de administración vengan propiciados por el criterio de proporcionalidad señalado en la recomendación 16","consecuencia de ofertas públicas de adquisición, fusiones u otras operaciones corporativas similares que supongan un cambio en la estructura de capital de la sociedad, cuando tales cambios en la estructura del consejo de administración vengan propiciados por el criterio de proporcionalidad señalado en la recomendación 16",1.0,0.6,1.0
¿Por qué el análisis de escenarios resulta ser una herramienta útil para la alta dirección?,"['El análisis de escenarios es una herramienta muy útil para la alta dirección ya que permite testar la resistencia del Banco ante entornos o escenarios estresados, así como poner en marcha conjuntos de medidas que disminuyan el perfil de riesgo del Banco ante dichos escenarios.', 'El análisis de escenarios es una herramienta muy útil para la alta dirección ya que permite testar la resistencia del Banco ante entornos o escenarios estresados, así como poner en marcha conjuntos de medidas que disminuyan el perfil de riesgo del banco ante dichos escenarios.', 'Este enfoque es importante, ya que nos permite contar con los conocimientos adecuados que faciliten unas conversaciones productivas con el equipo directivo. Si no entendemos su trabajo, no podemos analizar su labor ni ofrecer orientaciones útiles.', 'En los últimos ejercicios el Grupo ha desarrollado e implantado las mejoras estructurales y operativas necesarias para reforzar y consolidar la visión integral de los riesgos, basada en información completa, precisa y recurrente, permitiéndole a la alta dirección valorar y decidir en consecuencia.', 'Y también han de ser flexibles, porque la gestión de riesgos tiene que adaptarse rápidamente a nuevos entornos y escenarios imprevistos.']","permite testar la resistencia del Banco ante entornos o escenarios estresados, así como poner en marcha conjuntos de medidas que disminuyan el perfil de riesgo del Banco ante dichos escenarios","permite testar la resistencia del Banco ante entornos o escenarios estresados, así como poner en marcha conjuntos de medidas que disminuyan el perfil de riesgo del Banco ante dichos escenarios",1.0,1.0,1.0
¿Qué permite el indicador RepTrack Index?,"['Esta medición se completa con una evaluación más racional del desempeño, gracias al indicador RepTrack Index.', 'Inspección de oleoductos pertenecientes a la red de infraestructura energética de EE.UU. gracias a la Tecnología Ultrasónica Avanzada Rotoscan de Applus+ RTD. Completando 885 kilómetros de tuberías en el marco de diversos proyectos con la tecnología Rayscan en EE.UU.', 'Estas cifras unidas a una baja rotación voluntaria del 5,3 % dan como resultado un elevado índice de estabilidad.', 'Gracias a esta medida, hemos mejorado la densidad de dichos envíos en un 1,5% respecto al año anterior.', 'En línea con lo anterior, la medición de la eficiencia y eficacia de estas iniciativas se ha visto potenciada y ha sido posible gracias a la mejora de los sistemas y control del resultado de las campañas mediante la construcción de modelos econométricos que permiten calcular el retorno de la inversión publicitaria (ROI) y la optimización del mix de medios utilizado.']",Esta medición se completa con una evaluación más racional del desempeño,Esta medición se completa con una evaluación más racional del desempeño,0.75,1.0,1.0
¿Cuál es la razón de que este nivel sea inferior al del año pasado?,"['Este nivel es el inferior al del año pasado debido a la incorporación del perímetro de banca mayorista global.', 'Como consecuencia de este hecho, es previsible que a lo largo de los próximos trimestres se limite aún más el nivel de activos comprometidos en operaciones de financiación a largo plazo.', 'La tasa del mes de diciembre fue inferior a la esperada, debido a la baja de los precios del petróleo, alimentos y servicios (principalmente la caída de los precios de los alimentos con una baja del 4%).', 'Gracias a esta medida, hemos mejorado la densidad de dichos envíos en un 1,5% respecto al año anterior.', 'También el volumen de escombros ha caído un 27 %, debido a la diferencia en la tipología de residuo que han producido las obras realizadas.']",la incorporación del perímetro de banca mayorista global,la incorporación del perímetro de banca mayorista global,1.0,1.0,1.0
¿Qué efecto ha tenido la incorporación de nuevas herramientas de difusión y acceso a la información?,"['Los cambios también han afectado a la distribución que debe adaptarse a los nuevos gustos. Aparecen nuevas opciones frente a la distribución tradicional como la compra por internet (super on line) donde el crecimiento es muy relevante y las posiciones de los principales actores en muchas ocasiones es distinta a la que tiene la distribución tradicional. Como resultado, hemos asistido a operaciones de fusión/concentración en algunos mercados relevantes.', 'Gracias a estas y otras mejoras, las incidencias en todas las plataformas se han reducido en un 61% con respecto al año anterior.', 'Sin embargo el consumo total de electricidad y de gasóleo ha subido ligeramente en 2015 como consecuencia del incremento del número de coberturas y de la producción de programas especiales informativos derivados de la actualidad y especialmente de las elecciones Municipales, Autonómicas y Generales celebradas en 2015.', 'En 2017, y gracias a la incorporación de nuevas herramientas de difusión y acceso a la información, se ha podido hacer llegar a todos los empleados en España el contenido de estos Planes de Igualdad, disponibles a través de los diferentes canales de comunicación del Grupo y de manera especial en INet, la intranet de Inditex.', 'La transformación digital está impactada por los cambios en los hábitos de los consumidores, y por ello se ha iniciado un nuevo modelo de relación con los clientes, buscando nuevas formas de acercarse, allí donde ellos estén, para ser más convenientes. El objetivo ha sido mejorar la propuesta de valor y servicio del Grupo, asegurando la metodología y sistemática comercial, adaptándose a los diferentes segmentos y llevando la relación con el cliente donde más lo necesita en cada momento.']","se ha podido hacer llegar a todos los empleados en España el contenido de estos Planes de Igualdad, disponibles a través de los diferentes canales de comunicación del Grupo y de manera especial en INet, la intranet de Inditex","se ha podido hacer llegar a todos los empleados en España el contenido de estos Planes de Igualdad, disponibles a través de los diferentes canales de comunicación del Grupo y de manera especial en INet, la intranet de Inditex",1.0,1.0,1.0
¿La incertidumbre en torno al Brexit qué ha generado?,"['Su reutilización no es posible pero sí su reciclaje, por lo que el 97% son reciclados por empresas especializadas.', 'Esta decisión se adoptó en línea con las recomendaciones de gobierno corporativo en materia de rotación del auditor externo, a propuesta de la comisión de auditoría y como resultado de un concurso de selección desarrollado con plena transparencia.', 'La baja contable de los activos de un plan puede producirse cuando estos activos son mayores que la obligación proyectada y el Grupo no puede recuperar ningún superávit a través de reembolsos del instrumento en que está materializado el compromiso de prestación definida como consecuencia de requisitos de solvencia y/o control.', 'Debt Valuation Adjustment (DVA): ajuste a la valoración similar al CVA, pero en este caso como consecuencia del riesgo propio del Grupo que asumen sus contrapartidas en los derivados OTC.', 'También podrá proponerse la separación de consejeros independientes como consecuencia de ofertas públicas de adquisición, fusiones u otras operaciones corporativas similares que supongan un cambio en la estructura de capital de la sociedad, cuando tales cambios en la estructura del consejo de administración vengan propiciados por el criterio de proporcionalidad señalado en la recomendación 16.']","el 97% son reciclados por empresas especializadas, por lo que Su reutilización no es posible pero sí su reciclaje","La única excepción es el Reino Unido, donde se prevé un crecimiento más bajo a corto plazo",0.0,0.6666666666666666,0.0
¿Qué se pretende con la introducción de tecnologías innovadoras y el desarrollo de soluciones y procesos de negocio?,"['Gracias a la introducción de tecnologías innovadoras y el desarrollo de nuevas soluciones y procesos de negocio, buscamos convertirnos en un Grupo más efectivo, eficiente y orientado al cliente.', 'Santander quiere proporcionar a sus clientes una experiencia de servicio excelente y, por ello, durante este año ha puesto en marcha nuevas iniciativas que pretenden mejorar los procesos desde la visión del cliente incorporando los beneficios que supone la transformación digital.', 'Somos conscientes del impacto de nuestra actividad en la sociedad y, por ello, buscamos procesos más eficientes e innovadores, apoyándonos en las nuevas tecnologías, que nos permitan contribuir de forma positiva a lograr un entorno más sostenible.', 'La transformación digital está impactada por los cambios en los hábitos de los consumidores, y por ello se ha iniciado un nuevo modelo de relación con los clientes, buscando nuevas formas de acercarse, allí donde ellos estén, para ser más convenientes. El objetivo ha sido mejorar la propuesta de valor y servicio del Grupo, asegurando la metodología y sistemática comercial, adaptándose a los diferentes segmentos y llevando la relación con el cliente donde más lo necesita en cada momento.', 'También, en la relación con sus propietarios, la Compañía refleja sus valores corporativos ya que les ofrece un canal directo con la Compañía para la resolución de incidencias, ofrecer respuesta ágil a sus inquietudes y necesidades de información, con el objetivo de reforzar el vínculo y el orgullo de pertenencia, a través de la aportación de valor al negocio entendida en su más amplio sentido.']","buscamos convertirnos en un Grupo más efectivo, eficiente y orientado al cliente","buscamos convertirnos en un Grupo más efectivo, eficiente y orientado al cliente",1.0,1.0,1.0
¿A qué se debe que sobresaliese el desempeño favorable del margen bruto en Colombia?,"['En Colombia sobresalió el desempeño favorable del margen bruto, gracias al buen comportamiento del margen de intereses (tanto por actividad como por evolución de los diferenciales) y las comisiones, aunque mitigado por menores ROF (el mismo período del 2016 incluía resultados por venta de participaciones) y el incremento de los saneamientos.', 'Resultado bruto de explotación (EBITDA)el margen bruto de explotación se incrementa un 10,5% respecto al cierre de 2013, debido al impacto de los activos adquiridos a finales de 2013 y principios de 2014, y gracias al plan iniciado en ejercicios anteriores para implantar una serie de medidas de mejora de la eficiencia y optimización de los costes de explotación, en las que el Grupo continuará haciendo hincapié.', 'Sin considerar esta venta, el beneficio neto ha crecido un 25,4% principalmente debido al buen desempeño del margen financiero y las comisiones cobradas y por un adecuado control de los gastos de administración y promoción.', 'Los resultados obtenidos constatan una sólida consolidación del negocio doméstico con una mejora significativa del margen de clientes. Esto ha sido posible gracias a una gestión proactiva de precios (tanto en intereses como en comisiones) junto con una mejora en las cuotas de mercado, siempre manteniendo una elevada calidad de servicio. El Banco ha sido capaz de fortalecer su margen de intereses y es la entidad con mejor comportamiento en el margen de clientes en España. Todo ello junto con una sólida posición de solvencia y liquidez.', 'Esta tendencia favorable se produjo a pesar de haberse generado menores comisiones de mantenimiento de cuentas debido a la suspensión de su cobro al segmento retail, impuesta por el Consejo de Estado turco, y de los altos ingresos generados en el 2016 por el programa de millas Miles & Smiles.']","al buen comportamiento del margen de intereses (tanto por actividad como por evolución de los diferenciales) y las comisiones, aunque mitigado por menores ROF (el mismo período del 2016 incluía resultados por venta de participaciones) y el incremento de los saneamientos",al buen comportamiento del margen de intereses (tanto por actividad como por evolución de los diferenciales) y las comisiones,0.75,0.8333333333333334,1.0
¿Por qué el año pasado resultó especialmente gratificante? ,"['Su reutilización no es posible pero sí su reciclaje, por lo que el 97% son reciclados por empresas especializadas.', 'Esta decisión se adoptó en línea con las recomendaciones de gobierno corporativo en materia de rotación del auditor externo, a propuesta de la comisión de auditoría y como resultado de un concurso de selección desarrollado con plena transparencia.', 'La baja contable de los activos de un plan puede producirse cuando estos activos son mayores que la obligación proyectada y el Grupo no puede recuperar ningún superávit a través de reembolsos del instrumento en que está materializado el compromiso de prestación definida como consecuencia de requisitos de solvencia y/o control.', 'Debt Valuation Adjustment (DVA): ajuste a la valoración similar al CVA, pero en este caso como consecuencia del riesgo propio del Grupo que asumen sus contrapartidas en los derivados OTC.', 'También podrá proponerse la separación de consejeros independientes como consecuencia de ofertas públicas de adquisición, fusiones u otras operaciones corporativas similares que supongan un cambio en la estructura de capital de la sociedad, cuando tales cambios en la estructura del consejo de administración vengan propiciados por el criterio de proporcionalidad señalado en la recomendación 16.']","Su reutilización no es posible pero sí su reciclaje, por lo que el 97% son reciclados por empresas especializadas",de los 72 tests que se realizaron no se detectó ningún positivo por VIH,0.0,0.3333333333333333,0.0
¿A qué se atribuye la tendencia favorable que se produjo?,"['Esta operación es positiva para los accionistas, ya que se estima que mejora el beneficio por acción (BPA) desde 2016.', 'Gracias a esta medida, hemos mejorado la densidad de dichos envíos en un 1,5% respecto al año anterior.', 'Esta tendencia favorable se produjo a pesar de haberse generado menores comisiones de mantenimiento de cuentas debido a la suspensión de su cobro al segmento retail, impuesta por el Consejo de Estado turco, y de los altos ingresos generados en el 2016 por el programa de millas Miles & Smiles.', 'Esta tendencia se sustentó en una mejora de las variables macroeconómicas, pero se potenció innegablemente gracias al esfuerzo por retener el precio que inició Atresmedia desde hace un par de años, estrategia por la que parecen por fin haber optado el resto de operadores principales del mercado.', 'Portugal también respondió bien el ejercicio pasado, el primero completo con nosotros, y tuvo incrementos notables en recursos minoristas e inversión crediticia, en parte como consecuencia de la mejora de la situación macroeconómica del país.']","a pesar de haberse generado menores comisiones de mantenimiento de cuentas debido a la suspensión de su cobro al segmento retail, impuesta por el Consejo de Estado turco, y de los altos ingresos generados en el 2016 por el programa de millas Miles & Smiles","a la suspensión de su cobro al segmento retail, impuesta por el Consejo de Estado turco, y de los altos ingresos generados en el 2016 por el programa de millas Miles & Smiles",0.75,0.5,1.0
¿Cuál es la causa de que no se haya identificado ninguna revalorización del inmovilizado material en relación con su valor en libros?,"['No se ha identificado ninguna revalorización del inmovilizado material en relación con su valor en libros, dado que el grupo CGE valora el inmovilizado material al valor razonable mediante la realización de tasaciones periódicas del valor nuevo de reemplazo.', 'Respecto a la recuperación de los productos puestos en el mercado, es inviable evaluar el volumen generado y la gestión efectuada a nivel mundial, dado que no existe ningún sistema de recogida y gestión específico para materiales textiles a nivel global.', 'Su reutilización no es posible pero sí su reciclaje, por lo que el 97% son reciclados por empresas especializadas.', 'En las cuentas anuales consolidadas adjuntas no se ha registrado provisión alguna por este concepto, ya que no están previstas situaciones de esta naturaleza.', 'Se han reducido los índices de frecuencia y gravedad, como consecuencia de la disminución de los accidentes sin baja y no se han registrado accidentes graves, muy graves O mortales, ni enfermedades profesionales.']",el grupo CGE valora el inmovilizado material al valor razonable mediante la realización de tasaciones periódicas del valor nuevo de reemplazo,el grupo CGE valora el inmovilizado material al valor razonable mediante la realización de tasaciones periódicas del valor nuevo de reemplazo,1.0,1.0,1.0
¿La colaboración con Inditex qué consecuencia ha tenido?,"['Su reutilización no es posible pero sí su reciclaje, por lo que el 97% son reciclados por empresas especializadas.', 'Esta decisión se adoptó en línea con las recomendaciones de gobierno corporativo en materia de rotación del auditor externo, a propuesta de la comisión de auditoría y como resultado de un concurso de selección desarrollado con plena transparencia.', 'La baja contable de los activos de un plan puede producirse cuando estos activos son mayores que la obligación proyectada y el Grupo no puede recuperar ningún superávit a través de reembolsos del instrumento en que está materializado el compromiso de prestación definida como consecuencia de requisitos de solvencia y/o control.', 'Debt Valuation Adjustment (DVA): ajuste a la valoración similar al CVA, pero en este caso como consecuencia del riesgo propio del Grupo que asumen sus contrapartidas en los derivados OTC.', 'También podrá proponerse la separación de consejeros independientes como consecuencia de ofertas públicas de adquisición, fusiones u otras operaciones corporativas similares que supongan un cambio en la estructura de capital de la sociedad, cuando tales cambios en la estructura del consejo de administración vengan propiciados por el criterio de proporcionalidad señalado en la recomendación 16.']",el 97% son reciclados por empresas especializadas,"entre octubre de 2016 -fecha de incorporación del equipo técnico al proyecto- y enero de 2017 se ha trabajado con 460 personas, de las que 388 han recibido orientación laboral y una asignación de recursos ajustados a su perfil profesional",0.0,0.0,0.0
¿En qué derivó el hecho de que en Paraguay la búsqueda de la mejora en la experiencia digital del cliente haya sido una prioridad durante el ejercicio 2017?,"['Su reutilización no es posible pero sí su reciclaje, por lo que el 97% son reciclados por empresas especializadas.', 'Esta decisión se adoptó en línea con las recomendaciones de gobierno corporativo en materia de rotación del auditor externo, a propuesta de la comisión de auditoría y como resultado de un concurso de selección desarrollado con plena transparencia.', 'Debt Valuation Adjustment (DVA): ajuste a la valoración similar al CVA, pero en este caso como consecuencia del riesgo propio del Grupo que asumen sus contrapartidas en los derivados OTC.', 'Ofrece a los usuarios una imagen tridimensional del objeto que se inspecciona, con lo que se ofrece una visión clara acerca del alcance y naturaleza de los posibles defectos.', 'Llevamos años siendo cada vez más y más eficientes, por eso también cada vez es más difícil mejorar.']","en Paraguay la búsqueda de la mejora en la experiencia digital del cliente haya sido una prioridad durante el ejercicio 2017, por lo que el 97% son reciclados por empresas especializadas","se desarrolló un medio de pago que no necesitara tarjeta para realizar operaciones con cuentas en cajeros automáticos y comercios, sino solo el teléfono móvil del cliente, garantizando su seguridad y comodidad",0.0,0.5,0.0
"La colaboración con los diferentes departamentos, ¿qué ha provocado?","['Gracias a la colaboración con los diferentes departamentos, todos los empleados -e incluso las nuevas incorporaciones- participan en talleres de sensibilización ambiental.', 'En vista de estas difíciles circunstancias, creo que el nuevo equipo directivo de Vueling ha hecho un fantástico trabajo. Se han enfrentado a estos retos, han sido honestos acerca de los problemas que les afectaban y no se desentendieron de los errores que se cometieron a nivel interno. El nuevo equipo ha restablecido el desempeño operativo de la aerolínea, ha potenciado la resiliencia de la red.', 'Estoy segura de que lo conseguiremos porque contamos con un equipo dispuesto a esforzarse al máximo para dar el mejor servicio a los clientes.', 'Gracias a la colaboración con Inditex, entre octubre de 2016 -fecha de incorporación del equipo técnico al proyecto- y enero de 2017 se ha trabajado con 460 personas, de las que 388 han recibido orientación laboral y una asignación de recursos ajustados a su perfil profesional.', 'Applus+ cuenta con profesionales de gran talento, comprometidos y apasionados, que han contribuido al crecimiento y a la diversificación del negocio durante muchos años y por este motivo me gustaría expresarles mi agradecimiento por la gran labor que han realizado.']",todos los empleados -e incluso las nuevas incorporaciones- participan en talleres de sensibilización ambiental,todos los empleados -e incluso las nuevas incorporaciones- participan en talleres de sensibilización ambiental,1.0,1.0,1.0
¿Qué le permite afirmar que el nuevo equipo directivo de Vueling ha hecho un fantástico trabajo?,"['Su reutilización no es posible pero sí su reciclaje, por lo que el 97% son reciclados por empresas especializadas.', 'Esta decisión se adoptó en línea con las recomendaciones de gobierno corporativo en materia de rotación del auditor externo, a propuesta de la comisión de auditoría y como resultado de un concurso de selección desarrollado con plena transparencia.', 'Debt Valuation Adjustment (DVA): ajuste a la valoración similar al CVA, pero en este caso como consecuencia del riesgo propio del Grupo que asumen sus contrapartidas en los derivados OTC.', 'Ofrece a los usuarios una imagen tridimensional del objeto que se inspecciona, con lo que se ofrece una visión clara acerca del alcance y naturaleza de los posibles defectos.', 'Llevamos años siendo cada vez más y más eficientes, por eso también cada vez es más difícil mejorar.']","ofrece a los usuarios una imagen tridimensional del objeto que se inspecciona, con lo que se ofrece una visión clara acerca del alcance y naturaleza de los posibles defectos","estas difíciles circunstancias,",0.0,0.3333333333333333,0.0
¿Qué se ha provocado el éxito cosechado en Madrid?,"['La compañía ha ido ganando volumen merced a un modelo de negocio único en su sector, que le ha permitido aumentar su rentabilidad pese a los ciclos económicos adversos y ganarse la confianza del mercado.', 'Un modelo de éxito que ha dotado a todas las cadenas de Atresmedia Televisión de una fuerte personalidad, cadenas que siguen ganando audiencia mes a mes gracias a una programación diferenciada, con un altísimo porcentaje de éxitos, y donde no solo la ficción ha batido récords, también lo han hecho los programas informativos, los magacines de actualidad y los concursos.', 'Gracias a nuestra visión estratégica y a un importante rigor en la gestión, acompañada por unos sólidos valores, aquilatados por el fuerte componente familiar, hemos superado con éxito una compleja etapa en la que hemos logrado alcanzar la mayor parte de los objetivos propuestos, afrontando el futuro con solvencia y optimismo.', 'Gracias a la contribución de todos nuestros empleados, Inditex ha logrado unos resultados especialmente positivos en los ejercicios 2015 y 2016, que han permitido repartir más de 79 millones de euros entre más de 84.000 personas en 50 países.', 'Estoy segura de que lo conseguiremos porque contamos con un equipo dispuesto a esforzarse al máximo para dar el mejor servicio a los clientes.']","nuestra visión estratégica y a un importante rigor en la gestión, acompañada por unos sólidos valores, aquilatados por el fuerte componente familiar, hemos superado con éxito una compleja etapa en la que hemos logrado alcanzar la mayor parte de los objetivos propuestos, afrontando el futuro con solvencia y optimismo","tanto la exposición y como ‘Las Noches del Misterio’ se trasladaron a Barcelona, Gijón, Las Palmas de Gran Canaria y Palma de Mallorca con una excepcional acogida",0.0,0.0,0.5
¿Qué impacto tuvo este cambio?,"['Su reutilización no es posible pero sí su reciclaje, por lo que el 97% son reciclados por empresas especializadas.', 'Esta decisión se adoptó en línea con las recomendaciones de gobierno corporativo en materia de rotación del auditor externo, a propuesta de la comisión de auditoría y como resultado de un concurso de selección desarrollado con plena transparencia.', 'Debt Valuation Adjustment (DVA): ajuste a la valoración similar al CVA, pero en este caso como consecuencia del riesgo propio del Grupo que asumen sus contrapartidas en los derivados OTC.', 'Ofrece a los usuarios una imagen tridimensional del objeto que se inspecciona, con lo que se ofrece una visión clara acerca del alcance y naturaleza de los posibles defectos.', 'Llevamos años siendo cada vez más y más eficientes, por eso también cada vez es más difícil mejorar.']",el 97% son reciclados por empresas especializadas,"se procedió al nombramiento de doña Patricia Estany como Consejera Coordinadora, a la que se han atribuido, además de las funciones previstas legalmente, todas las que recoge el artículo 15 del Reglamento del Consejo de Administración, cuyo contenido se ajusta a la Recomendación 34 del Código de Buen Gobierno",0.0,1.0,0.5
¿Qué ha supuesto en términos de target los 7 partidos disputados por la Selección Española en Cuatro?,"['Su reutilización no es posible pero sí su reciclaje, por lo que el 97% son reciclados por empresas especializadas.', 'Esta decisión se adoptó en línea con las recomendaciones de gobierno corporativo en materia de rotación del auditor externo, a propuesta de la comisión de auditoría y como resultado de un concurso de selección desarrollado con plena transparencia.', 'La baja contable de los activos de un plan puede producirse cuando estos activos son mayores que la obligación proyectada y el Grupo no puede recuperar ningún superávit a través de reembolsos del instrumento en que está materializado el compromiso de prestación definida como consecuencia de requisitos de solvencia y/o control.', 'Debt Valuation Adjustment (DVA): ajuste a la valoración similar al CVA, pero en este caso como consecuencia del riesgo propio del Grupo que asumen sus contrapartidas en los derivados OTC.', 'También podrá proponerse la separación de consejeros independientes como consecuencia de ofertas públicas de adquisición, fusiones u otras operaciones corporativas similares que supongan un cambio en la estructura de capital de la sociedad, cuando tales cambios en la estructura del consejo de administración vengan propiciados por el criterio de proporcionalidad señalado en la recomendación 16.']",el 97% son reciclados por empresas especializadas,"un 22% en target comercial, unos registros muy por encima también de los de La Roja en la anterior cita mundialista",0.0,0.3333333333333333,0.0
"¿Por qué el diseño de la nueva aplicación móvil BBVA España refleja la expresión del lema de BBVA, Creando Oportunidades?","['Nueva aplicación móvil BBVA España, con un diseño que refleja la expresión del lema de BBVA, Creando Oportunidades, ya que sigue permitiendo realizar cualquier operación desde cualquier lugar, de una forma fácil y sencilla, pero aprovechando cada vez más todas las oportunidades que ofrecen las nuevas tecnologías y el big data.', 'Además, BBVA cuenta con una aplicación global de job posting interno, denominada ‘apúntate+’, como medio para favorecer el desarrollo y la transparencia en los procesos de promoción interna, ya que en ella se publican las diferentes posiciones disponibles a las que el empleado puede acceder.', 'También se ha mejorado la interfaz gráfica general, con lo que se consigue una mejor experiencia de usuario.', 'Como consecuencia de las conclusiones de la encuesta ""Tienes la palabra 2015"", Meliá Hotels International ha renovado sus oficinas corporativas para hacer de ellas un espacio de colaboración más abierto, dinámico, flexible, sin barreras y para fortalecer la cercanía entre sus equipos.', 'Gracias a la colaboración con los diferentes departamentos, todos los empleados -e incluso las nuevas incorporaciones- participan en talleres de sensibilización ambiental.']","sigue permitiendo realizar cualquier operación desde cualquier lugar, de una forma fácil y sencilla, pero aprovechando cada vez más todas las oportunidades que ofrecen las nuevas tecnologías y el big data","sigue permitiendo realizar cualquier operación desde cualquier lugar, de una forma fácil y sencilla, pero aprovechando cada vez más todas las oportunidades que ofrecen las nuevas tecnologías y el big data",1.0,0.6666666666666666,1.0
¿Gracias a qué medidas IAG Cargo podrá seguir ofreciendo nuevas ventajas a nuestros clientes y accionista? ,"['A pesar de que ha sido un año complicado para el sector, hemos conseguido resultados estables y resilientes. IAG Cargo cuenta con un modelo muy consolidado y seguiremos ofreciendo nuevas ventajas a nuestros clientes y accionista gracias a nuestras inversiones constantes en todas las áreas del negocio, en forma de mejoras de las infraestructuras, ampliaciones de la red, nuevas alianzas y avances tecnológicos. Mantenemos la confianza en nuestra estrategia en 2017 y en el futuro.', 'Aer Lingus logró sus ahorros de costes gracias a un crecimiento eficiente, a través de un aumento de la productividad y las iniciativas en materia de proveedores y propiedad impulsadas desde IAG. Dichas iniciativas se pusieron en marcha en áreas como el catering, la limpieza, el mantenimiento, el handling y las negociaciones de ampliación de los contratos de arrendamiento de aviones.', 'Nuestro objetivo es ser la aerolínea líder en precio y servicio a través del Atlántico Norte gracias a una red de corto radio rentable y sostenible. Nuestra estrategia tiene como pilares fundamentales una marca y un servicio sólidos y enfocados en el cliente, una red con atractivas conexiones y una base de costes competitiva y resiliente. Creemos que Aer Lingus está bien posicionada para seguir creciendo exitosamente aprovechando las ventajas de formar parte del Grupo IAG y para alcanzar nuestros objetivos.', 'Dado que los nuevos requisitos de contabilidad de coberturas se acercarán más a las políticas de gestión de riesgo de la entidad, una evaluación preliminar de las actuales relaciones de cobertura del Grupo indica que éstas cumplirán con las condiciones para su continuidad como relaciones de cobertura con la aplicación de NIIF', 'La firma de más de un centenar de acuerdos estratégicos en 2015 supone una ventaja competitiva, ya que asegura unos niveles de competitividad en la adquisición de productos y servicios y garantiza el desarrollo de proyectos de innovación en materiales y procesos, que redundará en beneficio tanto de CIE Automotive como de sus proveedores y clientes a medio plazo. No obstante, estos acuerdos pueden suponer también un riesgo para la compañía, tal y como se muestra en el Top 15.']","a nuestras inversiones constantes en todas las áreas del negocio, en forma de mejoras de las infraestructuras, ampliaciones de la red, nuevas alianzas y avances tecnológicos","a nuestras inversiones constantes en todas las áreas del negocio, en forma de mejoras de las infraestructuras, ampliaciones de la red, nuevas alianzas y avances tecnológicos",1.0,1.0,1.0
¿Por qué Inditex ha revisado su Modelo de Prevención de Riesgos Penales?,"['Por otra parte, en 2015, con motivo de la aprobación de la Ley 1/2015, de 30 de marzo, por la que se reforma el Código Penal -introduciendo la necesidad de disponer de modelos de organización y gestión adecuados para la prevención de delitos- así como de la norma ISO 19600 (2014), que establece las directrices principales para la creación de un modelo de compliance, Inditex revisó su Modelo, aprobando un nuevo Modelo de Prevención de Riesgos Penales, que viene a sustituir el anterior y que se configura por medio de los siguientes documentos:', 'En virtud de este documento, Inditex rechaza cualquier tipo de discriminación.', 'Gracias a la colaboración con Inditex, en 2017 se han consolidado 32 proyectos de economía social, 1.139 personas han mejorado su empleabilidad, 849 de ellas han recibido formación y 460 además han encontrado un empleo.', 'Gracias a la contribución de todos nuestros empleados, Inditex ha logrado unos resultados especialmente positivos en los ejercicios 2015 y 2016, que han permitido repartir más de 79 millones de euros entre más de 84.000 personas en 50 países.', 'En 2017, y gracias a la incorporación de nuevas herramientas de difusión y acceso a la información, se ha podido hacer llegar a todos los empleados en España el contenido de estos Planes de Igualdad, disponibles a través de los diferentes canales de comunicación del Grupo y de manera especial en INet, la intranet de Inditex.']","en 2015, con motivo de la aprobación de la Ley 1/2015, de 30 de marzo, por la que se reforma el Código Penal -introduciendo la necesidad de disponer de modelos de organización y gestión adecuados para la prevención de delitos- así como de la norma ISO 19600 (2014), que establece las directrices principales para la creación de un modelo de compliance, Inditex revisó su Modelo, aprobando un nuevo Modelo de Prevención de Riesgos Penales, que viene a sustituir el anterior y que se configura por medio de los siguientes documentos:","con motivo de la aprobación de la Ley 1/2015, de 30 de marzo, por la que se reforma el Código Penal -introduciendo la necesidad de disponer de modelos de organización y gestión adecuados para la prevención de delitos- así como de la norma ISO 19600 (2014), que establece las directrices principales para la creación de un modelo de compliance",0.5,1.0,1.0
¿A qué se atribuye que se haya registrado una desaceleración de la actividad en la segunda parte de 2015 respecto al primer semestre?,"['Es cierto que se ha registrado una desaceleración de la actividad en la segunda parte de 2015 respecto a lo observado en el primer semestre debido a la ralentización de la demanda mundial, el agotamiento de algunos factores cíclicos y el aumento de la incertidumbre, en parte ligada al ciclo electoral español, pero las previsiones indican que se alcanzará un incremento del PIB de alrededor de un 2,7% para 2016.', 'Estas ventas han supuesto un ingreso de 2.885 millones de euros en el ejercicio 2015, un 5,3% menor al del ejercicio 2014 ya que la caída en las ventas físicas como consecuencia de la reducción en el número de clientes a precio regulado (–9,5%) y el incremento del coste de la energía no se ha visto compensada por el incremento del precio medio de venta.', 'En 2015, a pesar de avanzar en la certificación de nuevos sistemas de gestión ambiental conforme a ISO 14001 y a los requisitos internos, se ha registrado una disminución del porcentaje de ebitda certificado, como consecuencia de la incorporación de nuevas actividades en Chile donde se está trabajando en adaptarlas a los referenciales internacionales y a los requerimientos internos en materia de gestión ambiental. En materia de cambio climático este año se ha mantenido el avance de los diferentes proyectos encaminados a la determinación de nuestra huella de carbono e identificación de los riesgos y oportunidades derivados del cambio climático.', 'Gran parte de las líneas están en proceso de ejecución, dado que muchos de los objetivos propuestos se han trazado a 2015.', 'Además, después de haber crecido significativamente en los seis primeros meses del año, el número de visitantes estadounidenses se redujo durante el segundo semestre como consecuencia del empeoramiento de las relaciones y aumento de las tensiones entre los gobiernos estadounidense y cubano.']","a la ralentización de la demanda mundial, el agotamiento de algunos factores cíclicos y el aumento de la incertidumbre, en parte ligada al ciclo electoral español","a la ralentización de la demanda mundial, el agotamiento de algunos factores cíclicos y el aumento de la incertidumbre, en parte ligada al ciclo electoral español",1.0,1.0,1.0
¿Por qué ha caído la rentabilidad por la devaluación del dólar canadiense?,"['Otro factor que ha influido en esta caída de la rentabilidad ha sido la devaluación en un 23% del dólar canadiense ya que aproximadamente un 25% de los recursos de este subgrupo se generan en esta moneda (Catelli).', 'Debido al estancamiento del mercado sudafricano, Columbus ha debido exportar una mayor parte de su producción a los restantes mercados del Grupo, en los que se ha beneficiado de la devaluación de la moneda local, el rand sudafricano.', 'El ebitda disminuye un 20,9% debido al impacto de una menor demanda y un efecto negativo de los tipos de cambio (–46 millones de euros).', 'Las ventas netas aumentaron un 25,7% en moneda local, pero descendieron un 1,5% en euros hasta los 3.122 millones debido a la depreciación de las divisas registradas en el año (-4,8% real brasileño, -37,4% peso argentino y -5,2% yuan chino)', 'La cifra de negocio disminuyó un 14,0% hasta los 401,3 millones de euros, debido a una severa bajada del mercado local y a las fluctuaciones adversas de tipo de cambio tanto en Brasil como en Argentina.']",aproximadamente un 25% de los recursos de este subgrupo se generan en esta moneda (Catelli)</doc>,aproximadamente un 25% de los recursos de este subgrupo se generan en esta moneda ,1.0,1.0,1.0
"La puesta en marcha de las iniciativas del Plan y sus positivos resultados, ¿qué ha favorecido?","['2014 ha sido el primer año de la ejecución del Plan Estratégico a cinco años, un ejercicio en el que la Compañía ha vivido una profunda transformación gracias a la puesta en marcha de las iniciativas del Plan y sus positivos resultados.', 'Estricto control de costes, con una disminución del 0,6% gracias al plan de eficiencia y de productividad.', 'Gran parte de las líneas están en proceso de ejecución, dado que muchos de los objetivos propuestos se han trazado a 2015.', 'Los planes de pensiones son una herramienta fundamental para fomentar la cultura del ahorro, pues ayudan a que los trabajadores afronten su jubilación en mejores condiciones económicas, especialmente ahora que la presión demográfica amenaza la sostenibilidad del sistema público, al menos tal y como lo conocemos.', 'Como consecuencia de los objetivos alcanzados en 2017, el Banco se sitúa en una posición sólida para encarar el Plan Director 2018-2020.']","2014 ha sido el primer año de la ejecución del Plan Estratégico a cinco años, un ejercicio en el que la Compañía ha vivido una profunda transformación","2014 ha sido el primer año de la ejecución del Plan Estratégico a cinco años, un ejercicio en el que la Compañía ha vivido una profunda transformación",1.0,0.5,1.0
¿Cuál es la causa de que hayamos asistido a operaciones de fusión o concentración en algunos mercados relevantes?,"['Su reutilización no es posible pero sí su reciclaje, por lo que el 97% son reciclados por empresas especializadas.', 'Esta decisión se adoptó en línea con las recomendaciones de gobierno corporativo en materia de rotación del auditor externo, a propuesta de la comisión de auditoría y como resultado de un concurso de selección desarrollado con plena transparencia.', 'La baja contable de los activos de un plan puede producirse cuando estos activos son mayores que la obligación proyectada y el Grupo no puede recuperar ningún superávit a través de reembolsos del instrumento en que está materializado el compromiso de prestación definida como consecuencia de requisitos de solvencia y/o control.', 'Debt Valuation Adjustment (DVA): ajuste a la valoración similar al CVA, pero en este caso como consecuencia del riesgo propio del Grupo que asumen sus contrapartidas en los derivados OTC.', 'También podrá proponerse la separación de consejeros independientes como consecuencia de ofertas públicas de adquisición, fusiones u otras operaciones corporativas similares que supongan un cambio en la estructura de capital de la sociedad, cuando tales cambios en la estructura del consejo de administración vengan propiciados por el criterio de proporcionalidad señalado en la recomendación 16.']","el 97% son reciclados por empresas especializadas, por lo que Su reutilización no es posible pero sí su reciclaje",Aparecen nuevas opciones frente a la distribución tradicional como la compra por internet (super on line) donde el crecimiento es muy relevante y las posiciones de los principales actores en muchas ocasiones es distinta a la que tiene la distribución tradicional,0.0,0.0,0.25
¿Por qué la homologación de proveedores es imprescindible para todas las empresas que deseen contratar con MAPFRE?,"['La homologación de proveedores es imprescindible para todas las empresas que deseen contratar con MAPFRE, ya que garantiza la capacidad técnica, financiera y de calidad para cumplir con los compromisos que suscriben.', 'RIESGO DE CATÁSTROFES NATURALES Especial mención requiere la actuación de MAPFRE ante las catástrofes naturales donde una adecuada previsión de estos eventos y la correcta valoración de las pérdidas que pueden provocar son esenciales para la gestión de una compañía aseguradora, ya que de ello depende el impacto económico que la empresa tendrá que absorber y también la respuesta que podrá dar a sus clientes.', 'Como se ha señalado, esta fase de implantación es otra de las posibles fuentes de riesgo de modelo, por lo que es requisito indispensable que se realicen pruebas por parte de los equipos técnicos y los propietarios del modelo, certificando que se ha implementado de acuerdo a la definición metodológica y funciona de acuerdo a lo esperado.', 'En el sector de la automoción, es fundamental el correcto funcionamiento y desempeño de todos los eslabones de la cadena de producción por lo que no sólo la calidad de los componentes, sino también una disponibilidad adecuada de los mismos, es determinante para asegurar el correcto funcionamiento de la cadena de montaje de los fabricantes de automóviles.', 'Logista continúa disfrutando de la confianza de los fabricantes, gracias a su especializado y completo servicio de distribución y a los servicios de valor añadido que ofrece, así como a su neutralidad operativa.']","garantiza la capacidad técnica, financiera y de calidad para cumplir con los compromisos que suscriben","garantiza la capacidad técnica, financiera y de calidad para cumplir con los compromisos que suscriben",1.0,0.75,1.0
¿Qué hace que Santander UK tenga una presencia creciente en cuentas corrientes?,"['Visión: Santander UK tiene una presencia creciente en cuentas corrientes, gracias a su innovadora cuenta 1|2|3, y está aumentando su participación en el mercado de banca corporativa y de pymes, que actualmente representa el 6,6% de sus préstamos a los clientes.', 'Santander es uno de los bancos más rentables y eficientes gracias al talento y trabajo de nuestros equipos, que han conseguido unos resultados excelentes, haciendo las cosas de manera más sencilla, personal y justa.', 'Santander quiere proporcionar a sus clientes una experiencia de servicio excelente y, por ello, durante este año ha puesto en marcha nuevas iniciativas que pretenden mejorar los procesos desde la visión del cliente incorporando los beneficios que supone la transformación digital.', 'La morosidad y el coste de crédito permanecen en niveles moderados gracias a las políticas de admisión de nueva producción más estrictas en SC USA, y el buen comportamiento en las carteras de particulares y empresas en Santander Bank.', 'Quiero felicitar a los más de 200.000 profesionales que trabajan en el Grupo Santander, puesto que los logros alcanzados en 2017 no hubieran sido posibles sin la aportación de cada uno de ellos. tenemos el objetivo de consolidarnos como el mejor banco comercial para nuestros empleados, clientes, accionistas y la sociedad.']","su innovadora cuenta 1|2|3, y está aumentando su participación en el mercado de banca corporativa y de pymes, que actualmente representa el 6,6% de sus préstamos a los clientes",su innovadora cuenta 1|2|3,0.5,1.0,1.0
¿Qué ha supuesto el compromiso de desempeñar su actividad de manera sostenible con el medio ambiente?,"['Su reutilización no es posible pero sí su reciclaje, por lo que el 97% son reciclados por empresas especializadas.', 'Esta decisión se adoptó en línea con las recomendaciones de gobierno corporativo en materia de rotación del auditor externo, a propuesta de la comisión de auditoría y como resultado de un concurso de selección desarrollado con plena transparencia.', 'La baja contable de los activos de un plan puede producirse cuando estos activos son mayores que la obligación proyectada y el Grupo no puede recuperar ningún superávit a través de reembolsos del instrumento en que está materializado el compromiso de prestación definida como consecuencia de requisitos de solvencia y/o control.', 'Debt Valuation Adjustment (DVA): ajuste a la valoración similar al CVA, pero en este caso como consecuencia del riesgo propio del Grupo que asumen sus contrapartidas en los derivados OTC.', 'También podrá proponerse la separación de consejeros independientes como consecuencia de ofertas públicas de adquisición, fusiones u otras operaciones corporativas similares que supongan un cambio en la estructura de capital de la sociedad, cuando tales cambios en la estructura del consejo de administración vengan propiciados por el criterio de proporcionalidad señalado en la recomendación 16.']",el 97% son reciclados por empresas especializadas,"Mediaset España ha ido adoptando a lo largo del tiempo, medidas para hacer un uso eficiente de los recursos naturales, gestionar de forma responsable los residuos generados, así como minimizar los impactos sobre el entorno natural en los lugares donde desarrolla sus actividades",0.0,1.0,0.0
¿Qué les hace no querer caer en la autocomplacencia?,"['No obstante, no queremos caer en la autocomplacencia porque nuestra constante es crecer, superar retos, nunca acomodarnos en la tentadora zona de lo fácil.', 'Esto redunda en una mejora de la autoestima, incrementando el orgullo de pertenencia a la empresa, y, por consiguiente, en la atracción y retención del talento.', 'Nuestra evolución en los últimos años y nuestras fortalezas nos permiten acelerar nuestra transformación', 'Llevamos años siendo cada vez más y más eficientes, por eso también cada vez es más difícil mejorar.', 'Somos lo que somos porque durante todos estos años hemos sabido como nadie adelantarnos, innovar y prepararnos, en definitiva, para el cambio.']","nuestra constante es crecer, superar retos, nunca acomodarnos en la tentadora zona de lo fácil","nuestra constante es crecer, superar retos, nunca acomodarnos en la tentadora zona de lo fácil",1.0,0.6666666666666666,1.0
"¿Qué efecto tiene que, en algunas ocasiones, la solución a las reclamaciones pueda ser local pero, en otras, deban intervenir las direcciones centrales?","['En algunas ocasiones, la solución a las reclamaciones puede ser local pero, en otras, deben intervenir las direcciones centrales. Por eso, el defensor del cliente coordina fábricas, ingeniería, dirección de obras, etc... para ofrecer una respuesta integral.', 'Un aumento de precios del coste de la materia prima en origen tan abrupto como el descrito impacta directamente en los márgenes, ya que el traslado a los clientes resulta complejo y es fruto de largas negociaciones con la distribución.', 'En el ámbito local, las direcciones de riesgos locales deberán contar con la estructura y los medios necesarios para llevar a cabo su actividad según se ha descrito anteriormente, ya que son las encargadas de la ejecución de los distintos controles establecidos, asumiendo la responsabilidad de informar de los resultados de los mismos tanto a sus interlocutores a nivel local (negocio, supervisión de riesgos, reguladores y supervisores, etc), como a sus interlocutores a nivel corporativo.', 'También podrá proponerse la separación de consejeros independientes como consecuencia de ofertas públicas de adquisición, fusiones u otras operaciones corporativas similares que supongan un cambio en la estructura de capital de la sociedad, cuando tales cambios en la estructura del consejo de administración vengan propiciados por el criterio de proporcionalidad señalado en la recomendación 16.', 'Sin embargo, debido a la legislación de algunos países o a los usos habituales para los contratos de arrendamiento, en algunos casos la duración es menor.']","el defensor del cliente coordina fábricas, ingeniería, dirección de obras, etc... para ofrecer una respuesta integral","el defensor del cliente coordina fábricas, ingeniería, dirección de obras, etc... para ofrecer una respuesta integral",1.0,1.0,1.0
¿Qué implican las nuevas tecnologías?,"['Su reutilización no es posible pero sí su reciclaje, por lo que el 97% son reciclados por empresas especializadas.', 'Esta decisión se adoptó en línea con las recomendaciones de gobierno corporativo en materia de rotación del auditor externo, a propuesta de la comisión de auditoría y como resultado de un concurso de selección desarrollado con plena transparencia.', 'La baja contable de los activos de un plan puede producirse cuando estos activos son mayores que la obligación proyectada y el Grupo no puede recuperar ningún superávit a través de reembolsos del instrumento en que está materializado el compromiso de prestación definida como consecuencia de requisitos de solvencia y/o control.', 'Debt Valuation Adjustment (DVA): ajuste a la valoración similar al CVA, pero en este caso como consecuencia del riesgo propio del Grupo que asumen sus contrapartidas en los derivados OTC.', 'También podrá proponerse la separación de consejeros independientes como consecuencia de ofertas públicas de adquisición, fusiones u otras operaciones corporativas similares que supongan un cambio en la estructura de capital de la sociedad, cuando tales cambios en la estructura del consejo de administración vengan propiciados por el criterio de proporcionalidad señalado en la recomendación 16.']",el 97% son reciclados por empresas especializadas,la digitalización de las facturas de nuestros clientes,0.0,0.0,0.0
"¿A qué se debe que Estados Unidos experimentara prácticamente pleno empleo, inflación controlada, incremento del número de asalariados con mejoras en los salarios medios y un índice de confianza de los consumidores positivo?","['Estados Unidos, por su parte, experimentó cierta ralentización en su crecimiento, con un incremento anual del PIB del 1,6%, pero con un satisfactorio cuadro macroeconómico: prácticamente pleno empleo, inflación controlada, incremento del número de asalariados con mejoras en los salarios medios y un índice de confianza de los consumidores positivo gracias al impulso fiscal anunciado por el nuevo presidente.', 'Esto redunda en una mejora de la autoestima, incrementando el orgullo de pertenencia a la empresa, y, por consiguiente, en la atracción y retención del talento.', 'Europa ha tenido una primera mitad del año con fuerte incremento del consumo aparente, debido al incremento en la utilización por parte de los clientes finales pero también debido a la recuperación de stocks en la cadena de suministro.', 'En 2017 continuó mejorando el mercado de la vivienda y la situación financiera de los hogares gracias al buen cuadro macroeconómico y en particular a la evolución del empleo.', 'Estas cifras unidas a una baja rotación voluntaria del 5,3 % dan como resultado un elevado índice de estabilidad.']",al impulso fiscal anunciado por el nuevo presidente,al impulso fiscal anunciado por el nuevo presidente,1.0,0.8333333333333334,1.0
¿A qué se debió el respaldo de la compañía a la visita de Juan Luis Guerra dentro de su gira internacional?,"['Su reutilización no es posible pero sí su reciclaje, por lo que el 97% son reciclados por empresas especializadas.', 'Esta decisión se adoptó en línea con las recomendaciones de gobierno corporativo en materia de rotación del auditor externo, a propuesta de la comisión de auditoría y como resultado de un concurso de selección desarrollado con plena transparencia.', 'Debt Valuation Adjustment (DVA): ajuste a la valoración similar al CVA, pero en este caso como consecuencia del riesgo propio del Grupo que asumen sus contrapartidas en los derivados OTC.', 'Ofrece a los usuarios una imagen tridimensional del objeto que se inspecciona, con lo que se ofrece una visión clara acerca del alcance y naturaleza de los posibles defectos.', 'Llevamos años siendo cada vez más y más eficientes, por eso también cada vez es más difícil mejorar.']","conseguir el respaldo de la compañía a la visita de Juan Luis Guerra dentro de su gira internacional, por lo que el 97% son reciclados por empresas especializadas",con motivo de la celebración de su 25º Aniversario,0.25,0.5,0.25
¿Por qué motivo la responsabilidad de la gestión y control de riesgos recae en todos los empleados?,"['Esta cultura de riesgos se define a través de cinco principios que han de formar parte de la gestión del día a día de todos los empleados del Grupo: Responsabilidad, porque todas las unidades y empleados (con independencia de la función que desempeñen) deben conocer y entender los riesgos en que incurren en su actividad diaria y ser responsables de su identificación, valoración, gestión y reporte', 'El riesgo operacional es inherente a todos los productos, actividades, procesos y sistemas, y se genera en todas las áreas de negocio y de soporte, siendo por esta razón, responsabilidad de todos los empleados la gestión y control de los riesgos generados en su ámbito de actuación.', 'En el ámbito local, las direcciones de riesgos locales deberán contar con la estructura y los medios necesarios para llevar a cabo su actividad según se ha descrito anteriormente, ya que son las encargadas de la ejecución de los distintos controles establecidos, asumiendo la responsabilidad de informar de los resultados de los mismos tanto a sus interlocutores a nivel local (negocio, supervisión de riesgos, reguladores y supervisores, etc), como a sus interlocutores a nivel corporativo.', 'Todos los riesgos están transferidos a la compañía de seguros, ya que esta incluso asegura la garantía indicada anteriormente.', 'Y también han de ser flexibles, porque la gestión de riesgos tiene que adaptarse rápidamente a nuevos entornos y escenarios imprevistos.']","El riesgo operacional es inherente a todos los productos, actividades, procesos y sistemas, y se genera en todas las áreas de negocio y de soporte","El riesgo operacional es inherente a todos los productos, actividades, procesos y sistemas, y se genera en todas las áreas de negocio y de soporte",1.0,0.75,1.0
¿En qué ha derivado el empeoramiento de las relaciones y aumento de las tensiones entre los gobiernos estadounidense y cubano?,"['Su reutilización no es posible pero sí su reciclaje, por lo que el 97% son reciclados por empresas especializadas.', 'Esta decisión se adoptó en línea con las recomendaciones de gobierno corporativo en materia de rotación del auditor externo, a propuesta de la comisión de auditoría y como resultado de un concurso de selección desarrollado con plena transparencia.', 'La baja contable de los activos de un plan puede producirse cuando estos activos son mayores que la obligación proyectada y el Grupo no puede recuperar ningún superávit a través de reembolsos del instrumento en que está materializado el compromiso de prestación definida como consecuencia de requisitos de solvencia y/o control.', 'Debt Valuation Adjustment (DVA): ajuste a la valoración similar al CVA, pero en este caso como consecuencia del riesgo propio del Grupo que asumen sus contrapartidas en los derivados OTC.', 'También podrá proponerse la separación de consejeros independientes como consecuencia de ofertas públicas de adquisición, fusiones u otras operaciones corporativas similares que supongan un cambio en la estructura de capital de la sociedad, cuando tales cambios en la estructura del consejo de administración vengan propiciados por el criterio de proporcionalidad señalado en la recomendación 16.']","en el desplome de la Unión Soviética, que llevó a Cuba a perder su principal aliado y a Estados Unidos a perder su principal enemigo, lo que llevó a una serie de cambios en la política exterior de ambos países, incluyendo el embargo de Cuba por parte de Estados Unidos","después de haber crecido significativamente en los seis primeros meses del año, el número de visitantes estadounidenses se redujo durante el segundo semestre",0.0,0.14285714285714285,0.0
"¿Qué efectos tienen los cambios en los objetivos estratégicos, estructura organizativa y normativa vigente entre otros?","['Su reutilización no es posible pero sí su reciclaje, por lo que el 97% son reciclados por empresas especializadas.', 'Esta decisión se adoptó en línea con las recomendaciones de gobierno corporativo en materia de rotación del auditor externo, a propuesta de la comisión de auditoría y como resultado de un concurso de selección desarrollado con plena transparencia.', 'La baja contable de los activos de un plan puede producirse cuando estos activos son mayores que la obligación proyectada y el Grupo no puede recuperar ningún superávit a través de reembolsos del instrumento en que está materializado el compromiso de prestación definida como consecuencia de requisitos de solvencia y/o control.', 'Debt Valuation Adjustment (DVA): ajuste a la valoración similar al CVA, pero en este caso como consecuencia del riesgo propio del Grupo que asumen sus contrapartidas en los derivados OTC.', 'También podrá proponerse la separación de consejeros independientes como consecuencia de ofertas públicas de adquisición, fusiones u otras operaciones corporativas similares que supongan un cambio en la estructura de capital de la sociedad, cuando tales cambios en la estructura del consejo de administración vengan propiciados por el criterio de proporcionalidad señalado en la recomendación 16.']",el 97% son reciclados por empresas especializadas,"La Comisión de Auditoría analizará anualmente la vigencia del mapa de Riesgos de la Compañía y procederá a incorporar, modificar o descartar los riesgos que, en su caso, sea necesario",0.0,0.16666666666666666,0.0
¿Qué efectos tiene que Vidrala sea consciente de la importancia de avanzar en la lucha contra el cambio climático?,"['Vidrala es consciente de la importancia que supone avanzar con paso firme en la lucha contra el cambio climático, por lo que ha manifestado su voluntad de participar en el camino marcado por la iniciativa Stop CO₂ Euskadi con la colaboración a través de sus actividades de diseño, I+D+i, administración y comercialización de envases de vidrio.', 'El factor climático tiene cada vez mayor importancia, por lo que impulsar y fomentar acciones para proteger el medioambiente y luchar contra su degradación adquieren una importancia capital.', 'En este sentido ha hecho, junto con otros bancos, un llamamiento público a todas las entidades signatarias de los Principios de Ecuador para que apoyen la ampliación de esta exigencia.finanzas sosteniBles 2017 P.97 Finanzas sostenibles Los bancos juegan un papel crucial en la lucha contra el cambio climático gracias a su posición única para movilizar capital mediante inversiones, préstamos y funciones de asesoramiento.', 'Como resultado de la adquisición, Vidrala incrementará su notoriedad en el mercado de envases de vidrio europeo, aportando tamaño, diversificación y futuro a una base de negocio de solidez demostrada.', 'Esta nueva revolución está creando también nuevos desafíos sociales y de sostenibilidad, por lo que debemos estar preparados para hacerles frente.']","ha manifestado su voluntad de participar en el camino marcado por la iniciativa Stop CO₂ Euskadi con la colaboración a través de sus actividades de diseño, I+D+i, administración y comercialización de envases de vidrio","ha manifestado su voluntad de participar en el camino marcado por la iniciativa Stop CO₂ Euskadi con la colaboración a través de sus actividades de diseño, I+D+i, administración y comercialización de envases de vidrio",1.0,0.4,1.0
¿Gracias a qué se ha obtenido un crecimiento del 8% en el resultado antes de impuestos?,"['El resultado antes de impuestos, que refleja mejor la evolución del negocio, crece un 8% gracias al aumento de volúmenes, la buena gestión de márgenes y el control de costes.', 'Un crecimiento que hemos alcanzado sin realizar ampliaciones de capital y gracias a una política prudente de distribución del dividendo.', 'Sin considerar esta venta, el beneficio neto ha crecido un 25,4% principalmente debido al buen desempeño del margen financiero y las comisiones cobradas y por un adecuado control de los gastos de administración y promoción.', 'El beneficio antes de impuestos en 2015 fue de 31 millones de euros, gracias a la muy escasa morosidad (un 1%, diez veces menos que el promedio del sector), un balance equilibrado y un nivel de gastos de estructura muy bajo.', 'Como resultado de los puntos mencionados anteriormente, el Grupo ha obtenido un beneficio después de impuestos de 17.526 miles de euros.']","al aumento de volúmenes, la buena gestión de márgenes y el control de costes","al aumento de volúmenes, la buena gestión de márgenes y el control de costes",1.0,0.3333333333333333,1.0
¿Qué se ha conseguido con los esfuerzos realizados durante 2016?,"['Gracias a los diversos esfuerzos que se realizaron durante 2016, hemos reducido nuestro consumo global de agua en un 4,4% con respecto a 2015.', 'Gran parte de las líneas están en proceso de ejecución, dado que muchos de los objetivos propuestos se han trazado a 2015.', 'Gracias a estas y otras mejoras, las incidencias en todas las plataformas se han reducido en un 61% con respecto al año anterior.', 'CLAVES DEL EJERCICIO 2016 En 2016 Santander Chile logró una mejora sustancial en los indicadores de satisfacción de clientes gracias a la simplificación de procesos y a un mayor foco en el cliente, y cerrando así la brecha que existía con los principales competidores en materia de calidad de servicio.', 'Gracias a estas medidas, tal y como queda reflejado en la gráfica anterior, hemos alcanzado una reducción del 6% en el consumo de energía eléctrica por prenda puesta en el mercado y de un 3% con respecto a las ventas, en comparación con 2016.']","hemos reducido nuestro consumo global de agua en un 4,4% con respecto a 2015","hemos reducido nuestro consumo global de agua en un 4,4% con respecto a 2015",1.0,1.0,1.0
¿Qué factores contribuyen a que Acerinox venda sus productos en los cinco continentes?,"['Acerinox vende sus productos en los cinco continentes gracias a una red comercial global formada por oficinas y centros de servicio.', 'La diversidad y la inclusión es para Acerinox un objetivo estratégico porque de lo que se trata es de atraer y retener el talento que se necesita para el éxito, proporcionando los mejores servicios a nuestros clientes en todo el mundo.', 'El Grupo es uno de los mayores fabricantes en Europa, el mayor de Estados Unidos, el único en el continente africano, y en la actualidad está aumentado sus cuotas de mercado en Asia y Oceanía gracias a las ventas de los productos fabricados en la nueva planta de Malasia.', 'Portis ha consolidado su presencia en la península, especialmente en el noroeste a través de la recientemente adquirida Enor, gracias a su estrategia de expansión basada en una oferta completa de mantenimiento y especial atención al servicio al cliente.', 'Logista continúa disfrutando de la confianza de los fabricantes, gracias a su especializado y completo servicio de distribución y a los servicios de valor añadido que ofrece, así como a su neutralidad operativa.']",una red comercial global formada por oficinas y centros de servicio,una red comercial global formada por oficinas y centros de servicio,1.0,1.0,1.0
¿Por qué aumentaron los gastos de mantenimiento y otros costes de flota?,"['Los gastos de mantenimiento y otros costes de flota aumentaron un 19,2%, excluyendo los efectos cambiarios, como consecuencia del incremento de la actividad de MRO (en torno a 7 puntos). Los costes de mantenimiento aumentaron debido al volumen, con un mayor número de aviones y horas de vuelo, que subieron un 10,7%. También aumentaron por el ajuste en el reconocimiento de provisiones ligadas a la transición emprendida por el Grupo hacia contratos de mantenimiento de pago por consumo.', 'La deuda neta de las actividades de financiación regulares aumentó en 187 millones de euros, ya que los nuevos préstamos superaron ligeramente los repagos en concepto de arrendamientos y amortizaciones de deuda del ejercicio actual. El nivel de los nuevos préstamos y arrendamientos financieros de 2016 estuvo en consonancia con el calendario de entregas de flota del Grupo.', 'Los otros gastos por operaciones (3.918 millones de euros) crecen un 19,9% interanual en el año debido al incremento generalizado de precios en algún país de la región comentado anteriormente así como a la mayor actividad comercial y los gastos asociados a la mayor capacidad de tráfico, tanto de voz como de datos.', 'La plantilla aumentó un 2,6% dado que se han puesto en marcha nuevas líneas y que ha aumentado la producción.', 'Resultado bruto de explotación (EBITDA)el margen bruto de explotación se incrementa un 10,5% respecto al cierre de 2013, debido al impacto de los activos adquiridos a finales de 2013 y principios de 2014, y gracias al plan iniciado en ejercicios anteriores para implantar una serie de medidas de mejora de la eficiencia y optimización de los costes de explotación, en las que el Grupo continuará haciendo hincapié.']",del incremento de la actividad de MRO (en torno a 7 puntos),consecuencia del incremento de la actividad de MRO (en torno a 7 puntos),0.75,0.6666666666666666,1.0
¿En qué ha derivado que los tipos de residuos generados en cada fábrica no coincidan al 100%?,"['Su reutilización no es posible pero sí su reciclaje, por lo que el 97% son reciclados por empresas especializadas.', 'Esta decisión se adoptó en línea con las recomendaciones de gobierno corporativo en materia de rotación del auditor externo, a propuesta de la comisión de auditoría y como resultado de un concurso de selección desarrollado con plena transparencia.', 'Debt Valuation Adjustment (DVA): ajuste a la valoración similar al CVA, pero en este caso como consecuencia del riesgo propio del Grupo que asumen sus contrapartidas en los derivados OTC.', 'Ofrece a los usuarios una imagen tridimensional del objeto que se inspecciona, con lo que se ofrece una visión clara acerca del alcance y naturaleza de los posibles defectos.', 'Llevamos años siendo cada vez más y más eficientes, por eso también cada vez es más difícil mejorar.']","Su reutilización no es posible pero sí su reciclaje, por lo que el 97% son reciclados por empresas especializadas",se han reducido a un grupo homogéneo para su comparación,0.0,0.5,0.5
¿Qué efecto tiene que la compañía audiovisual sea el primer grupo de comunicación en ser socio de una entidad de referencia en RSE y sostenibilidad en España y Latinoamérica?,"['Su reutilización no es posible pero sí su reciclaje, por lo que el 97% son reciclados por empresas especializadas.', 'Esta decisión se adoptó en línea con las recomendaciones de gobierno corporativo en materia de rotación del auditor externo, a propuesta de la comisión de auditoría y como resultado de un concurso de selección desarrollado con plena transparencia.', 'La baja contable de los activos de un plan puede producirse cuando estos activos son mayores que la obligación proyectada y el Grupo no puede recuperar ningún superávit a través de reembolsos del instrumento en que está materializado el compromiso de prestación definida como consecuencia de requisitos de solvencia y/o control.', 'Debt Valuation Adjustment (DVA): ajuste a la valoración similar al CVA, pero en este caso como consecuencia del riesgo propio del Grupo que asumen sus contrapartidas en los derivados OTC.', 'También podrá proponerse la separación de consejeros independientes como consecuencia de ofertas públicas de adquisición, fusiones u otras operaciones corporativas similares que supongan un cambio en la estructura de capital de la sociedad, cuando tales cambios en la estructura del consejo de administración vengan propiciados por el criterio de proporcionalidad señalado en la recomendación 16.']",el 97% son reciclados por empresas especializadas,"Atresmedia, primer grupo de comunicación audiovisual socio de Forética Atresmedia ha firmado un convenio de colaboración con Forética",0.0,0.5,0.0
¿Qué efecto ha tenido la garantía prestada por este tipo de entidades a diversas operaciones de financiación o titulización tradicional?,"['Su reutilización no es posible pero sí su reciclaje, por lo que el 97% son reciclados por empresas especializadas.', 'Esta decisión se adoptó en línea con las recomendaciones de gobierno corporativo en materia de rotación del auditor externo, a propuesta de la comisión de auditoría y como resultado de un concurso de selección desarrollado con plena transparencia.', 'La baja contable de los activos de un plan puede producirse cuando estos activos son mayores que la obligación proyectada y el Grupo no puede recuperar ningún superávit a través de reembolsos del instrumento en que está materializado el compromiso de prestación definida como consecuencia de requisitos de solvencia y/o control.', 'Debt Valuation Adjustment (DVA): ajuste a la valoración similar al CVA, pero en este caso como consecuencia del riesgo propio del Grupo que asumen sus contrapartidas en los derivados OTC.', 'También podrá proponerse la separación de consejeros independientes como consecuencia de ofertas públicas de adquisición, fusiones u otras operaciones corporativas similares que supongan un cambio en la estructura de capital de la sociedad, cuando tales cambios en la estructura del consejo de administración vengan propiciados por el criterio de proporcionalidad señalado en la recomendación 16.']",el 97% son reciclados por empresas especializadas,"la exposición del Santander a compañías aseguradoras de bonos (denominadas monolines) era, en diciembre de 2014, de 137 millones de euros 29 , referida mayoritariamente a la exposición indirecta, 136 millones de euros",0.0,0.6666666666666666,0.0
¿Qué efecto ha tenido el hecho de que hayan disminuido los accidentes sin baja?,"['Su reutilización no es posible pero sí su reciclaje, por lo que el 97% son reciclados por empresas especializadas.', 'Esta decisión se adoptó en línea con las recomendaciones de gobierno corporativo en materia de rotación del auditor externo, a propuesta de la comisión de auditoría y como resultado de un concurso de selección desarrollado con plena transparencia.', 'Debt Valuation Adjustment (DVA): ajuste a la valoración similar al CVA, pero en este caso como consecuencia del riesgo propio del Grupo que asumen sus contrapartidas en los derivados OTC.', 'Ofrece a los usuarios una imagen tridimensional del objeto que se inspecciona, con lo que se ofrece una visión clara acerca del alcance y naturaleza de los posibles defectos.', 'Llevamos años siendo cada vez más y más eficientes, por eso también cada vez es más difícil mejorar.']",también cada vez es más difícil mejorar,Se han reducido los índices de frecuencia y gravedad,0.25,0.5,0.0
¿Qué hecho ha favorecido la producción hidráulica en Costa Rica? ,"['Su reutilización no es posible pero sí su reciclaje, por lo que el 97% son reciclados por empresas especializadas.', 'Esta decisión se adoptó en línea con las recomendaciones de gobierno corporativo en materia de rotación del auditor externo, a propuesta de la comisión de auditoría y como resultado de un concurso de selección desarrollado con plena transparencia.', 'Debt Valuation Adjustment (DVA): ajuste a la valoración similar al CVA, pero en este caso como consecuencia del riesgo propio del Grupo que asumen sus contrapartidas en los derivados OTC.', 'Ofrece a los usuarios una imagen tridimensional del objeto que se inspecciona, con lo que se ofrece una visión clara acerca del alcance y naturaleza de los posibles defectos.', 'Llevamos años siendo cada vez más y más eficientes, por eso también cada vez es más difícil mejorar.']",el 97% son reciclados por empresas especializadas,un mayor despacho por parte de ICE (Instituto Costarricense de Energía) debido a la mayor pluviosidad respecto al año anterior y la entrada en operación comercial de Torito,0.0,0.0,0.0
"Estas cifras, unidas a una baja rotación voluntaria del 5,3%, ¿qué implican?","['Estas cifras unidas a una baja rotación voluntaria del 5,3 % dan como resultado un elevado índice de estabilidad.', 'Este nivel es el inferior al del año pasado debido a la incorporación del perímetro de banca mayorista global.', 'Estas ventas han supuesto un ingreso de 2.885 millones de euros en el ejercicio 2015, un 5,3% menor al del ejercicio 2014 ya que la caída en las ventas físicas como consecuencia de la reducción en el número de clientes a precio regulado (–9,5%) y el incremento del coste de la energía no se ha visto compensada por el incremento del precio medio de venta.', 'Estas ventas han supuesto un ingreso de 2.412 millones de euros en el ejercicio 2016, un 16,4% inferior al del ejercicio 2015 como consecuencia de la caída en las unidades físicas vendidas y del menor precio medio de venta.', 'El ebitda disminuye un 20,9% debido al impacto de una menor demanda y un efecto negativo de los tipos de cambio (–46 millones de euros).']",dan como resultado un elevado índice de estabilidad,un elevado índice de estabilidad,0.75,1.0,1.0
¿Qué efecto tuvo la garantía prestada por estas entidades en diversas operaciones de financiación o titulización tradicional?,"['Como consecuencia de los compromisos adquiridos en el Plan de Recapitalización, la actividad de la entidad en los mercados financieros se mantuvo reducida.', 'Los estímulos gubernamentales parecen estar fomentando el crecimiento por medio tanto del consumo privado, que está redundando en una mejora de la confianza de los consumidores, como de la inversión, la cual está aumentando gracias a las facilidades de acceso al crédito impulsadas por el Fondo de Garantía del Crédito (CGF, por su siglas en inglés).', 'Destacan operaciones como la financiación en la compra del 20% de Gas Natural por Global Infrastructure Partners y el asesoramiento y financiación al consorcio entre Vinci, ADP y Astaldi para la construcción de la nueva terminal internacional del de Chile. En el mercado de capitales de deuda, Santander se posiciona como líder en el ranking latinoamericano, ya que ha estado presente en las principales operaciones de la región.', 'Capacitación financiera gracias a las tecnologías digitales', 'Como consecuencia de la intervención del BCe en los mercados, la excepcionalidad en el área euro es tal que los tipos de interés negativos de la deuda pública se han convertido en habituales.']",la actividad de la entidad en los mercados financieros se mantuvo reducida,"la exposición de Grupo Santander a compañías aseguradoras de bonos (denominadas monolines) en diciembre de 2016 era de 49,5 millones de euros, referida mayoritariamente a la exposición indirecta, 49 millones de euros",0.0,1.0,0.5
"La eficacia de este Sistema de Gestión de Calidad y los planes de mejora impulsadas, ¿qué han provocado?","['Gracias a la eficacia de este Sistema de Gestión de Calidad y a los planes de mejora impulsados, las incidencias registradas en los procesos de producción, grabación y emisión de los contenidos mantienen desde hace años una evolución descendente.', 'Gracias a esta vocación de excelencia, la compañía mantiene certificaciones en los campos de gestión de calidad, gestión ambiental y seguridad y salud.', 'Estricto control de costes, con una disminución del 0,6% gracias al plan de eficiencia y de productividad.', 'Como consecuencia de las conclusiones que ofreció este informe, se han identificado los puntos significativos y las mejoras que deben abordarse en los próximos años.', 'Además, se ha procedido a revisar el estado actual de las instalaciones obteniendo como resultado unas propuestas de mejora de ahorro y eficiencia energética.']","las incidencias registradas en los procesos de producción, grabación y emisión de los contenidos mantienen desde hace años una evolución descendente","las incidencias registradas en los procesos de producción, grabación y emisión de los contenidos mantienen desde hace años una evolución descendente",1.0,0.3333333333333333,1.0
¿A qué se debe que este año el consumo energético fuese superior al de 2015?,"['A pesar de los esfuerzos, este año el consumo energético fue superior al de 2015 debido a una mayor producción.', 'Sin embargo el consumo total de electricidad y de gasóleo ha subido ligeramente en 2015 como consecuencia del incremento del número de coberturas y de la producción de programas especiales informativos derivados de la actualidad y especialmente de las elecciones Municipales, Autonómicas y Generales celebradas en 2015.', 'Estas ventas han supuesto un ingreso de 2.885 millones de euros en el ejercicio 2015, un 5,3% menor al del ejercicio 2014 ya que la caída en las ventas físicas como consecuencia de la reducción en el número de clientes a precio regulado (–9,5%) y el incremento del coste de la energía no se ha visto compensada por el incremento del precio medio de venta.', 'Gracias a los diversos esfuerzos que se realizaron durante 2016, hemos reducido nuestro consumo global de agua en un 4,4% con respecto a 2015.', 'Gracias a estas medidas, tal y como queda reflejado en la gráfica anterior, hemos alcanzado una reducción del 6% en el consumo de energía eléctrica por prenda puesta en el mercado y de un 3% con respecto a las ventas, en comparación con 2016.']",a una mayor producción,a una mayor producción,1.0,1.0,1.0
¿Por qué razón se mantienen planos los costes?,"['Estricto control de costes, con una disminución del 0,6% gracias al plan de eficiencia y de productividad.', 'La morosidad y el coste de crédito permanecen en niveles estables gracias a la mejora de desempeño de las carteras de auto en SC USA, tras la implantación de la nueva política de riesgos que tuvo lugar en el primer trimestre, enfocada a mejorar el perfil de las nuevas operaciones, y tras los ajustes realizados en el sector de Oil&Gas, en línea con la industria, en Santander Bank.', 'La política de gestión de personal llevada a cabo por la compañía permite obtener un alto nivel de conocimiento y contacto con la plantilla gracias a una estructura descentralizada que comprende responsables de Recursos Humanos en todas las sociedades más importantes del Grupo y la implementación de políticas propias para cada una de ellas que incluyen no solo políticas generales para regular la relación empresa/trabajador, sino también directivas específicas de Salud y Seguridad en el Trabajo, Formación y Educación, Diversidad e Igualdad de Oportunidades e Igual Remuneración entre Hombres y Mujeres. Por otro lado, aquellas filiales que disponen de una estructura de personal pequeña (eminentemente sociedades comerciales con menos de 10 empleados) se rigen eminentemente por la legislación laboral del país en el que desarrollan su actividad.', 'La morosidad y el coste de crédito permanecen en niveles moderados gracias a las políticas de admisión de nueva producción más estrictas en SC USA, y el buen comportamiento en las carteras de particulares y empresas en Santander Bank.', 'Los planes de pensiones son una herramienta fundamental para fomentar la cultura del ahorro, pues ayudan a que los trabajadores afronten su jubilación en mejores condiciones económicas, especialmente ahora que la presión demográfica amenaza la sostenibilidad del sistema público, al menos tal y como lo conocemos.']","con una disminución del 0,6% gracias al plan de eficiencia y de productividad","la mejora en la eficiencia absorbe las inversiones en el crecimiento del negocio, el coste de la reforma bancaria (que asciende a 85 millones de libras) y la mejora de los canales digitales",0.0,0.5,1.0
¿Qué explica la búsqueda de fórmulas financieras atractivas que permitan obtener un valor añadido real?,"['Este tipo de inversiones, en cualquier caso, cumplirá con nuestra prioridad de creación de valor para el accionista, y por ello buscamos las fórmulas financieras atractivas que nos permitan obtener un valor añadido real.', 'La compañía ha ido ganando volumen merced a un modelo de negocio único en su sector, que le ha permitido aumentar su rentabilidad pese a los ciclos económicos adversos y ganarse la confianza del mercado.', 'Los estímulos gubernamentales parecen estar fomentando el crecimiento por medio tanto del consumo privado, que está redundando en una mejora de la confianza de los consumidores, como de la inversión, la cual está aumentando gracias a las facilidades de acceso al crédito impulsadas por el Fondo de Garantía del Crédito (CGF, por su siglas en inglés).', 'La capacidad de maximizar la utilización de nuestros activos durante su vida  útil es un factor importante dado que nuestra actividad requiere de importantes  inversiones.', 'El entorno para la actividad bancaria está siendo desafiante, ya que a la evolución anterior se unen unos tipos de interés extraordinariamente bajos en los países desarrollados, crecimientos de volúmenes reducidos, fuerte presión competitiva por parte tanto de entidades bancarias como no bancarias, y un entorno regulatorio exigente.']","Este tipo de inversiones, en cualquier caso, cumplirá con nuestra prioridad de creación de valor para el accionista","Este tipo de inversiones, en cualquier caso, cumplirá con nuestra prioridad de creación de valor para el accionista",1.0,1.0,1.0
¿A qué se debió la mejora que la compañía potenció?,"['La compañía ha ido ganando volumen merced a un modelo de negocio único en su sector, que le ha permitido aumentar su rentabilidad pese a los ciclos económicos adversos y ganarse la confianza del mercado.', 'La plantilla aumentó un 2,6% dado que se han puesto en marcha nuevas líneas y que ha aumentado la producción.', 'Esto redunda en una mejora de la autoestima, incrementando el orgullo de pertenencia a la empresa, y, por consiguiente, en la atracción y retención del talento.', 'Esta tendencia se sustentó en una mejora de las variables macroeconómicas, pero se potenció innegablemente gracias al esfuerzo por retener el precio que inició Atresmedia desde hace un par de años, estrategia por la que parecen por fin haber optado el resto de operadores principales del mercado.', 'Esta operación es positiva para los accionistas, ya que se estima que mejora el beneficio por acción (BPA) desde 2016.']","al esfuerzo por retener el precio que inició Atresmedia desde hace un par de años, estrategia por la que parecen por fin haber optado el resto de operadores principales del mercado","al esfuerzo por retener el precio que inició Atresmedia desde hace un par de años, estrategia por la que parecen por fin haber optado el resto de operadores principales del mercado",1.0,0.6666666666666666,1.0
¿Por qué el Santander se posiciona como líder en el mercado latinoamericano de capitales de deuda?,"['Destacan operaciones como la financiación en la compra del 20% de Gas Natural por Global Infrastructure Partners y el asesoramiento y financiación al consorcio entre Vinci, ADP y Astaldi para la construcción de la nueva terminal internacional del de Chile. En el mercado de capitales de deuda, Santander se posiciona como líder en el ranking latinoamericano, ya que ha estado presente en las principales operaciones de la región.', 'Santander es uno de los bancos más rentables y eficientes gracias al talento y trabajo de nuestros equipos, que han conseguido unos resultados excelentes, haciendo las cosas de manera más sencilla, personal y justa.', 'En el stress test de la EBA: Santander muestra una gran resistencia debido a su modelo de banca comercial y a su diversificación geográfica. En el escenario adverso, Santander es el banco que menos capital destruye entre los competidores', 'Santander quiere proporcionar a sus clientes una experiencia de servicio excelente y, por ello, durante este año ha puesto en marcha nuevas iniciativas que pretenden mejorar los procesos desde la visión del cliente incorporando los beneficios que supone la transformación digital.', 'En un entorno económico y financiero complicado, pero con una leve y paulatina mejora a lo largo del año, la estrategia en 2014 se centró en: Lanzar el proyecto Santander Advance dirigido a las pymes con una oferta financiera y no financiera que ha proporcionado una importante notoriedad al Banco gracias a las actividades organizadas con clientes. Captar nuevos clientes y vincular a los existentes.']",ha estado presente en las principales operaciones de la región,ha estado presente en las principales operaciones de la región,0.75,1.0,1.0
¿A qué se atribuye que la tasa del mes de diciembre fuera inferior a la esperada?,"['La tasa del mes de diciembre fue inferior a la esperada, debido a la baja de los precios del petróleo, alimentos y servicios (principalmente la caída de los precios de los alimentos con una baja del 4%).', 'La tasa de morosidad se ha reducido desde el 1,35% en 2016 al 1,13% a diciembre de 2017, gracias a un entorno macroeconómico más favorable y la aplicación de políticas prudentes.', 'La inflación descendió a tasas mínimas históricas, del 2,1% en diciembre, gracias a la reducción de los precios en telecomunicaciones y energía tras la implementación de reformas estructurales.', 'Este nivel es el inferior al del año pasado debido a la incorporación del perímetro de banca mayorista global.', 'Por otro lado, los gastos financieros se han reducido significativamente como resultado de fructíferas negociaciones con los bancos que permitieron minorar el tipo de interés medio satisfecho por la Compañía, el cual se situó en 3,2% frente al 3,5% del año 2016, así como incrementar los plazos de vencimiento de los instrumentos de deuda con los que actualmente se financia.']","a la baja de los precios del petróleo, alimentos y servicios (principalmente la caída de los precios de los alimentos con una baja del 4%).","a la baja de los precios del petróleo, alimentos y servicios (principalmente la caída de los precios de los alimentos con una baja del 4%)",1.0,0.25,1.0
¿Qué se ha conseguido con las reuniones con inversores institucionales?,"['Las reuniones celebradas con inversores institucionales, tanto presenciales como a través de conference calls, han aumentado durante este periodo, habiéndose celebrado 307 reuniones. Gracias a ellas, se ha mantenido un contacto directo con más de 791 compañías de inversión, cifra superior al de años anteriores. Además, se han realizado reuniones y numerosas conference calls con los analistas de los diferentes brokers que cubren la compañía.', 'Después de un primer trimestre exigente como empresa cotizada y a pesar de las dificultades experimentadas por la industria del petróleo y el gas, que es una parte importante de nuestra actividad, me complace anunciar que, gracias a la gestión y dirección de Fernando Basabe y de su equipo, el Grupo ha logrado obtener resultados conforme a nuestras expectativas.', 'Gran parte de las líneas están en proceso de ejecución, dado que muchos de los objetivos propuestos se han trazado a 2015.', 'Gracias a nuestra visión estratégica y a un importante rigor en la gestión, acompañada por unos sólidos valores, aquilatados por el fuerte componente familiar, hemos superado con éxito una compleja etapa en la que hemos logrado alcanzar la mayor parte de los objetivos propuestos, afrontando el futuro con solvencia y optimismo.', 'Un crecimiento que hemos alcanzado sin realizar ampliaciones de capital y gracias a una política prudente de distribución del dividendo.']","se ha mantenido un contacto directo con más de 791 compañías de inversión, cifra superior al de años anteriores","se ha mantenido un contacto directo con más de 791 compañías de inversión, cifra superior al de años anteriores. Además, se han realizado reuniones y numerosas conference calls con los analistas de los diferentes brokers que cubren la compañía",0.75,1.0,1.0
¿Por qué se ha convertido en prioridad clave para los operadores móviles europeos el despliegue de 4G?,"['• Obligaciones de cobertura de la población, tanto en España como en Italia. El despliegue del 4G es una prioridad clave para los operadores móviles europeos, ya que un porcentaje significativo de la población aún no dispone de acceso. igualmente, existe una creciente preocupación por la calidad de la red, que requiere una mayor densificación de la misma.', 'Europa ha tenido una primera mitad del año con fuerte incremento del consumo aparente, debido al incremento en la utilización por parte de los clientes finales pero también debido a la recuperación de stocks en la cadena de suministro.', 'En Paraguay, la búsqueda de la mejora en la experiencia digital del cliente fue una prioridad durante el ejercicio 2017, por lo que se desarrolló un medio de pago que no necesitara tarjeta para realizar operaciones con cuentas en cajeros automáticos y comercios, sino solo el teléfono móvil del cliente, garantizando su seguridad y comodidad.', 'En la variable de las audiencias televisivas, que marcan la pauta a los anunciantes para realizar sus inversiones, Mediaset España ha sido el grupo audiovisual líder con el dato más alto de su historia, un 30,7% de share.Telecinco ha sido por tercer año consecutivo la cadena más vista con su mejor dato de los últimos cuatro años, Cuatro ha cerrado el año también con su mejor dato anual desde esa misma fecha y los temáticos han vuelto a crecer, siendo Factoría de Ficción el canal de nicho más visto de 2014 y el resto -Divinity, Energy y Boingliderando en sus respectivos targets objetivos. Respecto a nuestra presencia en internet y redes sociales, podemos afirmar que estamos en la mejor de las posiciones para llegar al consumidor multipantalla, porque la interactividad y la transversalidad de nuestros contenidos televisivos nos colocan en una posición incontestable, como el grupo audiovisual con mayor tráfico en internet con un promedio mensual de 10 millones de usuarios únicos y 54,1 millones de comentarios en las redes sociales en 2014.', 'Al cierre del ejercicio 2014, la actividad en las autopistas del Grupo presenta una evolución positiva, gracias a los incrementos registrados en los principales países en los que opera, incluyendo España –donde hay claras señales de recuperación de la actividad económica– y Francia –país caracterizado por un cierto estancamiento en el crecimiento en el ejercicio anterior–.']",un porcentaje significativo de la población aún no dispone de acceso,un porcentaje significativo de la población aún no dispone de acceso,0.75,1.0,1.0
¿Cuál es la consecuencia de lo anterior?,"['Su reutilización no es posible pero sí su reciclaje, por lo que el 97% son reciclados por empresas especializadas.', 'Esta decisión se adoptó en línea con las recomendaciones de gobierno corporativo en materia de rotación del auditor externo, a propuesta de la comisión de auditoría y como resultado de un concurso de selección desarrollado con plena transparencia.', 'Debt Valuation Adjustment (DVA): ajuste a la valoración similar al CVA, pero en este caso como consecuencia del riesgo propio del Grupo que asumen sus contrapartidas en los derivados OTC.', 'Ofrece a los usuarios una imagen tridimensional del objeto que se inspecciona, con lo que se ofrece una visión clara acerca del alcance y naturaleza de los posibles defectos.', 'Llevamos años siendo cada vez más y más eficientes, por eso también cada vez es más difícil mejorar.']",el 97% son reciclados por empresas especializadas,el Grupo BBVA ni gestiona ni responde de la actividad desarrollada por la Fundación o por las entidades financieras que la Fundación adquiera para el cumplimiento de sus fines,0.0,1.0,0.5
¿Por qué la capacidad de maximizar la utilización de sus activos durante su vida  útil es un factor important? ,"['La capacidad de maximizar la utilización de nuestros activos durante su vida  útil es un factor importante dado que nuestra actividad requiere de importantes  inversiones.', 'La fidelidad de los clientes del Grupo es uno de los principales activos de la Compañía, y es por ello que se realizan importantes esfuerzos por mantener a los clientes con más antigüedad a través de la medición de su satisfacción.', 'Pensamos que nuestros empleados son uno de nuestros principales activos y por eso tenemos el firme compromiso de invertir en ellos y ayudarles a reforzar sus habilidades, capacidades y conocimientos, con el fin de que puedan ofrecer soluciones innovadoras a todos nuestros clientes y contribuir al crecimiento y la estrategia de negocio del Grupo.', 'En Bankia, el cliente es el mayor activo y, por ello, ofrecerle un alto grado de profesionalidad y un servicio de calidad es objetivo fundamental.', 'Operamos en una industria global y altamente competitiva por lo que no sólo debemos adaptarnos de forma continuada a los requisitos de nuestros clientes sino que consideramos el I+D una oportunidad de ventaja competitiva.']",nuestra actividad requiere de importantes  inversiones,nuestra actividad requiere de importantes  inversiones,0.25,1.0,1.0
"El hecho de que el internet de las cosas nos permita ofrecer a las ciudades soluciones digitales y eficientes que converjan en una plataforma integral y abierta, ¿qué conlleva?","['En este sentido, en la actualidad, el Internet de las cosas nos permite ofrecer a las ciudades soluciones digitales y eficientes que convergen en una plataforma integral y abierta, gracias a las cuales se pueden reducir costes, aumentar ingresos, mejorar la administración de recursos urbanos y la calidad de vida de sus habitantes.', 'Gracias a nuestro estudio Things Matter, que está centrado en el uso que las personas hacen de las cosas conectadas, podemos visualizar claramente qué aspectos de nuestra sociedad están experimentando, en mayor o menor medida, el impacto de Internet de las Cosas.', 'La revolución digital, y sus implicaciones en términos de cambio de los procesos productivos, está llegando cada vez a un mayor número de sectores. Por ello, Dominion ofrece hoy soluciones y servicios a empresas en un amplio abanico de sectores y es previsible que este número se incremente en el futuro próximo.', 'Gracias al modelo integrado de tiendas y online, nuestros clientes se relacionan con nuestras marcas en el momento, el lugar y el modo que sea más conveniente según sus necesidades.', 'Esta nueva revolución está creando también nuevos desafíos sociales y de sostenibilidad, por lo que debemos estar preparados para hacerles frente.']","se pueden reducir costes, aumentar ingresos, mejorar la administración de recursos urbanos y la calidad de vida de sus habitantes","se pueden reducir costes, aumentar ingresos, mejorar la administración de recursos urbanos y la calidad de vida de sus habitantes",1.0,1.0,1.0
¿A que se debe que la empresa siga reduciendo las emisiones?,"['Gracias a nuestro Programa de Eficiencia Energética, reconocido con el premio Green Mobile Award de GSMA 2016, continuamos reduciendo nuestras emisiones.', 'Además, se ha procedido a revisar el estado actual de las instalaciones obteniendo como resultado unas propuestas de mejora de ahorro y eficiencia energética.', 'En 2015, a pesar de avanzar en la certificación de nuevos sistemas de gestión ambiental conforme a ISO 14001 y a los requisitos internos, se ha registrado una disminución del porcentaje de ebitda certificado, como consecuencia de la incorporación de nuevas actividades en Chile donde se está trabajando en adaptarlas a los referenciales internacionales y a los requerimientos internos en materia de gestión ambiental. En materia de cambio climático este año se ha mantenido el avance de los diferentes proyectos encaminados a la determinación de nuestra huella de carbono e identificación de los riesgos y oportunidades derivados del cambio climático.', 'El gasóleo sigue registrando una reducción debido a la sustitución de las calderas alimentadas por este combustible.', 'Vidrala es consciente de la importancia que supone avanzar con paso firme en la lucha contra el cambio climático, por lo que ha manifestado su voluntad de participar en el camino marcado por la iniciativa Stop CO₂ Euskadi con la colaboración a través de sus actividades de diseño, I+D+i, administración y comercialización de envases de vidrio.']","a nuestro Programa de Eficiencia Energética, reconocido con el premio Green Mobile Award de GSMA 2016","a nuestro Programa de Eficiencia Energética, reconocido con el premio Green Mobile Award de GSMA 2016",1.0,0.6666666666666666,1.0
"¿Qué ha hecho que los recursos se incrementaran en un 1,8%?","['Su reutilización no es posible pero sí su reciclaje, por lo que el 97% son reciclados por empresas especializadas.', 'Esta decisión se adoptó en línea con las recomendaciones de gobierno corporativo en materia de rotación del auditor externo, a propuesta de la comisión de auditoría y como resultado de un concurso de selección desarrollado con plena transparencia.', 'Debt Valuation Adjustment (DVA): ajuste a la valoración similar al CVA, pero en este caso como consecuencia del riesgo propio del Grupo que asumen sus contrapartidas en los derivados OTC.', 'Ofrece a los usuarios una imagen tridimensional del objeto que se inspecciona, con lo que se ofrece una visión clara acerca del alcance y naturaleza de los posibles defectos.', 'Llevamos años siendo cada vez más y más eficientes, por eso también cada vez es más difícil mejorar.']","Llevamos años siendo cada vez más y más eficientes, por ello también cada vez es más difícil mejorar",la incesante dedicación de la red de oficinas y al apoyo de gestores especializados en sectores y en productos,0.0,0.6666666666666666,0.0
¿Cuál es el motivo de que la diversidad y la inclusión sea un objetivo estratégico para Acerinox? ,"['La diversidad y la inclusión es para Acerinox un objetivo estratégico porque de lo que se trata es de atraer y retener el talento que se necesita para el éxito, proporcionando los mejores servicios a nuestros clientes en todo el mundo.', 'Acerinox vende sus productos en los cinco continentes gracias a una red comercial global formada por oficinas y centros de servicio.', 'Así, nuestra estrategia de diversidad viene definida como el resultado inevitable y natural de adaptar nuestro negocio al entorno en el que operamos y, en consecuencia, entenderla como parte de nuestra realidad empresarial.', 'Atresmedia es consciente de la decisiva labor de las empresas para la consecución de estas importantes metas y, por ese motivo, apoya con sus políticas, iniciativas y capacidad de difusión, la consecución de aquellos ODS en los que la contribución de la Compañía puede ser mayor y de especial incidencia.', 'Nuestra oferta integrada se compone de un amplio rango de productos y servicios que se anticipan y adaptan a las necesidades de nuestros clientes, gracias a propuestas personalizadas tanto para los individuos como para las empresas.']","se trata es de atraer y retener el talento que se necesita para el éxito, proporcionando los mejores servicios a nuestros clientes en todo el mundo","de lo que se trata es de atraer y retener el talento que se necesita para el éxito, proporcionando los mejores servicios a nuestros clientes en todo el mundo",1.0,0.4,1.0
¿Qué factores provocaron que Logista Pharma mantuviera su fuerte crecimiento?,"['Su reutilización no es posible pero sí su reciclaje, por lo que el 97% son reciclados por empresas especializadas.', 'Esta decisión se adoptó en línea con las recomendaciones de gobierno corporativo en materia de rotación del auditor externo, a propuesta de la comisión de auditoría y como resultado de un concurso de selección desarrollado con plena transparencia.', 'Debt Valuation Adjustment (DVA): ajuste a la valoración similar al CVA, pero en este caso como consecuencia del riesgo propio del Grupo que asumen sus contrapartidas en los derivados OTC.', 'Ofrece a los usuarios una imagen tridimensional del objeto que se inspecciona, con lo que se ofrece una visión clara acerca del alcance y naturaleza de los posibles defectos.', 'Llevamos años siendo cada vez más y más eficientes, por eso también cada vez es más difícil mejorar.']","Llevamos años siendo cada vez más y más eficientes, por lo que también cada vez es más difícil mejorar","su especialización en la logística a hospitales y a su modelo de distribución directa a farmacias, que aporta un servicio de claro valor añadido y aúna en un solo distribuidor las ventajas de la distribución directa desde el laboratorio y las de la distribución mayorista",0.0,0.6666666666666666,0.0
"¿Con qué motivo Bankinter compensó de forma orgánica, con el negocio de clientes, los resultados de 2016, que incluían los extraordinarios contabilizados?","['Bankinter compensó de forma orgánica, con el negocio de clientes, los resultados de 2016, que incluían los extraordinarios contabilizados con motivo de la operación de compra de Barclays Portugal.', 'La compañía de Bankinter especializada en préstamos al consumo y tarjetas de crédito se ha consolidado como una de las principales palancas de crecimiento del banco gracias a sus excepcionales resultados durante 2017.', 'Bankinter ha sido el único banco que ha pagado todos sus dividendos en efectivo y, además, de forma trimestral, gracias al sólido crecimiento del negocio y a su buena situación en términos de solvencia, que le ha permitido no verse afectado por las restricciones marcadas por los organismos supervisores en la preservación del capital.', 'En 2016, 4 millones de nuevos clientes han confiado en nosotros, con lo que la cifra total de clientes del Banco es ya de 125 millones.', 'Los resultados obtenidos constatan una sólida consolidación del negocio doméstico con una mejora significativa del margen de clientes. Esto ha sido posible gracias a una gestión proactiva de precios (tanto en intereses como en comisiones) junto con una mejora en las cuotas de mercado, siempre manteniendo una elevada calidad de servicio. El Banco ha sido capaz de fortalecer su margen de intereses y es la entidad con mejor comportamiento en el margen de clientes en España. Todo ello junto con una sólida posición de solvencia y liquidez.']",la operación de compra de Barclays Portugal,la operación de compra de Barclays Portugal,1.0,0.6666666666666666,1.0
¿Qué efecto ha tenido esa experiencia?,"['Su reutilización no es posible pero sí su reciclaje, por lo que el 97% son reciclados por empresas especializadas.', 'Esta decisión se adoptó en línea con las recomendaciones de gobierno corporativo en materia de rotación del auditor externo, a propuesta de la comisión de auditoría y como resultado de un concurso de selección desarrollado con plena transparencia.', 'La baja contable de los activos de un plan puede producirse cuando estos activos son mayores que la obligación proyectada y el Grupo no puede recuperar ningún superávit a través de reembolsos del instrumento en que está materializado el compromiso de prestación definida como consecuencia de requisitos de solvencia y/o control.', 'Debt Valuation Adjustment (DVA): ajuste a la valoración similar al CVA, pero en este caso como consecuencia del riesgo propio del Grupo que asumen sus contrapartidas en los derivados OTC.', 'También podrá proponerse la separación de consejeros independientes como consecuencia de ofertas públicas de adquisición, fusiones u otras operaciones corporativas similares que supongan un cambio en la estructura de capital de la sociedad, cuando tales cambios en la estructura del consejo de administración vengan propiciados por el criterio de proporcionalidad señalado en la recomendación 16.']",el 97% son reciclados por empresas especializadas,Sasso ha lanzado un exitoso test en Arabia Saudí,0.0,1.0,0.0
"¿Gracias a qué ha consolidado Portis su presencia en la península, especialmente en el noroeste a través de la recientemente adquirida Enor?","['Portis ha consolidado su presencia en la península, especialmente en el noroeste a través de la recientemente adquirida Enor, gracias a su estrategia de expansión basada en una oferta completa de mantenimiento y especial atención al servicio al cliente.', 'Durante el presente mes de mayo hemos firmado un contrato para el suministro de ascensores y escaleras mecánicas en cuatro cruceros de lujo. Gracias a la integración de Enor en el año 2013, nos introducimos en un nuevo nicho de mercado en fase expansión.', 'En cuanto a los equipos navales, gracias a la colaboración entre distintas empresas Otis a nivel mundial se consiguieron importantes contrataciones en 2014, destacando el contrato de instalación de dos floteles que la petrolera mexicana Pemex construirá en los dos astilleros de Galicia: Barreras en Vigo y Navantia en Ferrol.', 'Con una plantilla superior a las 60 personas, y una facturación anual cercana a los 10 millones de euros, ha experimentado un importante crecimiento durante los últimos años gracias a la apuesta realizada por modernizar sus instalaciones, métodos y procesos productivos.  Crecimiento significativo en negocios relacionados con el diseño y construcción de sistemas de transporte llave en mano para operar y, cuando los clientes así lo requieran, realizar su mantenimiento Uoperación, en solitario o en alianza, incluyendo inversión de capital según el caso.  Continuación del esfuerzo inversor en desarrollo tecnológico, tanto en lo referido a tecnologías como a productos de alto valor añadido, comercializables a nivel de componente, subsistema o material destinado a proveer a los clientes en todas nuestras ramas de actividad (material rodante, señalización, energía, gestión de datos, inspecciones, etc.).', 'Como resultado de la adquisición, Vidrala incrementará su notoriedad en el mercado de envases de vidrio europeo, aportando tamaño, diversificación y futuro a una base de negocio de solidez demostrada.']",a su estrategia de expansión basada en una oferta completa de mantenimiento y especial atención al servicio al cliente,a su estrategia de expansión basada en una oferta completa de mantenimiento y especial atención al servicio al cliente,1.0,0.8333333333333334,1.0
"¿Por qué debe ser conocido, suscrito y cumplido el Código Ético y de Conducta por todos los trabajadores y miembros de los órganos de gobierno de Prosegur?","['El Código Ético y de Conducta es un instrumento vinculante, por lo que debe ser conocido, suscrito y cumplido por todos los trabajadores y miembros de los órganos de gobierno de Prosegur. Los empleados también deben colaborar para facilitar su implantación, así como comunicar los posibles incumplimientos de los que tengan conocimiento a través del canal de denuncias.', '• Construir un Prosegur más ágil, rápido, consistente y homogéneo, gracias a la simplificación de procesos y estructuras que redunden en una mejor toma de decisiones', 'Todos los empleados de Gestamp tienen la obligación de conocer, comprender y aplicar el Código. Por ello, en el plan de bienvenida de los nuevos empleados se incluye un curso de formación específico obligatorio.', 'Esta cultura de riesgos se define a través de cinco principios que han de formar parte de la gestión del día a día de todos los empleados del Grupo: Responsabilidad, porque todas las unidades y empleados (con independencia de la función que desempeñen) deben conocer y entender los riesgos en que incurren en su actividad diaria y ser responsables de su identificación, valoración, gestión y reporte', 'Este sistema, sus políticas y sus procedimientos están basados en el respeto a los Derechos Humanos y han sido desarrollados gracias al conocimiento y cercanía con toda la cadena de suministro.']","es un instrumento vinculante, por lo que debe ser conocido, suscrito y cumplido por todos los trabajadores y miembros de los órganos de gobierno de Prosegur",es un instrumento vinculante,0.75,1.0,1.0
¿A qué se atribuye la favorable evolución de doble dígito en Reino Unido y EE.UU.?,"['Si en lugar de por concepto, analizamos el margen de intereses por áreas geográficas cabe destacar: – Favorable evolución en Reino Unido (+16,5%) y EE.UU. (+11,2%) que aumentan a doble dígito gracias al esfuerzo realizado en reducir el coste de los depósitos minoristas en el primer caso y a la mayor actividad en consumo (SCUSA) en el segundo.', 'Por unidades, crecimientos generalizados, ya que nueve de la diez principales unidades suben, y seis de ellas lo hacen a doble dígito.', 'Latinoamérica, Europa y Japón. La única excepción es el Reino Unido, donde se prevé un crecimiento más bajo a corto plazo debido a la incertidumbre en torno al Brexit, aunque hasta ahora este hecho apenas ha afectado a nuestro negocio.', 'Europa ha tenido una primera mitad del año con fuerte incremento del consumo aparente, debido al incremento en la utilización por parte de los clientes finales pero también debido a la recuperación de stocks en la cadena de suministro.', 'Sin embargo, las previsiones de crecimiento del PIB británico que formulan los distintos organismos presentan fuertes divergencias, ya que oscilan entre el +0,8% y el +2,6% de cara a 2017.']",al esfuerzo realizado en reducir el coste de los depósitos minoristas en el primer caso y a la mayor actividad en consumo (SCUSA) en el segundo,al esfuerzo realizado en reducir el coste de los depósitos minoristas en el primer caso y a la mayor actividad en consumo (SCUSA) en el segundo,1.0,1.0,1.0
¿Qué ha permitido que la cosecha 16/17 haya sido excelente con un incremento del 22% en la superficie cultivada?,"['Su reutilización no es posible pero sí su reciclaje, por lo que el 97% son reciclados por empresas especializadas.', 'Esta decisión se adoptó en línea con las recomendaciones de gobierno corporativo en materia de rotación del auditor externo, a propuesta de la comisión de auditoría y como resultado de un concurso de selección desarrollado con plena transparencia.', 'Debt Valuation Adjustment (DVA): ajuste a la valoración similar al CVA, pero en este caso como consecuencia del riesgo propio del Grupo que asumen sus contrapartidas en los derivados OTC.', 'Ofrece a los usuarios una imagen tridimensional del objeto que se inspecciona, con lo que se ofrece una visión clara acerca del alcance y naturaleza de los posibles defectos.', 'Llevamos años siendo cada vez más y más eficientes, por eso también cada vez es más difícil mejorar.']","Su reutilización no es posible pero sí su reciclaje, por lo que el 97% son reciclados por empresas especializadas","la combinación de condiciones favorables (climáticas, fin de restricciones de agua en Texas, falta de alternativas más rentables) que deja la segunda mayor producción de la historia",0.0,0.4,0.0
¿La colaboración entre distintas empresa Otis a nivel mundial qué ha permitido?,"['Su reutilización no es posible pero sí su reciclaje, por lo que el 97% son reciclados por empresas especializadas.', 'Esta decisión se adoptó en línea con las recomendaciones de gobierno corporativo en materia de rotación del auditor externo, a propuesta de la comisión de auditoría y como resultado de un concurso de selección desarrollado con plena transparencia.', 'Debt Valuation Adjustment (DVA): ajuste a la valoración similar al CVA, pero en este caso como consecuencia del riesgo propio del Grupo que asumen sus contrapartidas en los derivados OTC.', 'Ofrece a los usuarios una imagen tridimensional del objeto que se inspecciona, con lo que se ofrece una visión clara acerca del alcance y naturaleza de los posibles defectos.', 'Llevamos años siendo cada vez más y más eficientes, por eso también cada vez es más difícil mejorar.']",el 97% son reciclados por empresas especializadas,"se consiguieron importantes contrataciones en 2014, destacando el contrato de instalación de dos floteles que la petrolera mexicana Pemex construirá en los dos astilleros de Galicia: Barreras en Vigo y Navantia en Ferrol",0.0,0.5,0.0
¿Por qué razón la difusión de información financiera incorrecta o de baja calidad podría provocar una disminución significativa del valor de la Sociedad?,"['Del mismo modo, la calidad y fiabilidad de la información financiera que las empresas cotizadas difunden al mercado es un elemento fundamental para la credibilidad de la Sociedad, que afecta de forma significativa al valor que el mercado le asigna, por lo que la difusión de información financiera incorrecta o de baja calidad podría provocar una disminución significativa del valor de la Sociedad, con el consiguiente perjuicio para sus accionistas.', 'El Grupo podría hacer frente a pérdidas financieras, la suspensión de las operaciones o el menoscabo de la reputación de sus marcas, con motivo de un ataque a los sistemas del Grupo por delincuentes, terroristas o gobiernos extranjeros.', 'Este nivel de deuda pública representa un factor claro de vulnerabilidad financiera ante cambios en el sentimiento inversor, ya que implica unas necesidades de financiación elevadas del sector público y limita el margen de actuación de la política fiscal en un eventual escenario de desaceleración.', 'Capacitación financiera gracias a las tecnologías digitales', 'Riesgo reputacional: se define como el riesgo de un impacto económico negativo, actual o potencial, debido a un menoscabo en la percepción del Banco por parte de los empleados, clientes, accionistas/inversores y la sociedad en general.']","la calidad y fiabilidad de la información financiera que las empresas cotizadas difunden al mercado es un elemento fundamental para la credibilidad de la Sociedad, que afecta de forma significativa al valor que el mercado le asigna","la calidad y fiabilidad de la información financiera que las empresas cotizadas difunden al mercado es un elemento fundamental para la credibilidad de la Sociedad, que afecta de forma significativa al valor que el mercado le asigna",1.0,1.0,1.0
¿Qué efecto tuvo en 2016 para Santander Chile  la simplificación de procesos y  un mayor foco en el cliente?,"['Su reutilización no es posible pero sí su reciclaje, por lo que el 97% son reciclados por empresas especializadas.', 'Esta decisión se adoptó en línea con las recomendaciones de gobierno corporativo en materia de rotación del auditor externo, a propuesta de la comisión de auditoría y como resultado de un concurso de selección desarrollado con plena transparencia.', 'La baja contable de los activos de un plan puede producirse cuando estos activos son mayores que la obligación proyectada y el Grupo no puede recuperar ningún superávit a través de reembolsos del instrumento en que está materializado el compromiso de prestación definida como consecuencia de requisitos de solvencia y/o control.', 'Debt Valuation Adjustment (DVA): ajuste a la valoración similar al CVA, pero en este caso como consecuencia del riesgo propio del Grupo que asumen sus contrapartidas en los derivados OTC.', 'También podrá proponerse la separación de consejeros independientes como consecuencia de ofertas públicas de adquisición, fusiones u otras operaciones corporativas similares que supongan un cambio en la estructura de capital de la sociedad, cuando tales cambios en la estructura del consejo de administración vengan propiciados por el criterio de proporcionalidad señalado en la recomendación 16.']",el 97% son reciclados por empresas especializadas,logró una mejora sustancial en los indicadores de satisfacción de clientes,0.0,0.3333333333333333,0.0
¿El hecho de que represente un posible freno para el crecimiento económico qué ha supuesto?,"['Su reutilización no es posible pero sí su reciclaje, por lo que el 97% son reciclados por empresas especializadas.', 'Esta decisión se adoptó en línea con las recomendaciones de gobierno corporativo en materia de rotación del auditor externo, a propuesta de la comisión de auditoría y como resultado de un concurso de selección desarrollado con plena transparencia.', 'Debt Valuation Adjustment (DVA): ajuste a la valoración similar al CVA, pero en este caso como consecuencia del riesgo propio del Grupo que asumen sus contrapartidas en los derivados OTC.', 'Ofrece a los usuarios una imagen tridimensional del objeto que se inspecciona, con lo que se ofrece una visión clara acerca del alcance y naturaleza de los posibles defectos.', 'Llevamos años siendo cada vez más y más eficientes, por eso también cada vez es más difícil mejorar.']",también cada vez es más difícil mejorar,El impacto de esta reforma global sobre la actividad económica es objeto de interés creciente,0.25,0.5,0.5
"¿Qué genera el riesgo reputacional, definido como el riesgo de un impacto económico negativo, actual o potencial?","['Su reutilización no es posible pero sí su reciclaje, por lo que el 97% son reciclados por empresas especializadas.', 'Esta decisión se adoptó en línea con las recomendaciones de gobierno corporativo en materia de rotación del auditor externo, a propuesta de la comisión de auditoría y como resultado de un concurso de selección desarrollado con plena transparencia.', 'La baja contable de los activos de un plan puede producirse cuando estos activos son mayores que la obligación proyectada y el Grupo no puede recuperar ningún superávit a través de reembolsos del instrumento en que está materializado el compromiso de prestación definida como consecuencia de requisitos de solvencia y/o control.', 'Debt Valuation Adjustment (DVA): ajuste a la valoración similar al CVA, pero en este caso como consecuencia del riesgo propio del Grupo que asumen sus contrapartidas en los derivados OTC.', 'También podrá proponerse la separación de consejeros independientes como consecuencia de ofertas públicas de adquisición, fusiones u otras operaciones corporativas similares que supongan un cambio en la estructura de capital de la sociedad, cuando tales cambios en la estructura del consejo de administración vengan propiciados por el criterio de proporcionalidad señalado en la recomendación 16.']","Debt Valuation Adjustment (DVA): ajuste a la valoración similar al CVA, pero en este caso como consecuencia del riesgo propio del Grupo que asumen sus contrapartidas en los derivados OTC","un menoscabo en la percepción del Banco por parte de los empleados, clientes, accionistas/inversores y la sociedad en general",0.0,1.0,0.0
"¿A qué se debió que la cifre de negocio disminuyera un 14,0%?","['La cifra de negocio disminuyó un 14,0% hasta los 401,3 millones de euros, debido a una severa bajada del mercado local y a las fluctuaciones adversas de tipo de cambio tanto en Brasil como en Argentina.', 'El ebitda disminuye un 20,9% debido al impacto de una menor demanda y un efecto negativo de los tipos de cambio (–46 millones de euros).', 'En 2014 ha continuado la caída en ventas como consecuencia de la situación general económica y en particular del sector de la construcción.', 'El EBITDA ajustado descendió un 9,4% en 2017 hasta EUR568.6m, una caída del 8,9% a divisa constante. Este descenso tuvo su reflejo en una erosión de 65 puntos básicos en el margen EBITDA ajustado, que fue del 6,6% en el año como resultado de la política de precios implementada en España en la segunda mitad del año.', 'Estas ventas han supuesto un ingreso de 2.412 millones de euros en el ejercicio 2016, un 16,4% inferior al del ejercicio 2015 como consecuencia de la caída en las unidades físicas vendidas y del menor precio medio de venta.']",a una severa bajada del mercado local y a las fluctuaciones adversas de tipo de cambio tanto en Brasil como en Argentina,a una severa bajada del mercado local y a las fluctuaciones adversas de tipo de cambio tanto en Brasil como en Argentina,1.0,1.0,1.0
¿Cómo se explica que el total de préstamos ascienda a 23.900 millones de libras?,"['Su reutilización no es posible pero sí su reciclaje, por lo que el 97% son reciclados por empresas especializadas.', 'Esta decisión se adoptó en línea con las recomendaciones de gobierno corporativo en materia de rotación del auditor externo, a propuesta de la comisión de auditoría y como resultado de un concurso de selección desarrollado con plena transparencia.', 'La baja contable de los activos de un plan puede producirse cuando estos activos son mayores que la obligación proyectada y el Grupo no puede recuperar ningún superávit a través de reembolsos del instrumento en que está materializado el compromiso de prestación definida como consecuencia de requisitos de solvencia y/o control.', 'Debt Valuation Adjustment (DVA): ajuste a la valoración similar al CVA, pero en este caso como consecuencia del riesgo propio del Grupo que asumen sus contrapartidas en los derivados OTC.', 'También podrá proponerse la separación de consejeros independientes como consecuencia de ofertas públicas de adquisición, fusiones u otras operaciones corporativas similares que supongan un cambio en la estructura de capital de la sociedad, cuando tales cambios en la estructura del consejo de administración vengan propiciados por el criterio de proporcionalidad señalado en la recomendación 16.']",consecuencia del riesgo propio del Grupo que asumen sus contrapartidas en los derivados OTC,Los préstamos a las empresas crecieron un 8%,0.25,0.5,0.0
"¿Qué les ha permitido su visión estratégica y un importante rigor en la gestión, acompañada por unos sólidos valores, aquilatados por el fuerte componente familiar?","['Gracias a nuestra visión estratégica y a un importante rigor en la gestión, acompañada por unos sólidos valores, aquilatados por el fuerte componente familiar, hemos superado con éxito una compleja etapa en la que hemos logrado alcanzar la mayor parte de los objetivos propuestos, afrontando el futuro con solvencia y optimismo.', 'También, en la relación con sus propietarios, la Compañía refleja sus valores corporativos ya que les ofrece un canal directo con la Compañía para la resolución de incidencias, ofrecer respuesta ágil a sus inquietudes y necesidades de información, con el objetivo de reforzar el vínculo y el orgullo de pertenencia, a través de la aportación de valor al negocio entendida en su más amplio sentido.', 'Gracias a esta vocación de excelencia, la compañía mantiene certificaciones en los campos de gestión de calidad, gestión ambiental y seguridad y salud.', 'La compañía ha ido ganando volumen merced a un modelo de negocio único en su sector, que le ha permitido aumentar su rentabilidad pese a los ciclos económicos adversos y ganarse la confianza del mercado.', 'Durante muchas generaciones hemos aplicado nuestro conocimiento y experiencia para innovar y reinventar la manera de hacer banca, manteniendo las fortalezas que nos han acompañado siempre. Estoy convencida de que lograremos el éxito porque:  nuestro crecimiento, rentabilidad y fortaleza de balance demuestran que nuestra estrategia está funcionando;  nuestro tamaño, diversificación y predictibilidad nos aportan una base sólida para innovar;  nuestra cultura —nuestro foco constante en ser un banco responsable— reforzará la confianza de las personas en nuestra marca.']","hemos superado con éxito una compleja etapa en la que hemos logrado alcanzar la mayor parte de los objetivos propuestos, afrontando el futuro con solvencia y optimismo","hemos superado con éxito una compleja etapa en la que hemos logrado alcanzar la mayor parte de los objetivos propuestos, afrontando el futuro con solvencia y optimismo",1.0,0.7142857142857143,1.0
¿Qué consecuencia ha tenido la adquisición de TSB (T16)?,"['Su reutilización no es posible pero sí su reciclaje, por lo que el 97% son reciclados por empresas especializadas.', 'Esta decisión se adoptó en línea con las recomendaciones de gobierno corporativo en materia de rotación del auditor externo, a propuesta de la comisión de auditoría y como resultado de un concurso de selección desarrollado con plena transparencia.', 'La baja contable de los activos de un plan puede producirse cuando estos activos son mayores que la obligación proyectada y el Grupo no puede recuperar ningún superávit a través de reembolsos del instrumento en que está materializado el compromiso de prestación definida como consecuencia de requisitos de solvencia y/o control.', 'Debt Valuation Adjustment (DVA): ajuste a la valoración similar al CVA, pero en este caso como consecuencia del riesgo propio del Grupo que asumen sus contrapartidas en los derivados OTC.', 'También podrá proponerse la separación de consejeros independientes como consecuencia de ofertas públicas de adquisición, fusiones u otras operaciones corporativas similares que supongan un cambio en la estructura de capital de la sociedad, cuando tales cambios en la estructura del consejo de administración vengan propiciados por el criterio de proporcionalidad señalado en la recomendación 16.']","También podrá proponerse la separación de consejeros independientes como consecuencia de ofertas públicas de adquisición, fusiones u otras operaciones corporativas similares que supongan un cambio en la estructura de capital de la sociedad, cuando tales cambios en la estructura del consejo de administración vengan propiciados por el criterio de proporcionalidad señalado en la recomendación 16",En ellos se incluye la ampliación de capital con derecho de suscripción preferente por 1.607 millones de euros llevada a cabo en el mes de abril de 2015,0.0,0.5,0.0
¿Qué explica que la campaña haya tenido gran repercusión y visibilidad?,"['Gracias a la emisión de la serie de Antena 3, Tiempos de Guerra, la campaña ha tenido gran repercusión y visibilidad. 7.3.3.', 'Gracias a esta intervención, se ha atendido a cerca de 70.000 personas en consultas externas y de salud mental.', 'Todas las marcas han realizado una más que destacable función social y cultural en sus territorios de influencia gracias a acciones de patrocinio, mecenazgo y de responsabilidad social corporativa.', 'Gracias a nuestra visión estratégica y a un importante rigor en la gestión, acompañada por unos sólidos valores, aquilatados por el fuerte componente familiar, hemos superado con éxito una compleja etapa en la que hemos logrado alcanzar la mayor parte de los objetivos propuestos, afrontando el futuro con solvencia y optimismo.', 'Estoy segura de que lo conseguiremos porque contamos con un equipo dispuesto a esforzarse al máximo para dar el mejor servicio a los clientes.']","la emisión de la serie de Antena 3, la campaña ha tenido gran repercusión y visibilidad. 7.3.3.</doc><doc>
Gracias a esta intervención, se ha atendido a cerca de 70.000 personas en consultas externas y de salud mental</doc><doc>
Todas las marcas han realizado una más que destacable función social y cultural en sus territorios de influencia gracias a acciones de patrocinio, mecenazgo y de responsabilidad social corporativa</doc><doc>
Gracias a nuestra visión estratégica y a un importante rigor en la gestión, acompañada por unos sólidos valores, aquilatados por el fuerte componente familiar, hemos superado con éxito una compleja etapa en la que hemos logrado alcanzar la mayor parte de los objetivos propuestos, afrontando el futuro con solvencia y optimismo</doc><doc>
Estoy segura de que lo conseguiremos porque contamos con un equipo dispuesto a esforzarse al máximo para dar el mejor servicio a los clientes</doc>","la emisión de la serie de Antena 3, Tiempos de Guerra",0.75,0.6666666666666666,1.0
¿Qué consecuencia ha tenido la disminución de las ventas físicas y del precio medio de venta?,"['Su reutilización no es posible pero sí su reciclaje, por lo que el 97% son reciclados por empresas especializadas.', 'Esta decisión se adoptó en línea con las recomendaciones de gobierno corporativo en materia de rotación del auditor externo, a propuesta de la comisión de auditoría y como resultado de un concurso de selección desarrollado con plena transparencia.', 'Debt Valuation Adjustment (DVA): ajuste a la valoración similar al CVA, pero en este caso como consecuencia del riesgo propio del Grupo que asumen sus contrapartidas en los derivados OTC.', 'Ofrece a los usuarios una imagen tridimensional del objeto que se inspecciona, con lo que se ofrece una visión clara acerca del alcance y naturaleza de los posibles defectos.', 'Llevamos años siendo cada vez más y más eficientes, por eso también cada vez es más difícil mejorar.']",también cada vez es más difícil mejorar</doc>,"En términos económicos, los ingresos por ventas de gas fueron de 2.378 millones de euros, 484 millones menores (–16,9%) a los del ejercicio 2014",0.0,0.3333333333333333,0.0
¿Qué facilitará que el objetivo del programa siga siendo reducir los gastos de explotación? ,"['Su reutilización no es posible pero sí su reciclaje, por lo que el 97% son reciclados por empresas especializadas.', 'Esta decisión se adoptó en línea con las recomendaciones de gobierno corporativo en materia de rotación del auditor externo, a propuesta de la comisión de auditoría y como resultado de un concurso de selección desarrollado con plena transparencia.', 'Debt Valuation Adjustment (DVA): ajuste a la valoración similar al CVA, pero en este caso como consecuencia del riesgo propio del Grupo que asumen sus contrapartidas en los derivados OTC.', 'Ofrece a los usuarios una imagen tridimensional del objeto que se inspecciona, con lo que se ofrece una visión clara acerca del alcance y naturaleza de los posibles defectos.', 'Llevamos años siendo cada vez más y más eficientes, por eso también cada vez es más difícil mejorar.']","Su reutilización no es posible pero sí su reciclaje, por lo que el 97% son reciclados por empresas especializadas",la simplificación de la flota y a inversiones en inmovilizado ágiles y flexibles,0.0,1.0,0.5
¿A qué se debe que el proyecto de El Estirón se amplié y gane difusión?,"['Su reutilización no es posible pero sí su reciclaje, por lo que el 97% son reciclados por empresas especializadas.', 'Esta decisión se adoptó en línea con las recomendaciones de gobierno corporativo en materia de rotación del auditor externo, a propuesta de la comisión de auditoría y como resultado de un concurso de selección desarrollado con plena transparencia.', 'Debt Valuation Adjustment (DVA): ajuste a la valoración similar al CVA, pero en este caso como consecuencia del riesgo propio del Grupo que asumen sus contrapartidas en los derivados OTC.', 'Ofrece a los usuarios una imagen tridimensional del objeto que se inspecciona, con lo que se ofrece una visión clara acerca del alcance y naturaleza de los posibles defectos.', 'Llevamos años siendo cada vez más y más eficientes, por eso también cada vez es más difícil mejorar.']","a que el 97% son reciclados por empresas especializadas, por lo que Su reutilización no es posible pero sí su reciclaje",a la sinergia de los soportes y altavoces con los que cuenta objetivo Bienestar,0.0,0.0,0.0
Gracias a qué han desarrollado en 2014 cuatro nuevos greenfields que revertirán en nuevos incrementos de los márgenes a futuro?,"['Al margen de nuestra apuesta por Asia, seguimos focalizando nuestra inversión en otros mercados con fuerte potencial de crecimiento, como es el caso de México. En 2014, hemos desarrollado cuatro nuevos greenfields que revertirán en nuevos incrementos de los márgenes a futuro gracias al fuerte dinamismo de la demanda doméstica y al tirón de las exportaciones a Estados Unidos. Hoy, el mercado de NAFTA, supera ya el 20% de nuestras ventas.', 'Simultáneamente, hemos comenzado a trabajar en la cuarta edición, que supondrá una importante ampliación del alcance del programa, ya que también abarcará cuestiones adicionales de sostenibilidad ambiental.', 'Gran parte de las líneas están en proceso de ejecución, dado que muchos de los objetivos propuestos se han trazado a 2015.', 'En 2015, a pesar de avanzar en la certificación de nuevos sistemas de gestión ambiental conforme a ISO 14001 y a los requisitos internos, se ha registrado una disminución del porcentaje de ebitda certificado, como consecuencia de la incorporación de nuevas actividades en Chile donde se está trabajando en adaptarlas a los referenciales internacionales y a los requerimientos internos en materia de gestión ambiental. En materia de cambio climático este año se ha mantenido el avance de los diferentes proyectos encaminados a la determinación de nuestra huella de carbono e identificación de los riesgos y oportunidades derivados del cambio climático.', 'En el año 2014 destaca el movimiento de saldos de depósitos a plazo a cuentas a la vista, como resultado del entorno de tipos de interés bajos.']",al fuerte dinamismo de la demanda doméstica y al tirón de las exportaciones a Estados Unidos,al fuerte dinamismo de la demanda doméstica y al tirón de las exportaciones a Estados Unidos,1.0,0.5,1.0
¿Por qué razón no quiere extenderse mucho en esto? ,"['No obstante, no queremos caer en la autocomplacencia porque nuestra constante es crecer, superar retos, nunca acomodarnos en la tentadora zona de lo fácil.', 'No quiero extenderme mucho en esto porque la consejera delegada lo explica con detalle en este mismo informe, pero sí quiero poner énfasis en la calidad de los resultados.', 'Nuestra trayectoria avala ese propósito de estabilidad, porque mantenemos el nombre, no nos hemos fusionado con nadie y no hemos comprado nada en España.', 'Un crecimiento que hemos alcanzado sin realizar ampliaciones de capital y gracias a una política prudente de distribución del dividendo.', 'En las cuentas anuales consolidadas adjuntas no se ha registrado provisión alguna por este concepto, ya que no están previstas situaciones de esta naturaleza.']","la consejera delegada lo explica con detalle en este mismo informe, pero sí quiero poner énfasis en la calidad de los resultados",la consejera delegada lo explica con detalle en este mismo informe,0.75,1.0,1.0
"¿A que se ha atribuido que las ventas netas aumentasen un 25,7% en moneda local, pero descendiesen un 1,5% en euros hasta los 3.122 millones?","['Las ventas netas aumentaron un 25,7% en moneda local, pero descendieron un 1,5% en euros hasta los 3.122 millones debido a la depreciación de las divisas registradas en el año (-4,8% real brasileño, -37,4% peso argentino y -5,2% yuan chino)', 'Estas ventas han supuesto un ingreso de 2.412 millones de euros en el ejercicio 2016, un 16,4% inferior al del ejercicio 2015 como consecuencia de la caída en las unidades físicas vendidas y del menor precio medio de venta.', 'La cifra de negocio disminuyó un 14,0% hasta los 401,3 millones de euros, debido a una severa bajada del mercado local y a las fluctuaciones adversas de tipo de cambio tanto en Brasil como en Argentina.', 'El ebitda disminuye un 20,9% debido al impacto de una menor demanda y un efecto negativo de los tipos de cambio (–46 millones de euros).', 'Estas ventas han supuesto un ingreso de 2.885 millones de euros en el ejercicio 2015, un 5,3% menor al del ejercicio 2014 ya que la caída en las ventas físicas como consecuencia de la reducción en el número de clientes a precio regulado (–9,5%) y el incremento del coste de la energía no se ha visto compensada por el incremento del precio medio de venta.']","a la depreciación de las divisas registradas en el año (-4,8% real brasileño, -37,4% peso argentino y -5,2% yuan chino)","a la depreciación de las divisas registradas en el año (-4,8% real brasileño, -37,4% peso argentino y -5,2% yuan chino)",0.75,1.0,1.0
¿A qué se debe que las incidencias en todas las plataformas se hayan reducido en un 61% con respecto al año anterior?,"['Gracias a estas y otras mejoras, las incidencias en todas las plataformas se han reducido en un 61% con respecto al año anterior.', 'Se han reducido los índices de frecuencia y gravedad, como consecuencia de la disminución de los accidentes sin baja y no se han registrado accidentes graves, muy graves O mortales, ni enfermedades profesionales.', 'Gracias a estas medidas, tal y como queda reflejado en la gráfica anterior, hemos alcanzado una reducción del 6% en el consumo de energía eléctrica por prenda puesta en el mercado y de un 3% con respecto a las ventas, en comparación con 2016.', 'Gracias a esta medida, hemos mejorado la densidad de dichos envíos en un 1,5% respecto al año anterior.', 'Gracias a los diversos esfuerzos que se realizaron durante 2016, hemos reducido nuestro consumo global de agua en un 4,4% con respecto a 2015.']",a estas y otras mejoras,a estas y otras mejoras,1.0,0.3333333333333333,1.0
¿Qué implica el hecho de que el VaR sea un análisis estático del riesgo de la cartera?,"['Su reutilización no es posible pero sí su reciclaje, por lo que el 97% son reciclados por empresas especializadas.', 'Esta decisión se adoptó en línea con las recomendaciones de gobierno corporativo en materia de rotación del auditor externo, a propuesta de la comisión de auditoría y como resultado de un concurso de selección desarrollado con plena transparencia.', 'La baja contable de los activos de un plan puede producirse cuando estos activos son mayores que la obligación proyectada y el Grupo no puede recuperar ningún superávit a través de reembolsos del instrumento en que está materializado el compromiso de prestación definida como consecuencia de requisitos de solvencia y/o control.', 'Debt Valuation Adjustment (DVA): ajuste a la valoración similar al CVA, pero en este caso como consecuencia del riesgo propio del Grupo que asumen sus contrapartidas en los derivados OTC.', 'También podrá proponerse la separación de consejeros independientes como consecuencia de ofertas públicas de adquisición, fusiones u otras operaciones corporativas similares que supongan un cambio en la estructura de capital de la sociedad, cuando tales cambios en la estructura del consejo de administración vengan propiciados por el criterio de proporcionalidad señalado en la recomendación 16.']",el 97% son reciclados por empresas especializadas,la situación podría cambiar significativamente a lo largo del día siguiente,0.0,0.0,0.0
¿A qué se debe que el beneficio antes de impuestos crezca menos que los anteriores márgenes? ,"['Su reutilización no es posible pero sí su reciclaje, por lo que el 97% son reciclados por empresas especializadas.', 'Esta decisión se adoptó en línea con las recomendaciones de gobierno corporativo en materia de rotación del auditor externo, a propuesta de la comisión de auditoría y como resultado de un concurso de selección desarrollado con plena transparencia.', 'La baja contable de los activos de un plan puede producirse cuando estos activos son mayores que la obligación proyectada y el Grupo no puede recuperar ningún superávit a través de reembolsos del instrumento en que está materializado el compromiso de prestación definida como consecuencia de requisitos de solvencia y/o control.', 'Debt Valuation Adjustment (DVA): ajuste a la valoración similar al CVA, pero en este caso como consecuencia del riesgo propio del Grupo que asumen sus contrapartidas en los derivados OTC.', 'También podrá proponerse la separación de consejeros independientes como consecuencia de ofertas públicas de adquisición, fusiones u otras operaciones corporativas similares que supongan un cambio en la estructura de capital de la sociedad, cuando tales cambios en la estructura del consejo de administración vengan propiciados por el criterio de proporcionalidad señalado en la recomendación 16.']",consecuencia del riesgo propio del Grupo que asumen sus contrapartidas en los derivados OTC,"a (i)n un aumento de los costes financieros asociados a la elevada volatilidad de tipo de cambio del US$ durante el ejercicio (el Grupo realiza una parte significativa de sus compras en US$) y (ii) a una peor evolución de los resultados no recurrentes, con una menor generación de ingresos procedente de la venta activos frente a las que se verificaron en 2016 (venta de inmuebles y venta del negocio de Puerto Rico,",0.25,0.3333333333333333,0.0
¿Qué ha supuesto que Santander haya querido proporcionar a sus clientes una experiencia de servicio excelente?,"['Santander quiere proporcionar a sus clientes una experiencia de servicio excelente y, por ello, durante este año ha puesto en marcha nuevas iniciativas que pretenden mejorar los procesos desde la visión del cliente incorporando los beneficios que supone la transformación digital.', 'Santander es uno de los bancos más rentables y eficientes gracias al talento y trabajo de nuestros equipos, que han conseguido unos resultados excelentes, haciendo las cosas de manera más sencilla, personal y justa.', 'CLAVES DEL EJERCICIO 2016 En 2016 Santander Chile logró una mejora sustancial en los indicadores de satisfacción de clientes gracias a la simplificación de procesos y a un mayor foco en el cliente, y cerrando así la brecha que existía con los principales competidores en materia de calidad de servicio.', 'Llevará a cabo actividades que aporten valor y ayuden a reforzar la relación personal con determinados clientes, por lo que será una oficina evolucionada que permitirá al Banco testar un nuevo modelo de atención y servicio.', 'La transformación digital está impactada por los cambios en los hábitos de los consumidores, y por ello se ha iniciado un nuevo modelo de relación con los clientes, buscando nuevas formas de acercarse, allí donde ellos estén, para ser más convenientes. El objetivo ha sido mejorar la propuesta de valor y servicio del Grupo, asegurando la metodología y sistemática comercial, adaptándose a los diferentes segmentos y llevando la relación con el cliente donde más lo necesita en cada momento.']",durante este año ha puesto en marcha nuevas iniciativas que pretenden mejorar los procesos desde la visión del cliente incorporando los beneficios que supone la transformación digital,durante este año ha puesto en marcha nuevas iniciativas que pretenden mejorar los procesos desde la visión del cliente incorporando los beneficios que supone la transformación digital,1.0,0.8333333333333334,1.0
¿Qué impacto tiene un mayor foco en la reducción del coste del pasivo?,"['Su reutilización no es posible pero sí su reciclaje, por lo que el 97% son reciclados por empresas especializadas.', 'Esta decisión se adoptó en línea con las recomendaciones de gobierno corporativo en materia de rotación del auditor externo, a propuesta de la comisión de auditoría y como resultado de un concurso de selección desarrollado con plena transparencia.', 'La baja contable de los activos de un plan puede producirse cuando estos activos son mayores que la obligación proyectada y el Grupo no puede recuperar ningún superávit a través de reembolsos del instrumento en que está materializado el compromiso de prestación definida como consecuencia de requisitos de solvencia y/o control.', 'Debt Valuation Adjustment (DVA): ajuste a la valoración similar al CVA, pero en este caso como consecuencia del riesgo propio del Grupo que asumen sus contrapartidas en los derivados OTC.', 'También podrá proponerse la separación de consejeros independientes como consecuencia de ofertas públicas de adquisición, fusiones u otras operaciones corporativas similares que supongan un cambio en la estructura de capital de la sociedad, cuando tales cambios en la estructura del consejo de administración vengan propiciados por el criterio de proporcionalidad señalado en la recomendación 16.']",el 97% son reciclados por empresas especializadas,continúa el crecimiento de los depósitos en los mercados maduros aunque a menor ritmo,0.0,0.5,0.0
¿Cuál es la razón de que la plantilla participe de él?,"['Su reutilización no es posible pero sí su reciclaje, por lo que el 97% son reciclados por empresas especializadas.', 'Esta decisión se adoptó en línea con las recomendaciones de gobierno corporativo en materia de rotación del auditor externo, a propuesta de la comisión de auditoría y como resultado de un concurso de selección desarrollado con plena transparencia.', 'Debt Valuation Adjustment (DVA): ajuste a la valoración similar al CVA, pero en este caso como consecuencia del riesgo propio del Grupo que asumen sus contrapartidas en los derivados OTC.', 'Ofrece a los usuarios una imagen tridimensional del objeto que se inspecciona, con lo que se ofrece una visión clara acerca del alcance y naturaleza de los posibles defectos.', 'Llevamos años siendo cada vez más y más eficientes, por eso también cada vez es más difícil mejorar.']","Llevamos años siendo cada vez más y más eficientes, por ello también cada vez es más difícil mejorar.",El I+D+i dentro de la compañía no se limita sólo a un departamento sino que se encuentra en cada fase de producción,0.0,0.5,0.5
¿Qué consecuencia tiene que la satisfacción y experiencia de sus clientes siga siendo su prioridad?,"['Su reutilización no es posible pero sí su reciclaje, por lo que el 97% son reciclados por empresas especializadas.', 'Esta decisión se adoptó en línea con las recomendaciones de gobierno corporativo en materia de rotación del auditor externo, a propuesta de la comisión de auditoría y como resultado de un concurso de selección desarrollado con plena transparencia.', 'Debt Valuation Adjustment (DVA): ajuste a la valoración similar al CVA, pero en este caso como consecuencia del riesgo propio del Grupo que asumen sus contrapartidas en los derivados OTC.', 'Ofrece a los usuarios una imagen tridimensional del objeto que se inspecciona, con lo que se ofrece una visión clara acerca del alcance y naturaleza de los posibles defectos.', 'Llevamos años siendo cada vez más y más eficientes, por eso también cada vez es más difícil mejorar.']",también cada vez es más difícil mejorar,"continuamos trabajando en la excelencia operativa , con nuevos procesos más sencillos, eficientes y omnichannel, desarrollados con metodología Agile, y también en mejorar la calidad de servicio",0.0,0.5,0.0
"La gestión de residuos desempeña un papel fundamental en la economía circular, ¿por qué?","['La gestión de residuos desempeña un papel fundamental en la economía circular, ya que determina la manera en que se pone en práctica la jerarquía de residuos de la UE.', 'Lingotes Especiales apuesta decididamente por la Economía Circular ya que esta permite diseñar productos sin desechos que faciliten su desmontaje y su reutilización y convertir residuos en recursos, incorporándolos de nuevo al ciclo de la economía productiva y reduciendo, a la vez, el impacto ambiental de los procesos.', 'El Grupo ACS considera prioritaria la eficiencia del consumo de recursos y la reducción de la generación de residuos, ya que una estrategia efectiva en estos aspectos implica beneficios en una doble vertiente. Por un lado, se reduce el impacto ambiental sobre el entorno y, por otro, se reduce el gasto necesario para la compra o tratamiento de los mismos.', 'Somos conscientes del impacto de nuestra actividad en la sociedad y, por ello, buscamos procesos más eficientes e innovadores, apoyándonos en las nuevas tecnologías, que nos permitan contribuir de forma positiva a lograr un entorno más sostenible.', 'La capacidad de maximizar la utilización de nuestros activos durante su vida  útil es un factor importante dado que nuestra actividad requiere de importantes  inversiones.']",determina la manera en que se pone en práctica la jerarquía de residuos de la UE,determina la manera en que se pone en práctica la jerarquía de residuos de la UE,1.0,0.6666666666666666,1.0
¿Por qué en el plan de bienvenida a los nuevos empleados de Gestamp se incluye un curso de formación específico obligatorio?,"['Todos los empleados de Gestamp tienen la obligación de conocer, comprender y aplicar el Código. Por ello, en el plan de bienvenida de los nuevos empleados se incluye un curso de formación específico obligatorio.', 'importante, a la generación de riqueza y empleo, no solo de forma directa, sino concepto de impuestos. también a través de los flujos económicos indirectos e inducidos que se producen como consecuencia de la actividad de Gestamp.', 'Gracias a la colaboración con los diferentes departamentos, todos los empleados -e incluso las nuevas incorporaciones- participan en talleres de sensibilización ambiental.', 'Los proveedores de equipos y componentes, como Gestamp, son un elemento clave del sector ya que sus piezas suponen el 70-75% del total del vehículo. La tendencia hace prever que el porcentaje aumente en el futuro.', 'Estricto control de costes, con una disminución del 0,6% gracias al plan de eficiencia y de productividad.']","Todos los empleados de Gestamp tienen la obligación de conocer, comprender y aplicar el Código","Todos los empleados de Gestamp tienen la obligación de conocer, comprender y aplicar el Código",1.0,1.0,1.0
¿Qué consecuencias tiene nuestro estudio Things Matter sobre el uso de las cosas conectadas?,"['Gracias a nuestro estudio Things Matter, que está centrado en el uso que las personas hacen de las cosas conectadas, podemos visualizar claramente qué aspectos de nuestra sociedad están experimentando, en mayor o menor medida, el impacto de Internet de las Cosas.', 'Vivimos una parte cada vez más importante de nuestra vida a través de la conectividad y los servicios digitales, por eso, sabemos que la responsabilidad que asumimos en este ámbito condiciona el éxito a futuro. Así lo ven también nuestros grupos de interés, en particular inversores y analistas, que consideran que la seguridad y la privacidad es una de las temáticas más importantes en nuestro compromiso hacia el cliente (ver capítulo Materialidad).', 'En este sentido, en la actualidad, el Internet de las cosas nos permite ofrecer a las ciudades soluciones digitales y eficientes que convergen en una plataforma integral y abierta, gracias a las cuales se pueden reducir costes, aumentar ingresos, mejorar la administración de recursos urbanos y la calidad de vida de sus habitantes.', 'Gracias a estas medidas, tal y como queda reflejado en la gráfica anterior, hemos alcanzado una reducción del 6% en el consumo de energía eléctrica por prenda puesta en el mercado y de un 3% con respecto a las ventas, en comparación con 2016.', 'La transformación digital está impactada por los cambios en los hábitos de los consumidores, y por ello se ha iniciado un nuevo modelo de relación con los clientes, buscando nuevas formas de acercarse, allí donde ellos estén, para ser más convenientes. El objetivo ha sido mejorar la propuesta de valor y servicio del Grupo, asegurando la metodología y sistemática comercial, adaptándose a los diferentes segmentos y llevando la relación con el cliente donde más lo necesita en cada momento.']","podemos visualizar claramente qué aspectos de nuestra sociedad están experimentando, en mayor o menor medida, el impacto de Internet de las Cosas","podemos visualizar claramente qué aspectos de nuestra sociedad están experimentando, en mayor o menor medida, el impacto de Internet de las Cosas",1.0,0.3333333333333333,1.0
"¿A qué se debe que los costes hayan disminuido un 0,6%?","['Estricto control de costes, con una disminución del 0,6% gracias al plan de eficiencia y de productividad.', 'Gracias a estas medidas, tal y como queda reflejado en la gráfica anterior, hemos alcanzado una reducción del 6% en el consumo de energía eléctrica por prenda puesta en el mercado y de un 3% con respecto a las ventas, en comparación con 2016.', 'Por otro lado, los gastos financieros se han reducido significativamente como resultado de fructíferas negociaciones con los bancos que permitieron minorar el tipo de interés medio satisfecho por la Compañía, el cual se situó en 3,2% frente al 3,5% del año 2016, así como incrementar los plazos de vencimiento de los instrumentos de deuda con los que actualmente se financia.', 'Gracias a estas y otras mejoras, las incidencias en todas las plataformas se han reducido en un 61% con respecto al año anterior.', 'La tasa de morosidad se ha reducido desde el 1,35% en 2016 al 1,13% a diciembre de 2017, gracias a un entorno macroeconómico más favorable y la aplicación de políticas prudentes.']",al plan de eficiencia y de productividad,al plan de eficiencia y de productividad,1.0,0.3333333333333333,1.0
¿Qué ha permitido esta medida?,"['También se ha mejorado la interfaz gráfica general, con lo que se consigue una mejor experiencia de usuario.', 'Gracias a estas y otras mejoras, las incidencias en todas las plataformas se han reducido en un 61% con respecto al año anterior.', 'Este sistema, sus políticas y sus procedimientos están basados en el respeto a los Derechos Humanos y han sido desarrollados gracias al conocimiento y cercanía con toda la cadena de suministro.', 'Durante 2014, la compañía ha realizado esfuerzos para incrementar la privacidad y seguridad de los datos, tanto de los empleados y colaboradores, como de los usuarios registrados y espectadores en general, para lo cual ha revisado y actualizado los procedimientos vigentes y ha añadido nuevos procedimientos. En particular, destaca la normalización de los aspectos relacionados con la contratación de servicios en la nube y el uso de tecnología en movilidad por parte de los empleados. Gracias al buen funcionamiento del sistema de control interno, en 2014 no se ha producido ningún expediente sancionador en materia de privacidad y protección de datos personales.', 'Afortunadamente, no hubo que lamentar daños personales, ya que los clientes fueron evacuados de las zonas afectadas de una manera rápida, eficaz y segura.']","no hubo que lamentar daños personales, ya que los clientes fueron evacuados de las zonas afectadas de una manera rápida, eficaz y segura","hemos mejorado la densidad de dichos envíos en un 1,5% respecto al año anterior",0.0,0.8,1.0
¿Cuál ha sido el resultado de transformar la función de cumplimiento en el nuevo modelo TOM?,"['Su reutilización no es posible pero sí su reciclaje, por lo que el 97% son reciclados por empresas especializadas.', 'Esta decisión se adoptó en línea con las recomendaciones de gobierno corporativo en materia de rotación del auditor externo, a propuesta de la comisión de auditoría y como resultado de un concurso de selección desarrollado con plena transparencia.', 'La baja contable de los activos de un plan puede producirse cuando estos activos son mayores que la obligación proyectada y el Grupo no puede recuperar ningún superávit a través de reembolsos del instrumento en que está materializado el compromiso de prestación definida como consecuencia de requisitos de solvencia y/o control.', 'Debt Valuation Adjustment (DVA): ajuste a la valoración similar al CVA, pero en este caso como consecuencia del riesgo propio del Grupo que asumen sus contrapartidas en los derivados OTC.', 'También podrá proponerse la separación de consejeros independientes como consecuencia de ofertas públicas de adquisición, fusiones u otras operaciones corporativas similares que supongan un cambio en la estructura de capital de la sociedad, cuando tales cambios en la estructura del consejo de administración vengan propiciados por el criterio de proporcionalidad señalado en la recomendación 16.']",el 97% son reciclados por empresas especializadas,"la antigua oficina de gestión de riesgo reputacional ha sido renombrada como gobierno de productos y protección al consumidor y amplía sus competencias para fortalecer el adecuado control y supervisión de los riesgos de comercialización de productos y servicios, promover la transparencia y un enfoque Sencillo, Personal y Justo hacia los clientes para proteger sus derechos y asegurar que las políticas y procedimientos tienen en cuenta la perspectiva de los consumidores",0.0,0.5,0.0
"¿Qué ha provocado que los ingresos unitarios de pasaje descendieran un 5,4% a tipos de cambios constantes?","['Según los datos presentados, los ingresos de pasaje del Grupo descendieron un 2,0%, con un efecto cambiario adverso de 5,6 puntos, mientras que la capacidad se incrementó un 9,4%. A tipos de cambio constantes, los ingresos unitarios de pasaje (ingresos de pasaje por AKO) descendieron un 5,4% a causa de la caída del yield (ingresos de pasaje/pasajeros-kilómetro transportados), con un ligero incremento de 0,2 puntos en el coeficiente de ocupación.', 'El ebitda disminuye un 20,9% debido al impacto de una menor demanda y un efecto negativo de los tipos de cambio (–46 millones de euros).', 'Estas ventas han supuesto un ingreso de 2.412 millones de euros en el ejercicio 2016, un 16,4% inferior al del ejercicio 2015 como consecuencia de la caída en las unidades físicas vendidas y del menor precio medio de venta.', 'La cifra de negocio disminuyó un 14,0% hasta los 401,3 millones de euros, debido a una severa bajada del mercado local y a las fluctuaciones adversas de tipo de cambio tanto en Brasil como en Argentina.', 'El EBITDA ajustado descendió un 9,4% en 2017 hasta EUR568.6m, una caída del 8,9% a divisa constante. Este descenso tuvo su reflejo en una erosión de 65 puntos básicos en el margen EBITDA ajustado, que fue del 6,6% en el año como resultado de la política de precios implementada en España en la segunda mitad del año.']","la caída del yield (ingresos de pasaje/pasajeros-kilómetro transportados), con un ligero incremento de 0,2 puntos en el coeficiente de ocupación","la caída del yield (ingresos de pasaje/pasajeros-kilómetro transportados), con un ligero incremento de 0,2 puntos en el coeficiente de ocupación",0.75,1.0,1.0
¿Por qué resulta importante contar con una relativa diversificación de la actividad?,"['En un entorno de crecimiento económico tanto a nivel nacional como global – el PIB de España repuntó un 3,1% en 2017 en tasa interanual y el de la economía mundial un 3,7%- hemos sabido avanzar de forma firme pero no podemos olvidar que las incertidumbres del entorno pueden afectar a cualquier compañía de dimensión internacional y por ello, es importante contar con una relativa diversificación de la actividad.', 'La capacidad de maximizar la utilización de nuestros activos durante su vida  útil es un factor importante dado que nuestra actividad requiere de importantes  inversiones.', 'Operamos en una industria global y altamente competitiva por lo que no sólo debemos adaptarnos de forma continuada a los requisitos de nuestros clientes sino que consideramos el desarrollo conjunto una oportunidad de ventaja competitiva.', 'Operamos en una industria global y altamente competitiva por lo que no sólo debemos adaptarnos de forma continuada a los requisitos de nuestros clientes sino que consideramos el I+D una oportunidad de ventaja competitiva.', 'Applus+ cuenta con profesionales de gran talento, comprometidos y apasionados, que han contribuido al crecimiento y a la diversificación del negocio durante muchos años y por este motivo me gustaría expresarles mi agradecimiento por la gran labor que han realizado.']",hemos sabido avanzar de forma firme pero no podemos olvidar que las incertidumbres del entorno pueden afectar a cualquier compañía de dimensión internacional,"En un entorno de crecimiento económico tanto a nivel nacional como global – el PIB de España repuntó un 3,1% en 2017 en tasa interanual y el de la economía mundial un 3,7%- hemos sabido avanzar de forma firme pero no podemos olvidar que las incertidumbres del entorno pueden afectar a cualquier compañía de dimensión internacional",0.75,1.0,1.0
¿A qué se ha debido la consolidación del negocio doméstico?,"['Los resultados obtenidos constatan una sólida consolidación del negocio doméstico con una mejora significativa del margen de clientes. Esto ha sido posible gracias a una gestión proactiva de precios (tanto en intereses como en comisiones) junto con una mejora en las cuotas de mercado, siempre manteniendo una elevada calidad de servicio. El Banco ha sido capaz de fortalecer su margen de intereses y es la entidad con mejor comportamiento en el margen de clientes en España. Todo ello junto con una sólida posición de solvencia y liquidez.', 'La compañía ha ido ganando volumen merced a un modelo de negocio único en su sector, que le ha permitido aumentar su rentabilidad pese a los ciclos económicos adversos y ganarse la confianza del mercado.', 'Llevará a cabo actividades que aporten valor y ayuden a reforzar la relación personal con determinados clientes, por lo que será una oficina evolucionada que permitirá al Banco testar un nuevo modelo de atención y servicio.', 'La contratación de préstamos al consumo consolida su crecimiento con un incremento de volumen del 46,42% respecto al año anterior gracias al foco en la red comercial y a la estrategia aplicada en la política de precios con tipos de interés más atractivos.', 'Asimismo, Banco Sabadell ofrece un amplio abanico de medidas orientadas a mejorar la conciliación de la vida laboral y familiar y/o personal de su plantilla, mediante la contratación de servicios o compra de productos a través del portal para empleados, que les ofrece no solamente un ahorro económico sino también de tiempo, ya que reciben los productos en su lugar de trabajo y se ahorran el desplazamiento o el hacer la gestión fuera del horario laboral.']","a una gestión proactiva de precios (tanto en intereses como en comisiones) junto con una mejora en las cuotas de mercado, siempre manteniendo una elevada calidad de servicio","a una gestión proactiva de precios (tanto en intereses como en comisiones) junto con una mejora en las cuotas de mercado, siempre manteniendo una elevada calidad de servicio",1.0,0.16666666666666666,1.0
¿Qué consecuencias traen las reducciones de plantilla?,"['Su reutilización no es posible pero sí su reciclaje, por lo que el 97% son reciclados por empresas especializadas.', 'Esta decisión se adoptó en línea con las recomendaciones de gobierno corporativo en materia de rotación del auditor externo, a propuesta de la comisión de auditoría y como resultado de un concurso de selección desarrollado con plena transparencia.', 'La baja contable de los activos de un plan puede producirse cuando estos activos son mayores que la obligación proyectada y el Grupo no puede recuperar ningún superávit a través de reembolsos del instrumento en que está materializado el compromiso de prestación definida como consecuencia de requisitos de solvencia y/o control.', 'Debt Valuation Adjustment (DVA): ajuste a la valoración similar al CVA, pero en este caso como consecuencia del riesgo propio del Grupo que asumen sus contrapartidas en los derivados OTC.', 'También podrá proponerse la separación de consejeros independientes como consecuencia de ofertas públicas de adquisición, fusiones u otras operaciones corporativas similares que supongan un cambio en la estructura de capital de la sociedad, cuando tales cambios en la estructura del consejo de administración vengan propiciados por el criterio de proporcionalidad señalado en la recomendación 16.']",el 97% son reciclados por empresas especializadas,"La plantilla de Columbus a final de año es de 1.361 personas, un 14,88% menos que a 31 de diciembre de 2013",0.0,0.0,0.0
¿Por qué las direcciones de riesgos locales deberán contar con los medios necesarios para llevar a cabo su actividad?,"['En el ámbito local, las direcciones de riesgos locales deberán contar con la estructura y los medios necesarios para llevar a cabo su actividad según se ha descrito anteriormente, ya que son las encargadas de la ejecución de los distintos controles establecidos, asumiendo la responsabilidad de informar de los resultados de los mismos tanto a sus interlocutores a nivel local (negocio, supervisión de riesgos, reguladores y supervisores, etc), como a sus interlocutores a nivel corporativo.', 'Y también han de ser flexibles, porque la gestión de riesgos tiene que adaptarse rápidamente a nuevos entornos y escenarios imprevistos.', 'El riesgo operacional es inherente a todos los productos, actividades, procesos y sistemas, y se genera en todas las áreas de negocio y de soporte, siendo por esta razón, responsabilidad de todos los empleados la gestión y control de los riesgos generados en su ámbito de actuación.', 'Como se ha señalado, esta fase de implantación es otra de las posibles fuentes de riesgo de modelo, por lo que es requisito indispensable que se realicen pruebas por parte de los equipos técnicos y los propietarios del modelo, certificando que se ha implementado de acuerdo a la definición metodológica y funciona de acuerdo a lo esperado.', 'Esta cultura de riesgos se define a través de cinco principios que han de formar parte de la gestión del día a día de todos los empleados del Grupo: Responsabilidad, porque todas las unidades y empleados (con independencia de la función que desempeñen) deben conocer y entender los riesgos en que incurren en su actividad diaria y ser responsables de su identificación, valoración, gestión y reporte']","son las encargadas de la ejecución de los distintos controles establecidos, asumiendo la responsabilidad de informar de los resultados de los mismos tanto a sus interlocutores a nivel local (negocio, supervisión de riesgos, reguladores y supervisores, etc), como a sus interlocutores a nivel corporativo","son las encargadas de la ejecución de los distintos controles establecidos, asumiendo la responsabilidad de informar de los resultados de los mismos tanto a sus interlocutores a nivel local (negocio, supervisión de riesgos, reguladores y supervisores, etc), como a sus interlocutores a nivel corporativo",1.0,1.0,1.0
¿Cuál es la explicación de que una de las grandes ventajas de este sistema sea su transparencia?,"['Una de las grandes ventajas de este sistema es su transparencia, ya que estas ideas son visibles de forma inmediata para toda la plantilla de modo que pueden ser votadas o enriquecidas con opiniones o aportaciones complementarias.', 'Este sistema supone un importante avance en el impacto medioambiental ya que los sistemas de purificación propuestos eliminan impurezas, productos químicos e imperfecciones sin perjudicar la calidad del agua consumible por el cliente, reduciendo además espacio de almacenaje, costes económicos y tiempo por la gestión logística del producto.', 'Ofrece a los usuarios una imagen tridimensional del objeto que se inspecciona, con lo que se ofrece una visión clara acerca del alcance y naturaleza de los posibles defectos.', '• Construir un Prosegur más ágil, rápido, consistente y homogéneo, gracias a la simplificación de procesos y estructuras que redunden en una mejor toma de decisiones', 'Este sistema, sus políticas y sus procedimientos están basados en el respeto a los Derechos Humanos y han sido desarrollados gracias al conocimiento y cercanía con toda la cadena de suministro.']",estas ideas son visibles de forma inmediata para toda la plantilla de modo que pueden ser votadas o enriquecidas con opiniones o aportaciones complementarias,estas ideas son visibles de forma inmediata para toda la plantilla de modo que pueden ser votadas o enriquecidas con opiniones o aportaciones complementarias,1.0,0.8333333333333334,1.0
¿Qué implicaciones tiene que su compromiso se vea reflejado en cifras?,"['Su reutilización no es posible pero sí su reciclaje, por lo que el 97% son reciclados por empresas especializadas.', 'Esta decisión se adoptó en línea con las recomendaciones de gobierno corporativo en materia de rotación del auditor externo, a propuesta de la comisión de auditoría y como resultado de un concurso de selección desarrollado con plena transparencia.', 'La baja contable de los activos de un plan puede producirse cuando estos activos son mayores que la obligación proyectada y el Grupo no puede recuperar ningún superávit a través de reembolsos del instrumento en que está materializado el compromiso de prestación definida como consecuencia de requisitos de solvencia y/o control.', 'Debt Valuation Adjustment (DVA): ajuste a la valoración similar al CVA, pero en este caso como consecuencia del riesgo propio del Grupo que asumen sus contrapartidas en los derivados OTC.', 'También podrá proponerse la separación de consejeros independientes como consecuencia de ofertas públicas de adquisición, fusiones u otras operaciones corporativas similares que supongan un cambio en la estructura de capital de la sociedad, cuando tales cambios en la estructura del consejo de administración vengan propiciados por el criterio de proporcionalidad señalado en la recomendación 16.']",el 97% son reciclados por empresas especializadas,"somos la tercera empresa del mundo en inversión educativa con una aportación anual de cerca de 130 millones de euros, según las estimaciones de la Fundación Varkey y la UNESCO",0.0,1.0,0.25
¿Qué resulta de mantener al cliente en el centro del negocio como prioridad para la Compañía?,"['Su reutilización no es posible pero sí su reciclaje, por lo que el 97% son reciclados por empresas especializadas.', 'Esta decisión se adoptó en línea con las recomendaciones de gobierno corporativo en materia de rotación del auditor externo, a propuesta de la comisión de auditoría y como resultado de un concurso de selección desarrollado con plena transparencia.', 'La baja contable de los activos de un plan puede producirse cuando estos activos son mayores que la obligación proyectada y el Grupo no puede recuperar ningún superávit a través de reembolsos del instrumento en que está materializado el compromiso de prestación definida como consecuencia de requisitos de solvencia y/o control.', 'Debt Valuation Adjustment (DVA): ajuste a la valoración similar al CVA, pero en este caso como consecuencia del riesgo propio del Grupo que asumen sus contrapartidas en los derivados OTC.', 'También podrá proponerse la separación de consejeros independientes como consecuencia de ofertas públicas de adquisición, fusiones u otras operaciones corporativas similares que supongan un cambio en la estructura de capital de la sociedad, cuando tales cambios en la estructura del consejo de administración vengan propiciados por el criterio de proporcionalidad señalado en la recomendación 16.']",el 97% son reciclados por empresas especializadas,los proyectos y las líneas de actuación acometidas por Grupo DIA tienen siempre una clara orientación hacia completar las necesidades y cambiantes hábitos de un cliente cada vez más exigente y especializado,0.0,0.0,0.0
¿Qué permite conseguir la mejora de la interfaz gráfica general?,"['También se ha mejorado la interfaz gráfica general, con lo que se consigue una mejor experiencia de usuario.', 'Ofrece a los usuarios una imagen tridimensional del objeto que se inspecciona, con lo que se ofrece una visión clara acerca del alcance y naturaleza de los posibles defectos.', 'Gracias a estas y otras mejoras, las incidencias en todas las plataformas se han reducido en un 61% con respecto al año anterior.', 'Una de las grandes ventajas de este sistema es su transparencia, ya que estas ideas son visibles de forma inmediata para toda la plantilla de modo que pueden ser votadas o enriquecidas con opiniones o aportaciones complementarias.', '• Construir un Prosegur más ágil, rápido, consistente y homogéneo, gracias a la simplificación de procesos y estructuras que redunden en una mejor toma de decisiones']",se consigue una mejor experiencia de usuario,una mejor experiencia de usuario,0.75,1.0,1.0
¿Cuál es el efecto de la aplicación de la NIC29?,"['Su reutilización no es posible pero sí su reciclaje, por lo que el 97% son reciclados por empresas especializadas.', 'Esta decisión se adoptó en línea con las recomendaciones de gobierno corporativo en materia de rotación del auditor externo, a propuesta de la comisión de auditoría y como resultado de un concurso de selección desarrollado con plena transparencia.', 'La baja contable de los activos de un plan puede producirse cuando estos activos son mayores que la obligación proyectada y el Grupo no puede recuperar ningún superávit a través de reembolsos del instrumento en que está materializado el compromiso de prestación definida como consecuencia de requisitos de solvencia y/o control.', 'Debt Valuation Adjustment (DVA): ajuste a la valoración similar al CVA, pero en este caso como consecuencia del riesgo propio del Grupo que asumen sus contrapartidas en los derivados OTC.', 'También podrá proponerse la separación de consejeros independientes como consecuencia de ofertas públicas de adquisición, fusiones u otras operaciones corporativas similares que supongan un cambio en la estructura de capital de la sociedad, cuando tales cambios en la estructura del consejo de administración vengan propiciados por el criterio de proporcionalidad señalado en la recomendación 16.']",el 97% son reciclados por empresas especializadas,un impacto positivo en el ebitda de 10 millones de euros,0.0,1.0,0.0
¿Qué efecto ha tenido el convenio trienal?,"['Su reutilización no es posible pero sí su reciclaje, por lo que el 97% son reciclados por empresas especializadas.', 'Esta decisión se adoptó en línea con las recomendaciones de gobierno corporativo en materia de rotación del auditor externo, a propuesta de la comisión de auditoría y como resultado de un concurso de selección desarrollado con plena transparencia.', 'La baja contable de los activos de un plan puede producirse cuando estos activos son mayores que la obligación proyectada y el Grupo no puede recuperar ningún superávit a través de reembolsos del instrumento en que está materializado el compromiso de prestación definida como consecuencia de requisitos de solvencia y/o control.', 'Debt Valuation Adjustment (DVA): ajuste a la valoración similar al CVA, pero en este caso como consecuencia del riesgo propio del Grupo que asumen sus contrapartidas en los derivados OTC.', 'También podrá proponerse la separación de consejeros independientes como consecuencia de ofertas públicas de adquisición, fusiones u otras operaciones corporativas similares que supongan un cambio en la estructura de capital de la sociedad, cuando tales cambios en la estructura del consejo de administración vengan propiciados por el criterio de proporcionalidad señalado en la recomendación 16.']",el 97% son reciclados por empresas especializadas,Inditex y Entreculturas han desarrollado proyectos de capacitación profesional y de formación y atención a colectivos vulnerables en nueve países de América Latina y cuatro de África,0.0,1.0,0.0
¿Por qué se dice que el impacto no fue duradero?,"['El impacto no fue duradero, ya que en los meses siguientes se redujo la volatilidad, la renta variable se recuperó y bajó la aversión al riesgo.', 'El beneficio de la región refleja el discreto resultado de México debido al elevado ratio combinado de autos y al impacto de los eventos catastróficos en el negocio de GLOBAL RISKS.', 'Llevamos años siendo cada vez más y más eficientes, por eso también cada vez es más difícil mejorar.', 'Un crecimiento que hemos alcanzado sin realizar ampliaciones de capital y gracias a una política prudente de distribución del dividendo.', 'Radica en la posibilidad de que el fondo no cubra estos compromisos en el periodo de devengo de la prestación y la rentabilidad obtenida por la cartera no sea suficiente y obligue al Grupo a incrementar el nivel de aportaciones. Riesgo actuarial: pérdidas inesperadas producidas como consecuencia de un incremento en los compromisos con los tomadores del seguro, así como las pérdidas derivadas de un incremento no previsto en los gastos. 217 "" D.2.2.']","en los meses siguientes se redujo la volatilidad, la renta variable se recuperó y bajó la aversión al riesgo","en los meses siguientes se redujo la volatilidad, la renta variable se recuperó y bajó la aversión al riesgo",1.0,1.0,1.0
¿A qué debemos la inspección de oleoductos pertenecientes a la red de infraestructura energética de EE.UU.?,"['Inspección de oleoductos pertenecientes a la red de infraestructura energética de EE.UU. gracias a la Tecnología Ultrasónica Avanzada Rotoscan de Applus+ RTD. Completando 885 kilómetros de tuberías en el marco de diversos proyectos con la tecnología Rayscan en EE.UU.', 'Además, se ha procedido a revisar el estado actual de las instalaciones obteniendo como resultado unas propuestas de mejora de ahorro y eficiencia energética.', 'Esta medición se completa con una evaluación más racional del desempeño, gracias al indicador RepTrack Index.', 'La producción hidráulica en Costa Rica se ha visto favorecida por un mayor despacho por parte de ICE (Instituto Costarricense de Energía) debido a la mayor pluviosidad respecto al año anterior y la entrada en operación comercial de Torito.', 'Este procedimiento monitoriza en tiempo real operaciones de movimientos de fondos ordenadas desde las webs puestas al servicio del cliente, ya que todas sus sesiones son analizadas y marcadas con un valor de confianza.']",a la Tecnología Ultrasónica Avanzada Rotoscan de Applus+ RTD,a la Tecnología Ultrasónica Avanzada Rotoscan de Applus+ RTD,1.0,1.0,1.0
¿Qué han generado las tecnologías digitales?,"['Su reutilización no es posible pero sí su reciclaje, por lo que el 97% son reciclados por empresas especializadas.', 'Esta decisión se adoptó en línea con las recomendaciones de gobierno corporativo en materia de rotación del auditor externo, a propuesta de la comisión de auditoría y como resultado de un concurso de selección desarrollado con plena transparencia.', 'La baja contable de los activos de un plan puede producirse cuando estos activos son mayores que la obligación proyectada y el Grupo no puede recuperar ningún superávit a través de reembolsos del instrumento en que está materializado el compromiso de prestación definida como consecuencia de requisitos de solvencia y/o control.', 'Debt Valuation Adjustment (DVA): ajuste a la valoración similar al CVA, pero en este caso como consecuencia del riesgo propio del Grupo que asumen sus contrapartidas en los derivados OTC.', 'También podrá proponerse la separación de consejeros independientes como consecuencia de ofertas públicas de adquisición, fusiones u otras operaciones corporativas similares que supongan un cambio en la estructura de capital de la sociedad, cuando tales cambios en la estructura del consejo de administración vengan propiciados por el criterio de proporcionalidad señalado en la recomendación 16.']",el 97% son reciclados por empresas especializadas,Capacitación financiera,0.0,0.3333333333333333,0.0
¿A qué se achaca que se hayan donado en torno a 200.000 euros a causas sociales?,"['Cerca de 200.000 euros donados a causas sociales gracias a los programas de entretenimiento de Atresmedia Televisión Atresmedia ha donado en 2014 un total de 171.809 euros a organizaciones de carácter social, entre ellas Fundación Pequeño Deseo, Fundación Aladina o Fundación Balia, a través de la emisión de programas especiales solidarios como Atrapa un millón, Boom!, A bailar o Tu cara me suena.', 'Gracias a esta intervención, se ha atendido a cerca de 70.000 personas en consultas externas y de salud mental.', 'En su firme compromiso por sensibilizar a la sociedad para paliar las situaciones que afectan a los más desfavorecidos, ‘12 Meses’ ha culminado en 2015 su campaña ‘Balón solidario’ de ‘Los Manolos’ -Manu Carreño y Manolo Lamapuesta en marcha el año anterior en colaboración con el Banco de Alimentos y la Fundación Solidaridad Carrefour, con un rotundo éxito: más de 230.000 meriendas distribuidas entre niños en riesgo de exclusión social obtenidas a raíz de la venta de miles de ejemplares del balón solidario en 173 centros Carrefour de toda España.', 'Nuestro compromiso se ve reflejado en cifras, por ello somos la tercera empresa del mundo en inversión educativa con una aportación anual de cerca de 130 millones de euros, según las estimaciones de la Fundación Varkey y la UNESCO.', 'Gracias a la colaboración con Inditex, en 2017 se han consolidado 32 proyectos de economía social, 1.139 personas han mejorado su empleabilidad, 849 de ellas han recibido formación y 460 además han encontrado un empleo.']",a los programas de entretenimiento de Atresmedia Televisión,a los programas de entretenimiento de Atresmedia Televisión,1.0,0.0,1.0
¿Qué consecuencias ha tenido la reducción de las emisiones de CO2 y su monitorización?,"['Su reutilización no es posible pero sí su reciclaje, por lo que el 97% son reciclados por empresas especializadas.', 'Esta decisión se adoptó en línea con las recomendaciones de gobierno corporativo en materia de rotación del auditor externo, a propuesta de la comisión de auditoría y como resultado de un concurso de selección desarrollado con plena transparencia.', 'La baja contable de los activos de un plan puede producirse cuando estos activos son mayores que la obligación proyectada y el Grupo no puede recuperar ningún superávit a través de reembolsos del instrumento en que está materializado el compromiso de prestación definida como consecuencia de requisitos de solvencia y/o control.', 'Debt Valuation Adjustment (DVA): ajuste a la valoración similar al CVA, pero en este caso como consecuencia del riesgo propio del Grupo que asumen sus contrapartidas en los derivados OTC.', 'También podrá proponerse la separación de consejeros independientes como consecuencia de ofertas públicas de adquisición, fusiones u otras operaciones corporativas similares que supongan un cambio en la estructura de capital de la sociedad, cuando tales cambios en la estructura del consejo de administración vengan propiciados por el criterio de proporcionalidad señalado en la recomendación 16.']",el 97% son reciclados por empresas especializadas,"El programa de reconocido prestigio Carbon Disclosure Program 2014 (CDP), en el que Acerinox participa voluntariamente, ha otorgado a Acerinox la puntuación más alta posible",0.0,0.25,0.0
"¿A qué se debe la reducción de la tasa de morosidad desde un 1,35% en 2016 a un 1,13% finalizando 2017?","['La tasa de morosidad se ha reducido desde el 1,35% en 2016 al 1,13% a diciembre de 2017, gracias a un entorno macroeconómico más favorable y la aplicación de políticas prudentes.', 'Así, Bankia cerró el ejercicio 2018 con un elevado descenso de los riesgos dudosos del 31% (3.702 millones de euros) lo que permitió reducir la tasa de morosidad al 6,5%.', 'Por otro lado, los gastos financieros se han reducido significativamente como resultado de fructíferas negociaciones con los bancos que permitieron minorar el tipo de interés medio satisfecho por la Compañía, el cual se situó en 3,2% frente al 3,5% del año 2016, así como incrementar los plazos de vencimiento de los instrumentos de deuda con los que actualmente se financia.', 'El beneficio antes de impuestos en 2015 fue de 31 millones de euros, gracias a la muy escasa morosidad (un 1%, diez veces menos que el promedio del sector), un balance equilibrado y un nivel de gastos de estructura muy bajo.', 'Esta tendencia favorable se produjo a pesar de haberse generado menores comisiones de mantenimiento de cuentas debido a la suspensión de su cobro al segmento retail, impuesta por el Consejo de Estado turco, y de los altos ingresos generados en el 2016 por el programa de millas Miles & Smiles.']",a un entorno macroeconómico más favorable y la aplicación de políticas prudentes,a un entorno macroeconómico más favorable y la aplicación de políticas prudentes,1.0,1.0,1.0
¿A qué se debió que la inflación descendiera a tasas mínimas históricas?,"['La inflación descendió a tasas mínimas históricas, del 2,1% en diciembre, gracias a la reducción de los precios en telecomunicaciones y energía tras la implementación de reformas estructurales.', 'En diciembre de 2015, la inflación interanual se situó próxima a cero (0,2%), debido a los bajos precios de la energía y de los alimentos, mientras que la inflación, excluidos la energía y los alimentos, repuntó hasta el 1,4%.', 'La tasa del mes de diciembre fue inferior a la esperada, debido a la baja de los precios del petróleo, alimentos y servicios (principalmente la caída de los precios de los alimentos con una baja del 4%).', 'La tasa de morosidad se ha reducido desde el 1,35% en 2016 al 1,13% a diciembre de 2017, gracias a un entorno macroeconómico más favorable y la aplicación de políticas prudentes.', 'Como consecuencia de la intervención del BCe en los mercados, la excepcionalidad en el área euro es tal que los tipos de interés negativos de la deuda pública se han convertido en habituales.']",a la reducción de los precios en telecomunicaciones y energía tras la implementación de reformas estructurales,a la reducción de los precios en telecomunicaciones y energía tras la implementación de reformas estructurales,1.0,1.0,1.0
"¿Por qué razón la temporada estival registró un fuerte incremento en la demanda turística, tanto doméstica, como extranjera (excepto por la caída del mercado ruso), acusando una confluencia de factores endógenos, como la recuperación de la economía y el empleo en España, y exógenos, como la bajada del precio del petróleo, la evolución de los tipos de interés con el dólar y la libra, y lamentablemente, la inestabilidad de algunos destinos competidores de sol y playa en el Mediterráneo y norte de África?","['Dado que la mayor parte de la producción generada por la división mediterránea tiene lugar en el tercer trimestre del año, coincidiendo con la temporada alta de los hoteles vacacionales en España, cabe comentar que la temporada estival registró un fuerte incremento en la demanda turística, tanto doméstica, como extranjera (excepto por la caída del mercado ruso), acusando una confluencia de factores endógenos, como la recuperación de la economía y el empleo en España, y exógenos, como la bajada del precio del petróleo, la evolución de los tipos de interés con el dólar y la libra, y lamentablemente, la inestabilidad de algunos destinos competidores de sol y playa en el Mediterráneo y norte de África.', 'En un entorno de crecimiento económico tanto a nivel nacional como global – el PIB de España repuntó un 3,1% en 2017 en tasa interanual y el de la economía mundial un 3,7%- hemos sabido avanzar de forma firme pero no podemos olvidar que las incertidumbres del entorno pueden afectar a cualquier compañía de dimensión internacional y por ello, es importante contar con una relativa diversificación de la actividad.', 'Europa ha tenido una primera mitad del año con fuerte incremento del consumo aparente, debido al incremento en la utilización por parte de los clientes finales pero también debido a la recuperación de stocks en la cadena de suministro.', 'Es cierto que se ha registrado una desaceleración de la actividad en la segunda parte de 2015 respecto a lo observado en el primer semestre debido a la ralentización de la demanda mundial, el agotamiento de algunos factores cíclicos y el aumento de la incertidumbre, en parte ligada al ciclo electoral español, pero las previsiones indican que se alcanzará un incremento del PIB de alrededor de un 2,7% para 2016.', 'otros movimientos que se han producido a lo largo del año han sido la reducción de las rentabilidades de la curvas de los países periféricos de la eurozona, con la excepción de Grecia, cuyas rentabilidades han aumentado sustancialmente en la última parte del año debido a la inestabilidad política.']","la mayor parte de la producción generada por la división mediterránea tiene lugar en el tercer trimestre del año, coincidiendo con la temporada alta de los hoteles vacacionales en España","la mayor parte de la producción generada por la división mediterránea tiene lugar en el tercer trimestre del año, coincidiendo con la temporada alta de los hoteles vacacionales en España",0.5,1.0,1.0
¿Cuál está siendo el resultado del proyecto?,"['Su reutilización no es posible pero sí su reciclaje, por lo que el 97% son reciclados por empresas especializadas.', 'Esta decisión se adoptó en línea con las recomendaciones de gobierno corporativo en materia de rotación del auditor externo, a propuesta de la comisión de auditoría y como resultado de un concurso de selección desarrollado con plena transparencia.', 'La baja contable de los activos de un plan puede producirse cuando estos activos son mayores que la obligación proyectada y el Grupo no puede recuperar ningún superávit a través de reembolsos del instrumento en que está materializado el compromiso de prestación definida como consecuencia de requisitos de solvencia y/o control.', 'Debt Valuation Adjustment (DVA): ajuste a la valoración similar al CVA, pero en este caso como consecuencia del riesgo propio del Grupo que asumen sus contrapartidas en los derivados OTC.', 'También podrá proponerse la separación de consejeros independientes como consecuencia de ofertas públicas de adquisición, fusiones u otras operaciones corporativas similares que supongan un cambio en la estructura de capital de la sociedad, cuando tales cambios en la estructura del consejo de administración vengan propiciados por el criterio de proporcionalidad señalado en la recomendación 16.']",el 97% son reciclados por empresas especializadas,"se están obteniendo beneficios, tales como la optimización y estandarización de procesos, digitalización completa de la información, trazabilidad de la misma y la reducción del time to market",0.0,1.0,0.5
¿Cuáles son las consecuencias de operar en una industria global y altamente competitiva?,"['Su reutilización no es posible pero sí su reciclaje, por lo que el 97% son reciclados por empresas especializadas.', 'Esta decisión se adoptó en línea con las recomendaciones de gobierno corporativo en materia de rotación del auditor externo, a propuesta de la comisión de auditoría y como resultado de un concurso de selección desarrollado con plena transparencia.', 'La baja contable de los activos de un plan puede producirse cuando estos activos son mayores que la obligación proyectada y el Grupo no puede recuperar ningún superávit a través de reembolsos del instrumento en que está materializado el compromiso de prestación definida como consecuencia de requisitos de solvencia y/o control.', 'Debt Valuation Adjustment (DVA): ajuste a la valoración similar al CVA, pero en este caso como consecuencia del riesgo propio del Grupo que asumen sus contrapartidas en los derivados OTC.', 'También podrá proponerse la separación de consejeros independientes como consecuencia de ofertas públicas de adquisición, fusiones u otras operaciones corporativas similares que supongan un cambio en la estructura de capital de la sociedad, cuando tales cambios en la estructura del consejo de administración vengan propiciados por el criterio de proporcionalidad señalado en la recomendación 16.']",el 97% son reciclados por empresas especializadas,no sólo debemos adaptarnos de forma continuada a los requisitos de nuestros clientes sino que consideramos el I+D una oportunidad de ventaja competitiva,0.0,0.0,0.0
¿Por qué saben que la responsabilidad asumida en este ámbito condiciona el éxito futuro?,"['Su reutilización no es posible pero sí su reciclaje, por lo que el 97% son reciclados por empresas especializadas.', 'Esta decisión se adoptó en línea con las recomendaciones de gobierno corporativo en materia de rotación del auditor externo, a propuesta de la comisión de auditoría y como resultado de un concurso de selección desarrollado con plena transparencia.', 'Debt Valuation Adjustment (DVA): ajuste a la valoración similar al CVA, pero en este caso como consecuencia del riesgo propio del Grupo que asumen sus contrapartidas en los derivados OTC.', 'Ofrece a los usuarios una imagen tridimensional del objeto que se inspecciona, con lo que se ofrece una visión clara acerca del alcance y naturaleza de los posibles defectos.', 'Llevamos años siendo cada vez más y más eficientes, por eso también cada vez es más difícil mejorar.']","Llevamos años siendo cada vez más y más eficientes, por ello también cada vez es más difícil mejorar",Vivimos una parte cada vez más importante de nuestra vida a través de la conectividad y los servicios digitales,0.25,0.75,0.25
¿Por qué razón el dato no incluye CDS por aproximadamente 2.293 millones de euros de nominal que cubren préstamos?,"['Este dato no incluye CDS por aproximadamente 2.293 millones de euros de nominal que cubren préstamos, dado que contablemente se catalogan como garantías financieras en lugar de como derivados de crédito al no tener impacto su variación de valor sobre resultados ni sobre reservas para evitar asimetrías contables. 18.', 'Los préstamos a las empresas crecieron un 8%, por lo que el total de préstamos asciende a 23.900 millones de libras.', 'La inversión crediticia neta se ha situado en 8.836 millones de euros, un decremento del 26,9% debido a la venta SUB, aunque aislando este impacto la inversión crece un 9,2% por el negocio de México.', 'La deuda neta de las actividades de financiación regulares aumentó en 187 millones de euros, ya que los nuevos préstamos superaron ligeramente los repagos en concepto de arrendamientos y amortizaciones de deuda del ejercicio actual. El nivel de los nuevos préstamos y arrendamientos financieros de 2016 estuvo en consonancia con el calendario de entregas de flota del Grupo.', 'Los ingresos del periodo enero-diciembre de 2014 ascienden a 1.719 millones de euros y aumentan un 7,8% interanual, debido al crecimiento tanto del negocio móvil como del fijo.']","contablemente se catalogan como garantías financieras en lugar de como derivados de crédito al no tener impacto su variación de valor sobre resultados ni sobre reservas para evitar asimetrías contables. 18.</doc><doc>
Los préstamos a las empresas crecieron un 8%, por lo que el total de préstamos asciende a 23.900 millones de libras</doc><doc>
La inversión crediticia neta se ha situado en 8.836 millones de euros, un decremento del 26,9% debido a la venta SUB, aunque aislando este impacto la inversión crece un 9,2% por el negocio de México</doc><doc>
La deuda neta de las actividades de financiación regulares aumentó en 187 millones de euros, ya que los nuevos préstamos superaron ligeramente los repagos en concepto de arrendamientos y amortizaciones de deuda del ejercicio actual. El nivel de los nuevos préstamos y arrendamientos financieros de 2016 estuvo en consonancia con el calendario de entregas de flota del Grupo</doc><doc>
Los ingresos del periodo enero-diciembre de 2014 ascienden a 1.719 millones de euros y aumentan un 7,8% interanual, debido al crecimiento tanto del negocio móvil como del fijo</doc>",contablemente se catalogan como garantías financieras en lugar de como derivados de crédito al no tener impacto su variación de valor sobre resultados ni sobre reservas para evitar asimetrías contables,0.75,1.0,1.0
¿Cuál es la razón de que British Airways sea vulnerable a la interrupción de las operaciones a corto plazo?,"['Aeropuertos IAG depende y puede verse afectado por las decisiones relativas a infraestructuras o los cambios en las políticas de los gobiernos, los reguladores u otros organismos que se encuentran fuera de la esfera de control del Grupo. El aeropuerto de Londres Heathrow carece de capacidad libre de pista y opera en las dos mismas pistas principales desde su apertura, hace más de 60 años. Por esta razón, British Airways es vulnerable a la interrupción de las operaciones a corto plazo. En octubre, el gobierno británico confirmó una propuesta de ampliación mediante una tercera pista en Heathrow. Esta propuesta está sujeta a la aprobación del Parlamento británico.', 'Como consecuencia de este hecho, es previsible que a lo largo de los próximos trimestres se limite aún más el nivel de activos comprometidos en operaciones de financiación a largo plazo.', 'El Grupo podría hacer frente a pérdidas financieras, la suspensión de las operaciones o el menoscabo de la reputación de sus marcas, con motivo de un ataque a los sistemas del Grupo por delincuentes, terroristas o gobiernos extranjeros.', 'Latinoamérica, Europa y Japón. La única excepción es el Reino Unido, donde se prevé un crecimiento más bajo a corto plazo debido a la incertidumbre en torno al Brexit, aunque hasta ahora este hecho apenas ha afectado a nuestro negocio.', 'En los tres últimos años, la Compañía ha logrado unos sólidos resultados financieros que han hecho que el BPA ajustado de 2016 alcance los 90,2 céntimos de euro. En consecuencia, los derechos asignados en 2014 bajo el plan de acciones por desempeño, se consolidarán en 2016 en su nivel máximo en lo que respecta al parámetro de BPA. El precio de la acción registró un fuerte crecimiento en los dos primeros años y medio de los tres que integran el período de desempeño, aunque sufrió una importante caída tras el resultado del referéndum sobre la UE celebrado en el Reino Unido.']","El aeropuerto de Londres Heathrow carece de capacidad libre de pista y opera en las dos mismas pistas principales desde su apertura, hace más de 60 años","El aeropuerto de Londres Heathrow carece de capacidad libre de pista y opera en las dos mismas pistas principales desde su apertura, hace más de 60 años",1.0,0.75,1.0
¿La firma del nuevo Convenio Colectivo qué ha provocado?,"['Su reutilización no es posible pero sí su reciclaje, por lo que el 97% son reciclados por empresas especializadas.', 'Esta decisión se adoptó en línea con las recomendaciones de gobierno corporativo en materia de rotación del auditor externo, a propuesta de la comisión de auditoría y como resultado de un concurso de selección desarrollado con plena transparencia.', 'La baja contable de los activos de un plan puede producirse cuando estos activos son mayores que la obligación proyectada y el Grupo no puede recuperar ningún superávit a través de reembolsos del instrumento en que está materializado el compromiso de prestación definida como consecuencia de requisitos de solvencia y/o control.', 'Debt Valuation Adjustment (DVA): ajuste a la valoración similar al CVA, pero en este caso como consecuencia del riesgo propio del Grupo que asumen sus contrapartidas en los derivados OTC.', 'También podrá proponerse la separación de consejeros independientes como consecuencia de ofertas públicas de adquisición, fusiones u otras operaciones corporativas similares que supongan un cambio en la estructura de capital de la sociedad, cuando tales cambios en la estructura del consejo de administración vengan propiciados por el criterio de proporcionalidad señalado en la recomendación 16.']",el 97% son reciclados por empresas especializadas,Las medidas de fomento de la igualdad contempladas en el Plan se han visto acrecentadas en 2017,0.0,0.0,0.0
¿Qué consecuencia han tenido los cambios en los hábitos de los consumidores en la transformación digital?,"['Su reutilización no es posible pero sí su reciclaje, por lo que el 97% son reciclados por empresas especializadas.', 'Esta decisión se adoptó en línea con las recomendaciones de gobierno corporativo en materia de rotación del auditor externo, a propuesta de la comisión de auditoría y como resultado de un concurso de selección desarrollado con plena transparencia.', 'La baja contable de los activos de un plan puede producirse cuando estos activos son mayores que la obligación proyectada y el Grupo no puede recuperar ningún superávit a través de reembolsos del instrumento en que está materializado el compromiso de prestación definida como consecuencia de requisitos de solvencia y/o control.', 'Debt Valuation Adjustment (DVA): ajuste a la valoración similar al CVA, pero en este caso como consecuencia del riesgo propio del Grupo que asumen sus contrapartidas en los derivados OTC.', 'También podrá proponerse la separación de consejeros independientes como consecuencia de ofertas públicas de adquisición, fusiones u otras operaciones corporativas similares que supongan un cambio en la estructura de capital de la sociedad, cuando tales cambios en la estructura del consejo de administración vengan propiciados por el criterio de proporcionalidad señalado en la recomendación 16.']",el 97% son reciclados por empresas especializadas,"se ha iniciado un nuevo modelo de relación con los clientes, buscando nuevas formas de acercarse, allí donde ellos estén, para ser más convenientes",0.0,0.0,0.0
¿Qué ha llevado a Dominion a ofrecer hoy soluciones y servicios a empresas en un amplio abanico de sectores? ,"['La revolución digital, y sus implicaciones en términos de cambio de los procesos productivos, está llegando cada vez a un mayor número de sectores. Por ello, Dominion ofrece hoy soluciones y servicios a empresas en un amplio abanico de sectores y es previsible que este número se incremente en el futuro próximo.', 'Manteniendo su experiencia tecnológica y la inteligencia de los procesos a nivel central, Dominion aplica su know how en diversos campos de actividad y zonas geográficas con una filosofía plug and play para promover el cross-selling y la capacidad de adaptación gracias a la reducción de su dependencia de cualquier cliente o negocio individual.', 'La compañía ha ido ganando volumen merced a un modelo de negocio único en su sector, que le ha permitido aumentar su rentabilidad pese a los ciclos económicos adversos y ganarse la confianza del mercado.', 'Gracias a esta vocación de excelencia, la compañía mantiene certificaciones en los campos de gestión de calidad, gestión ambiental y seguridad y salud.', 'Nuestra oferta integrada se compone de un amplio rango de productos y servicios que se anticipan y adaptan a las necesidades de nuestros clientes, gracias a propuestas personalizadas tanto para los individuos como para las empresas.']",está llegando cada vez a un mayor número de sectores,"La revolución digital, y sus implicaciones en términos de cambio de los procesos productivos, está llegando cada vez a un mayor número de sectores",0.25,0.5,1.0
¿Qué han supuesto las soluciones habitacionales a los clientes en riesgo de exclusión social?,"['Como consecuencia de ofrecer soluciones habitacionales a los clientes en riesgo de exclusión social afectados por procesos judiciales hipotecarios o daciones en pago, el Banco tiene un parque de casi 7.500 viviendas en régimen de alquiler social, incluyendo en esta cifra las aportadas al Fondo Social de la Vivienda y más de 850 viviendas en régimen de alquiler asequible.', 'Gracias a esta intervención, se ha atendido a cerca de 70.000 personas en consultas externas y de salud mental.', 'Los resultados obtenidos constatan una sólida consolidación del negocio doméstico con una mejora significativa del margen de clientes. Esto ha sido posible gracias a una gestión proactiva de precios (tanto en intereses como en comisiones) junto con una mejora en las cuotas de mercado, siempre manteniendo una elevada calidad de servicio. El Banco ha sido capaz de fortalecer su margen de intereses y es la entidad con mejor comportamiento en el margen de clientes en España. Todo ello junto con una sólida posición de solvencia y liquidez.', 'Gracias a la colaboración con Inditex, en 2017 se han consolidado 32 proyectos de economía social, 1.139 personas han mejorado su empleabilidad, 849 de ellas han recibido formación y 460 además han encontrado un empleo.', 'Afortunadamente, no hubo que lamentar daños personales, ya que los clientes fueron evacuados de las zonas afectadas de una manera rápida, eficaz y segura.']","el Banco tiene un parque de casi 7.500 viviendas en régimen de alquiler social, incluyendo en esta cifra las aportadas al Fondo Social de la Vivienda y más de 850 viviendas en régimen de alquiler asequible","el Banco tiene un parque de casi 7.500 viviendas en régimen de alquiler social, incluyendo en esta cifra las aportadas al Fondo Social de la Vivienda y más de 850 viviendas en régimen de alquiler asequible",1.0,1.0,1.0
¿Qué se consigue con el modelo integrado de tiendas y online?,"['Gracias al modelo integrado de tiendas y online, nuestros clientes se relacionan con nuestras marcas en el momento, el lugar y el modo que sea más conveniente según sus necesidades.', 'La compañía ha ido ganando volumen merced a un modelo de negocio único en su sector, que le ha permitido aumentar su rentabilidad pese a los ciclos económicos adversos y ganarse la confianza del mercado.', 'Así, en 2017, gracias a las nuevas aperturas y reformas, alcanzamos ya un total de 5.068 tiendas ecoeficientes, lo que supone alrededor del 80% de nuestras propias tiendas.', 'La transformación digital está impactada por los cambios en los hábitos de los consumidores, y por ello se ha iniciado un nuevo modelo de relación con los clientes, buscando nuevas formas de acercarse, allí donde ellos estén, para ser más convenientes. El objetivo ha sido mejorar la propuesta de valor y servicio del Grupo, asegurando la metodología y sistemática comercial, adaptándose a los diferentes segmentos y llevando la relación con el cliente donde más lo necesita en cada momento.', 'Gracias a estas medidas, tal y como queda reflejado en la gráfica anterior, hemos alcanzado una reducción del 6% en el consumo de energía eléctrica por prenda puesta en el mercado y de un 3% con respecto a las ventas, en comparación con 2016.']","nuestros clientes se relacionan con nuestras marcas en el momento, el lugar y el modo que sea más conveniente según sus necesidades","nuestros clientes se relacionan con nuestras marcas en el momento, el lugar y el modo que sea más conveniente según sus necesidades",1.0,1.0,1.0
¿Qué ha generado la venta SUB?,"['Su reutilización no es posible pero sí su reciclaje, por lo que el 97% son reciclados por empresas especializadas.', 'Esta decisión se adoptó en línea con las recomendaciones de gobierno corporativo en materia de rotación del auditor externo, a propuesta de la comisión de auditoría y como resultado de un concurso de selección desarrollado con plena transparencia.', 'La baja contable de los activos de un plan puede producirse cuando estos activos son mayores que la obligación proyectada y el Grupo no puede recuperar ningún superávit a través de reembolsos del instrumento en que está materializado el compromiso de prestación definida como consecuencia de requisitos de solvencia y/o control.', 'Debt Valuation Adjustment (DVA): ajuste a la valoración similar al CVA, pero en este caso como consecuencia del riesgo propio del Grupo que asumen sus contrapartidas en los derivados OTC.', 'También podrá proponerse la separación de consejeros independientes como consecuencia de ofertas públicas de adquisición, fusiones u otras operaciones corporativas similares que supongan un cambio en la estructura de capital de la sociedad, cuando tales cambios en la estructura del consejo de administración vengan propiciados por el criterio de proporcionalidad señalado en la recomendación 16.']",el 97% son reciclados por empresas especializadas,"La inversión crediticia neta se ha situado en 8.836 millones de euros, un decremento del 26,9%",0.0,0.75,0.0
¿Qué consecuencia tiene el procedimiento de seguimiento y actualización de la normativa establecido por el Grupo DIA?,"['Su reutilización no es posible pero sí su reciclaje, por lo que el 97% son reciclados por empresas especializadas.', 'Esta decisión se adoptó en línea con las recomendaciones de gobierno corporativo en materia de rotación del auditor externo, a propuesta de la comisión de auditoría y como resultado de un concurso de selección desarrollado con plena transparencia.', 'La baja contable de los activos de un plan puede producirse cuando estos activos son mayores que la obligación proyectada y el Grupo no puede recuperar ningún superávit a través de reembolsos del instrumento en que está materializado el compromiso de prestación definida como consecuencia de requisitos de solvencia y/o control.', 'Debt Valuation Adjustment (DVA): ajuste a la valoración similar al CVA, pero en este caso como consecuencia del riesgo propio del Grupo que asumen sus contrapartidas en los derivados OTC.', 'También podrá proponerse la separación de consejeros independientes como consecuencia de ofertas públicas de adquisición, fusiones u otras operaciones corporativas similares que supongan un cambio en la estructura de capital de la sociedad, cuando tales cambios en la estructura del consejo de administración vengan propiciados por el criterio de proporcionalidad señalado en la recomendación 16.']",el 97% son reciclados por empresas especializadas,"están definidos los recursos, responsabilidades y herramientas internas y externas necesarias para desempeñar esta función y lograr el doble objetivo de disponer de un mapa regulatorio actualizado y de una organización informada sobre sus obligaciones legales",0.0,0.0,0.0
¿Por qué se quiere agradecer sinceramente a ciertas personas?,"['Personas a las que quiero hacer llegar desde aquí mi más sincero agradecimiento, pues su contribución y compromiso han sido, y son, piedra angular para la consecución de nuestros objetivos y para nuestro futuro.', 'Estoy segura de que lo conseguiremos porque contamos con un equipo dispuesto a esforzarse al máximo para dar el mejor servicio a los clientes.', 'Applus+ cuenta con profesionales de gran talento, comprometidos y apasionados, que han contribuido al crecimiento y a la diversificación del negocio durante muchos años y por este motivo me gustaría expresarles mi agradecimiento por la gran labor que han realizado.', 'En este sentido, me gustaría enfatizar que nuestro retorno más inmediato se produce hacia los 37 millones de clientes que confían en nosotros, porque una aseguradora más eficaz siempre ofrece mejores productos y servicios.', 'Atresmedia es consciente de la decisiva labor de las empresas para la consecución de estas importantes metas y, por ese motivo, apoya con sus políticas, iniciativas y capacidad de difusión, la consecución de aquellos ODS en los que la contribución de la Compañía puede ser mayor y de especial incidencia.']","su contribución y compromiso han sido, y son, piedra angular para la consecución de nuestros objetivos y para nuestro futuro","su contribución y compromiso han sido, y son, piedra angular para la consecución de nuestros objetivos y para nuestro futuro",1.0,0.75,1.0
¿Qué impacto tienen los sucesos del pasado?,"['Su reutilización no es posible pero sí su reciclaje, por lo que el 97% son reciclados por empresas especializadas.', 'Esta decisión se adoptó en línea con las recomendaciones de gobierno corporativo en materia de rotación del auditor externo, a propuesta de la comisión de auditoría y como resultado de un concurso de selección desarrollado con plena transparencia.', 'La baja contable de los activos de un plan puede producirse cuando estos activos son mayores que la obligación proyectada y el Grupo no puede recuperar ningún superávit a través de reembolsos del instrumento en que está materializado el compromiso de prestación definida como consecuencia de requisitos de solvencia y/o control.', 'Debt Valuation Adjustment (DVA): ajuste a la valoración similar al CVA, pero en este caso como consecuencia del riesgo propio del Grupo que asumen sus contrapartidas en los derivados OTC.', 'También podrá proponerse la separación de consejeros independientes como consecuencia de ofertas públicas de adquisición, fusiones u otras operaciones corporativas similares que supongan un cambio en la estructura de capital de la sociedad, cuando tales cambios en la estructura del consejo de administración vengan propiciados por el criterio de proporcionalidad señalado en la recomendación 16.']",el 97% son reciclados por empresas especializadas,"Se reconocen las provisiones cuando Gas Natural Fenosa tiene una obligación presente, ya sea legal o implícita",0.0,0.0,0.0
¿A qué se debe el importante crecimiento de los ROF?,"['Importante crecimiento de los ROF (+15,9% interanual), gracias al muy buen desempeño de la Unidad de Global Markets, fundamentalmente durante la primera parte del ejercicio.', 'importante, a la generación de riqueza y empleo, no solo de forma directa, sino concepto de impuestos. también a través de los flujos económicos indirectos e inducidos que se producen como consecuencia de la actividad de Gestamp.', 'En Colombia sobresalió el desempeño favorable del margen bruto, gracias al buen comportamiento del margen de intereses (tanto por actividad como por evolución de los diferenciales) y las comisiones, aunque mitigado por menores ROF (el mismo período del 2016 incluía resultados por venta de participaciones) y el incremento de los saneamientos.', 'Personas a las que quiero hacer llegar desde aquí mi más sincero agradecimiento, pues su contribución y compromiso han sido, y son, piedra angular para la consecución de nuestros objetivos y para nuestro futuro.', 'Gracias a esta medida, hemos mejorado la densidad de dichos envíos en un 1,5% respecto al año anterior.']","al muy buen desempeño de la Unidad de Global Markets, fundamentalmente durante la primera parte del ejercicio","al muy buen desempeño de la Unidad de Global Markets, fundamentalmente durante la primera parte del ejercicio",1.0,1.0,1.0
¿Por qué motivo no existen en el Grupo restricciones al derecho de voto? ,"['En el Grupo no existen restricciones al derecho de voto, ya que cada acción da derecho a un voto.', 'Nuestra trayectoria avala ese propósito de estabilidad, porque mantenemos el nombre, no nos hemos fusionado con nadie y no hemos comprado nada en España.', 'El Grupo tiene una obligación presente (ya sea legal o implícita) como resultado de un suceso pasado.', 'En virtud de este documento, Inditex rechaza cualquier tipo de discriminación.', 'El Grupo es uno de los mayores fabricantes en Europa, el mayor de Estados Unidos, el único en el continente africano, y en la actualidad está aumentado sus cuotas de mercado en Asia y Oceanía gracias a las ventas de los productos fabricados en la nueva planta de Malasia.']",cada acción da derecho a un voto,cada acción da derecho a un voto,1.0,1.0,1.0
¿Qué efecto tiene el compromiso con los colectivos profesionales de edad más avanzada?,"['Su reutilización no es posible pero sí su reciclaje, por lo que el 97% son reciclados por empresas especializadas.', 'Esta decisión se adoptó en línea con las recomendaciones de gobierno corporativo en materia de rotación del auditor externo, a propuesta de la comisión de auditoría y como resultado de un concurso de selección desarrollado con plena transparencia.', 'La baja contable de los activos de un plan puede producirse cuando estos activos son mayores que la obligación proyectada y el Grupo no puede recuperar ningún superávit a través de reembolsos del instrumento en que está materializado el compromiso de prestación definida como consecuencia de requisitos de solvencia y/o control.', 'Debt Valuation Adjustment (DVA): ajuste a la valoración similar al CVA, pero en este caso como consecuencia del riesgo propio del Grupo que asumen sus contrapartidas en los derivados OTC.', 'También podrá proponerse la separación de consejeros independientes como consecuencia de ofertas públicas de adquisición, fusiones u otras operaciones corporativas similares que supongan un cambio en la estructura de capital de la sociedad, cuando tales cambios en la estructura del consejo de administración vengan propiciados por el criterio de proporcionalidad señalado en la recomendación 16.']",el 97% son reciclados por empresas especializadas,"colaboramos con el Instituto de Empresa en su Observatorio ""Demografía y Diversidad Generacional"", con el objetivo final de explorar nuevos modelos de gestión del talento senior en las empresas, que ofrezcan oportunidades a los profesionales mayores de 55 años",0.0,0.0,0.0
¿Qué efecto producen los requisitos de solvencia y/o control?,"['Su reutilización no es posible pero sí su reciclaje, por lo que el 97% son reciclados por empresas especializadas.', 'Esta decisión se adoptó en línea con las recomendaciones de gobierno corporativo en materia de rotación del auditor externo, a propuesta de la comisión de auditoría y como resultado de un concurso de selección desarrollado con plena transparencia.', 'La baja contable de los activos de un plan puede producirse cuando estos activos son mayores que la obligación proyectada y el Grupo no puede recuperar ningún superávit a través de reembolsos del instrumento en que está materializado el compromiso de prestación definida como consecuencia de requisitos de solvencia y/o control.', 'Debt Valuation Adjustment (DVA): ajuste a la valoración similar al CVA, pero en este caso como consecuencia del riesgo propio del Grupo que asumen sus contrapartidas en los derivados OTC.', 'También podrá proponerse la separación de consejeros independientes como consecuencia de ofertas públicas de adquisición, fusiones u otras operaciones corporativas similares que supongan un cambio en la estructura de capital de la sociedad, cuando tales cambios en la estructura del consejo de administración vengan propiciados por el criterio de proporcionalidad señalado en la recomendación 16.']",La baja contable de los activos de un plan puede producirse cuando estos activos son mayores que la obligación proyectada y el Grupo no puede recuperar ningún superávit a través de reembolsos del instrumento en que está materializado el compromiso de prestación definida,La baja contable de los activos de un plan puede producirse cuando estos activos son mayores que la obligación proyectada y el Grupo no puede recuperar ningún superávit a través de reembolsos del instrumento en que está materializado el compromiso de prestación definida,1.0,0.6666666666666666,0.5
¿En qué deriva la mejora de la autoestima y el incremento del orgullo de pertenencia a la empresa?,"['Su reutilización no es posible pero sí su reciclaje, por lo que el 97% son reciclados por empresas especializadas.', 'Esta decisión se adoptó en línea con las recomendaciones de gobierno corporativo en materia de rotación del auditor externo, a propuesta de la comisión de auditoría y como resultado de un concurso de selección desarrollado con plena transparencia.', 'La baja contable de los activos de un plan puede producirse cuando estos activos son mayores que la obligación proyectada y el Grupo no puede recuperar ningún superávit a través de reembolsos del instrumento en que está materializado el compromiso de prestación definida como consecuencia de requisitos de solvencia y/o control.', 'Debt Valuation Adjustment (DVA): ajuste a la valoración similar al CVA, pero en este caso como consecuencia del riesgo propio del Grupo que asumen sus contrapartidas en los derivados OTC.', 'También podrá proponerse la separación de consejeros independientes como consecuencia de ofertas públicas de adquisición, fusiones u otras operaciones corporativas similares que supongan un cambio en la estructura de capital de la sociedad, cuando tales cambios en la estructura del consejo de administración vengan propiciados por el criterio de proporcionalidad señalado en la recomendación 16.']",consecuencia del riesgo propio del Grupo que asumen sus contrapartidas en los derivados OTC,en la atracción y retención del talento,0.0,0.3333333333333333,0.0
¿A qué se atribuye que la industria financiera se haya referido a esta última fase como Basilea IV?,"['La industria financiera se ha referido a esta última fase como Basilea IV, debido al elevado impacto que podría representar para algunas jurisdicciones.', 'Esta operación es positiva para los accionistas, ya que se estima que mejora el beneficio por acción (BPA) desde 2016.', 'Después de un primer trimestre exigente como empresa cotizada y a pesar de las dificultades experimentadas por la industria del petróleo y el gas, que es una parte importante de nuestra actividad, me complace anunciar que, gracias a la gestión y dirección de Fernando Basabe y de su equipo, el Grupo ha logrado obtener resultados conforme a nuestras expectativas.', 'En el negocio de corporate finance, ha existido una elevada actividad en el año 2017 y se ha llevado a cabo una gran labor de marketing, gracias a la cual BBVA ha obtenido numerosos mandatos, reforzando su posición de mercado en este negocio.', 'Nuevas reglas que aceptamos de buen grado pues son iguales para todos y Bankinter tiene plena capacidad para cumplir con ellas como el que más.']",al elevado impacto que podría representar para algunas jurisdicciones,al elevado impacto que podría representar para algunas jurisdicciones,1.0,0.6666666666666666,1.0
¿Qué repercusión han tenido las continuas actividades de racionalización realizadas desde el año 2008?,"['Su reutilización no es posible pero sí su reciclaje, por lo que el 97% son reciclados por empresas especializadas.', 'Esta decisión se adoptó en línea con las recomendaciones de gobierno corporativo en materia de rotación del auditor externo, a propuesta de la comisión de auditoría y como resultado de un concurso de selección desarrollado con plena transparencia.', 'La baja contable de los activos de un plan puede producirse cuando estos activos son mayores que la obligación proyectada y el Grupo no puede recuperar ningún superávit a través de reembolsos del instrumento en que está materializado el compromiso de prestación definida como consecuencia de requisitos de solvencia y/o control.', 'Debt Valuation Adjustment (DVA): ajuste a la valoración similar al CVA, pero en este caso como consecuencia del riesgo propio del Grupo que asumen sus contrapartidas en los derivados OTC.', 'También podrá proponerse la separación de consejeros independientes como consecuencia de ofertas públicas de adquisición, fusiones u otras operaciones corporativas similares que supongan un cambio en la estructura de capital de la sociedad, cuando tales cambios en la estructura del consejo de administración vengan propiciados por el criterio de proporcionalidad señalado en la recomendación 16.']",el 97% son reciclados por empresas especializadas,"se ha obtenido una reducción de aproximadamente 1.600 empleados en todo el Grupo, equivalentes al 20% de la plantilla global",0.0,0.5,0.0
¿Por qué razón se realizan importantes esfuerzos por mantener a los clientes con más antigüedad a través de la medición de su satisfacción?,"['La fidelidad de los clientes del Grupo es uno de los principales activos de la Compañía, y es por ello que se realizan importantes esfuerzos por mantener a los clientes con más antigüedad a través de la medición de su satisfacción.', 'Santander quiere proporcionar a sus clientes una experiencia de servicio excelente y, por ello, durante este año ha puesto en marcha nuevas iniciativas que pretenden mejorar los procesos desde la visión del cliente incorporando los beneficios que supone la transformación digital.', 'Estoy segura de que lo conseguiremos porque contamos con un equipo dispuesto a esforzarse al máximo para dar el mejor servicio a los clientes.', 'La transformación digital está impactada por los cambios en los hábitos de los consumidores, y por ello se ha iniciado un nuevo modelo de relación con los clientes, buscando nuevas formas de acercarse, allí donde ellos estén, para ser más convenientes. El objetivo ha sido mejorar la propuesta de valor y servicio del Grupo, asegurando la metodología y sistemática comercial, adaptándose a los diferentes segmentos y llevando la relación con el cliente donde más lo necesita en cada momento.', 'Durante muchas generaciones hemos aplicado nuestro conocimiento y experiencia para innovar y reinventar la manera de hacer banca, manteniendo las fortalezas que nos han acompañado siempre. Estoy convencida de que lograremos el éxito porque:  nuestro crecimiento, rentabilidad y fortaleza de balance demuestran que nuestra estrategia está funcionando;  nuestro tamaño, diversificación y predictibilidad nos aportan una base sólida para innovar;  nuestra cultura —nuestro foco constante en ser un banco responsable— reforzará la confianza de las personas en nuestra marca.']",La fidelidad de los clientes del Grupo es uno de los principales activos de la Compañía,La fidelidad de los clientes del Grupo es uno de los principales activos de la Compañía,1.0,1.0,1.0
¿Cuál es la causa de que las previsiones de crecimiento del PIB británico que formulan los distintos organismos presenten fuertes divergencias?,"['Su reutilización no es posible pero sí su reciclaje, por lo que el 97% son reciclados por empresas especializadas.', 'Esta decisión se adoptó en línea con las recomendaciones de gobierno corporativo en materia de rotación del auditor externo, a propuesta de la comisión de auditoría y como resultado de un concurso de selección desarrollado con plena transparencia.', 'La baja contable de los activos de un plan puede producirse cuando estos activos son mayores que la obligación proyectada y el Grupo no puede recuperar ningún superávit a través de reembolsos del instrumento en que está materializado el compromiso de prestación definida como consecuencia de requisitos de solvencia y/o control.', 'Debt Valuation Adjustment (DVA): ajuste a la valoración similar al CVA, pero en este caso como consecuencia del riesgo propio del Grupo que asumen sus contrapartidas en los derivados OTC.', 'También podrá proponerse la separación de consejeros independientes como consecuencia de ofertas públicas de adquisición, fusiones u otras operaciones corporativas similares que supongan un cambio en la estructura de capital de la sociedad, cuando tales cambios en la estructura del consejo de administración vengan propiciados por el criterio de proporcionalidad señalado en la recomendación 16.']",el riesgo propio del Grupo que asumen sus contrapartidas en los derivados OTC,"oscilan entre el +0,8% y el +2,6% de cara a 2017",0.0,0.3333333333333333,0.0
¿De qué son consecuencia las pérdidas inesperadas del riesgo actuaria?,"['Vivimos una parte cada vez más importante de nuestra vida a través de la conectividad y los servicios digitales, por eso, sabemos que la responsabilidad que asumimos en este ámbito condiciona el éxito a futuro. Así lo ven también nuestros grupos de interés, en particular inversores y analistas, que consideran que la seguridad y la privacidad es una de las temáticas más importantes en nuestro compromiso hacia el cliente (ver capítulo Materialidad).', 'El Grupo podría hacer frente a pérdidas financieras, la suspensión de las operaciones o el menoscabo de la reputación de sus marcas, con motivo de un ataque a los sistemas del Grupo por delincuentes, terroristas o gobiernos extranjeros.', 'Esta cultura de riesgos se define a través de cinco principios que han de formar parte de la gestión del día a día de todos los empleados del Grupo: Responsabilidad, porque todas las unidades y empleados (con independencia de la función que desempeñen) deben conocer y entender los riesgos en que incurren en su actividad diaria y ser responsables de su identificación, valoración, gestión y reporte', 'Este sistema supone un importante avance en el impacto medioambiental ya que los sistemas de purificación propuestos eliminan impurezas, productos químicos e imperfecciones sin perjudicar la calidad del agua consumible por el cliente, reduciendo además espacio de almacenaje, costes económicos y tiempo por la gestión logística del producto.', 'Una de las grandes ventajas de este sistema es su transparencia, ya que estas ideas son visibles de forma inmediata para toda la plantilla de modo que pueden ser votadas o enriquecidas con opiniones o aportaciones complementarias.']","del Grupo podría hacer frente a pérdidas financieras, la suspensión de las operaciones o el menoscabo de la reputación de sus marcas, con motivo de un ataque a los sistemas del Grupo por delincuentes, terroristas o gobiernos extranjeros",de un incremento en los compromisos con los tomadores del seguro,0.0,0.0,0.5
¿Por qué es determinante tanto la calidad como la disponibilidad de los componentes para asegurar el correcto funcionamiento de la cadena de montaje?,"['En el sector de la automoción, es fundamental el correcto funcionamiento y desempeño de todos los eslabones de la cadena de producción por lo que no sólo la calidad de los componentes, sino también una disponibilidad adecuada de los mismos, es determinante para asegurar el correcto funcionamiento de la cadena de montaje de los fabricantes de automóviles.', 'Los proveedores de equipos y componentes, como Gestamp, son un elemento clave del sector ya que sus piezas suponen el 70-75% del total del vehículo. La tendencia hace prever que el porcentaje aumente en el futuro.', 'La homologación de proveedores es imprescindible para todas las empresas que deseen contratar con MAPFRE, ya que garantiza la capacidad técnica, financiera y de calidad para cumplir con los compromisos que suscriben.', 'Como se ha señalado, esta fase de implantación es otra de las posibles fuentes de riesgo de modelo, por lo que es requisito indispensable que se realicen pruebas por parte de los equipos técnicos y los propietarios del modelo, certificando que se ha implementado de acuerdo a la definición metodológica y funciona de acuerdo a lo esperado.', 'La capacidad de maximizar la utilización de nuestros activos durante su vida  útil es un factor importante dado que nuestra actividad requiere de importantes  inversiones.']",es fundamental el correcto funcionamiento y desempeño de todos los eslabones de la cadena de producción,"En el sector de la automoción, es fundamental el correcto funcionamiento y desempeño de todos los eslabones de la cadena de producción",0.75,1.0,1.0
¿Por qué aceptan de buen grado las nuevas reglas?,"['Nuevas reglas que aceptamos de buen grado pues son iguales para todos y Bankinter tiene plena capacidad para cumplir con ellas como el que más.', 'Y también han de ser flexibles, porque la gestión de riesgos tiene que adaptarse rápidamente a nuevos entornos y escenarios imprevistos.', 'Somos conscientes del impacto de nuestra actividad en la sociedad y, por ello, buscamos procesos más eficientes e innovadores, apoyándonos en las nuevas tecnologías, que nos permitan contribuir de forma positiva a lograr un entorno más sostenible.', 'Esto redunda en una mejora de la autoestima, incrementando el orgullo de pertenencia a la empresa, y, por consiguiente, en la atracción y retención del talento.', 'Creemos firmemente que estamos bien preparados para afrontar este reto y marcar la diferencia. Entre otros motivos, porque gestionamos el ciclo de vida completo de los medicamentos, desde la formulación hasta la adherencia, lo que nos sitúa en una posición excelente para diseñar medicamentos que funcionan, ayudan y se adaptan a las necesidades de los pacientes.']",son iguales para todos y Bankinter tiene plena capacidad para cumplir con ellas como el que más,son iguales para todos y Bankinter tiene plena capacidad para cumplir con ellas como el que más,1.0,0.6666666666666666,1.0
¿Por qué esta operación ha sido positiva para los accionistas?,"['Esta operación es positiva para los accionistas, ya que se estima que mejora el beneficio por acción (BPA) desde 2016.', 'La compañía ha ido ganando volumen merced a un modelo de negocio único en su sector, que le ha permitido aumentar su rentabilidad pese a los ciclos económicos adversos y ganarse la confianza del mercado.', 'Este tipo de inversiones, en cualquier caso, cumplirá con nuestra prioridad de creación de valor para el accionista, y por ello buscamos las fórmulas financieras atractivas que nos permitan obtener un valor añadido real.', 'El precio de las acciones de Almirall tuvo una evolución positiva durante 2015 y experimentó un aumento general (del 35,49 %) debido al mayor rendimiento operativo de la compañía y a la considerable actividad de fusiones y adquisiciones.', 'Sin considerar esta venta, el beneficio neto ha crecido un 25,4% principalmente debido al buen desempeño del margen financiero y las comisiones cobradas y por un adecuado control de los gastos de administración y promoción.']",se estima que mejora el beneficio por acción (BPA) desde 2016,se estima que mejora el beneficio por acción (BPA) desde 2016,1.0,1.0,1.0
¿A qué se atribuye que pudieran existir determinados pasivos por impuestos de carácter contingente?,"['Debido a posibles interpretaciones que pueden hacerse de la normativa fiscal aplicable a algunas operaciones realizadas en el sector bancario, podrían existir determinados pasivos por impuestos de carácter contingente. Sin embargo, la posibilidad de que se materialicen estos pasivos es remota y, en cualquier caso, la deuda tributaria que de ellos pudiera derivarse no afectaría significativamente a las presentes Cuentas anuales consolidadas.', 'Radica en la posibilidad de que el fondo no cubra estos compromisos en el periodo de devengo de la prestación y la rentabilidad obtenida por la cartera no sea suficiente y obligue al Grupo a incrementar el nivel de aportaciones. Riesgo actuarial: pérdidas inesperadas producidas como consecuencia de un incremento en los compromisos con los tomadores del seguro, así como las pérdidas derivadas de un incremento no previsto en los gastos. 217 "" D.2.2.', 'La baja contable de los activos de un plan puede producirse cuando estos activos son mayores que la obligación proyectada y el Grupo no puede recuperar ningún superávit a través de reembolsos del instrumento en que está materializado el compromiso de prestación definida como consecuencia de requisitos de solvencia y/o control.', 'Asimismo, y tal y como se describe en la nota 31.2.o, el Grupo aplica la contabilidad de coberturas al objeto de mitigar la volatilidad que se produciría en la cuenta de pérdidas y ganancias consolidada como consecuencia de la existencia de transacciones relevantes en moneda extranjera.', 'Como consecuencia de este hecho, es previsible que a lo largo de los próximos trimestres se limite aún más el nivel de activos comprometidos en operaciones de financiación a largo plazo.']",a posibles interpretaciones que pueden hacerse de la normativa fiscal aplicable a algunas operaciones realizadas en el sector bancario,a posibles interpretaciones que pueden hacerse de la normativa fiscal aplicable a algunas operaciones realizadas en el sector bancario,1.0,1.0,1.0
¿Qué consecuencia tiene el entorno de tipos de interés bajos?,"['Su reutilización no es posible pero sí su reciclaje, por lo que el 97% son reciclados por empresas especializadas.', 'Esta decisión se adoptó en línea con las recomendaciones de gobierno corporativo en materia de rotación del auditor externo, a propuesta de la comisión de auditoría y como resultado de un concurso de selección desarrollado con plena transparencia.', 'La baja contable de los activos de un plan puede producirse cuando estos activos son mayores que la obligación proyectada y el Grupo no puede recuperar ningún superávit a través de reembolsos del instrumento en que está materializado el compromiso de prestación definida como consecuencia de requisitos de solvencia y/o control.', 'Debt Valuation Adjustment (DVA): ajuste a la valoración similar al CVA, pero en este caso como consecuencia del riesgo propio del Grupo que asumen sus contrapartidas en los derivados OTC.', 'También podrá proponerse la separación de consejeros independientes como consecuencia de ofertas públicas de adquisición, fusiones u otras operaciones corporativas similares que supongan un cambio en la estructura de capital de la sociedad, cuando tales cambios en la estructura del consejo de administración vengan propiciados por el criterio de proporcionalidad señalado en la recomendación 16.']",el 97% son reciclados por empresas especializadas,En el año 2014 destaca el movimiento de saldos de depósitos a plazo a cuentas a la vista,0.0,0.0,0.0
¿A qué es debido que la región Asia-Pacífico mantenga cierta autonomía?,"['Nuestra trayectoria avala ese propósito de estabilidad, porque mantenemos el nombre, no nos hemos fusionado con nadie y no hemos comprado nada en España.', 'Latinoamérica, Europa y Japón. La única excepción es el Reino Unido, donde se prevé un crecimiento más bajo a corto plazo debido a la incertidumbre en torno al Brexit, aunque hasta ahora este hecho apenas ha afectado a nuestro negocio.', 'La región EMEA se espera que continúe presentando resultados positivos de cara a los próximos meses, ya que las dinámicas de mercado en Europa siguen siendo buenas tanto en los segmentos vacacional, como urbano.', 'No obstante, no queremos caer en la autocomplacencia porque nuestra constante es crecer, superar retos, nunca acomodarnos en la tentadora zona de lo fácil.', 'El beneficio de la región refleja el discreto resultado de México debido al elevado ratio combinado de autos y al impacto de los eventos catastróficos en el negocio de GLOBAL RISKS.']","a que mantenemos el nombre, no nos hemos fusionado con nadie y no hemos comprado nada en España",a las particularidades que presentan estos mercados,0.0,0.5,0.5
¿Por qué estas sociedades y fondos  no son objeto de consolidación?,"['Estas sociedades y fondos son autosuficientes en lo que a sus actividades se refiere y no dependen de una estructura de capital que les pudiese llegar a impedir la realización de sus actividades sin apoyo financiero adicional, por lo que no son objeto de consolidación.', 'En las cuentas anuales consolidadas adjuntas no se ha registrado provisión alguna por este concepto, ya que no están previstas situaciones de esta naturaleza.', 'Este dato no incluye CDS por aproximadamente 2.293 millones de euros de nominal que cubren préstamos, dado que contablemente se catalogan como garantías financieras en lugar de como derivados de crédito al no tener impacto su variación de valor sobre resultados ni sobre reservas para evitar asimetrías contables. 18.', 'A-2) Diferencia negativa de consolidación La incorporación al perímetro de consolidación de la Sociedad Hispania Fides, S.L. ha supuesto una diferencia negativa de consolidación, que se recoge en la cuenta de pérdidas y ganancias del Grupo. Esta diferencia negativa de consolidación surge fundamentalmente como consecuencia de la diferencia entre los activos netos aportados a valor de mercado y la contraprestación pagada por el 90% del capital de Hispania Fides, S.L.', 'Nuestra trayectoria avala ese propósito de estabilidad, porque mantenemos el nombre, no nos hemos fusionado con nadie y no hemos comprado nada en España.']",son autosuficientes en lo que a sus actividades se refiere y no dependen de una estructura de capital que les pudiese llegar a impedir la realización de sus actividades sin apoyo financiero adicional,son autosuficientes en lo que a sus actividades se refiere y no dependen de una estructura de capital que les pudiese llegar a impedir la realización de sus actividades sin apoyo financiero adicional,1.0,1.0,1.0
¿A qué se debe que Logista continúe disfrutando de la confianza de los fabricantes?,"['Logista continúa disfrutando de la confianza de los fabricantes, gracias a su especializado y completo servicio de distribución y a los servicios de valor añadido que ofrece, así como a su neutralidad operativa.', 'Por otro lado, Logista Pharma mantuvo su fuerte crecimiento gracias a su especialización en la logística a hospitales y a su modelo de distribución directa a farmacias, que aporta un servicio de claro valor añadido y aúna en un solo distribuidor las ventajas de la distribución directa desde el laboratorio y las de la distribución mayorista.', 'Grupo Logista tiene en sus profesionales una de las principales ventajas competitivas. En consecuencia, el Grupo invierte en el desarrollo de sus profesionales y procura que su talento, profesionalidad y capacidad se desarrollen en el mejor ambiente posible, extendiendo a este ámbito el principio de la mutua creación de valor.', 'A pesar de que ha sido un año complicado para el sector, hemos conseguido resultados estables y resilientes. IAG Cargo cuenta con un modelo muy consolidado y seguiremos ofreciendo nuevas ventajas a nuestros clientes y accionista gracias a nuestras inversiones constantes en todas las áreas del negocio, en forma de mejoras de las infraestructuras, ampliaciones de la red, nuevas alianzas y avances tecnológicos. Mantenemos la confianza en nuestra estrategia en 2017 y en el futuro.', 'En este sentido, me gustaría enfatizar que nuestro retorno más inmediato se produce hacia los 37 millones de clientes que confían en nosotros, porque una aseguradora más eficaz siempre ofrece mejores productos y servicios.']","a su especializado y completo servicio de distribución y a los servicios de valor añadido que ofrece, así como a su neutralidad operativa","a su especializado y completo servicio de distribución y a los servicios de valor añadido que ofrece, así como a su neutralidad operativa",1.0,0.6,1.0
¿Qué efecto tiene la apuesta digital?,"['Su reutilización no es posible pero sí su reciclaje, por lo que el 97% son reciclados por empresas especializadas.', 'Esta decisión se adoptó en línea con las recomendaciones de gobierno corporativo en materia de rotación del auditor externo, a propuesta de la comisión de auditoría y como resultado de un concurso de selección desarrollado con plena transparencia.', 'La baja contable de los activos de un plan puede producirse cuando estos activos son mayores que la obligación proyectada y el Grupo no puede recuperar ningún superávit a través de reembolsos del instrumento en que está materializado el compromiso de prestación definida como consecuencia de requisitos de solvencia y/o control.', 'Debt Valuation Adjustment (DVA): ajuste a la valoración similar al CVA, pero en este caso como consecuencia del riesgo propio del Grupo que asumen sus contrapartidas en los derivados OTC.', 'También podrá proponerse la separación de consejeros independientes como consecuencia de ofertas públicas de adquisición, fusiones u otras operaciones corporativas similares que supongan un cambio en la estructura de capital de la sociedad, cuando tales cambios en la estructura del consejo de administración vengan propiciados por el criterio de proporcionalidad señalado en la recomendación 16.']",el 97% son reciclados por empresas especializadas,Zardoya OTIS disminuirá en los próximos meses gran parte del consumo de papel que tradicionalmente exigía la asistencia a nuestros clientes,0.0,0.0,0.0
¿A qué se atribuye el incremento de la cartera de crédito de TSB en 2015?,"['TSB en 2015 ha conseguido incrementar la cartera de crédito gracias a la buena dinámica comercial y las fuentes de financiación de TSB que están constituidas fundamentalmente por el crecimiento de los depósitos de clientes y el éxito en la diversificación de las mismas.', 'En ellos se incluye la ampliación de capital con derecho de suscripción preferente por 1.607 millones de euros llevada a cabo en el mes de abril de 2015, como consecuencia de la adquisición de TSB (T16).', 'Gran parte de las líneas están en proceso de ejecución, dado que muchos de los objetivos propuestos se han trazado a 2015.', 'La contratación de préstamos al consumo consolida su crecimiento con un incremento de volumen del 46,42% respecto al año anterior gracias al foco en la red comercial y a la estrategia aplicada en la política de precios con tipos de interés más atractivos.', 'Desde la fusión, sigue creciendo todos los meses respecto al mismo mes del año anterior, con lo que encadena, a cierre del Ejercicio 2014, 27 meses de crecimiento ininterrumpido.']",a la buena dinámica comercial y las fuentes de financiación de TSB que están constituidas fundamentalmente por el crecimiento de los depósitos de clientes y el éxito en la diversificación de las mismas,a la buena dinámica comercial y las fuentes de financiación de TSB que están constituidas fundamentalmente por el crecimiento de los depósitos de clientes y el éxito en la diversificación de las mismas,1.0,0.5,1.0
¿A qué se debe que el ARPU permanece relativamente estable en el ejercicio?,"['El ARPU permanece relativamente estable en el ejercicio (-0,6%) gracias a la captación de clientes de valor, que permite compensar el fuerte impacto regulatorio.', 'Estas cifras unidas a una baja rotación voluntaria del 5,3 % dan como resultado un elevado índice de estabilidad.', 'En los tres últimos años, la Compañía ha logrado unos sólidos resultados financieros que han hecho que el BPA ajustado de 2016 alcance los 90,2 céntimos de euro. En consecuencia, los derechos asignados en 2014 bajo el plan de acciones por desempeño, se consolidarán en 2016 en su nivel máximo en lo que respecta al parámetro de BPA. El precio de la acción registró un fuerte crecimiento en los dos primeros años y medio de los tres que integran el período de desempeño, aunque sufrió una importante caída tras el resultado del referéndum sobre la UE celebrado en el Reino Unido.', 'Desde la fusión, sigue creciendo todos los meses respecto al mismo mes del año anterior, con lo que encadena, a cierre del Ejercicio 2014, 27 meses de crecimiento ininterrumpido.', 'La morosidad y el coste de crédito permanecen en niveles estables gracias a la mejora de desempeño de las carteras de auto en SC USA, tras la implantación de la nueva política de riesgos que tuvo lugar en el primer trimestre, enfocada a mejorar el perfil de las nuevas operaciones, y tras los ajustes realizados en el sector de Oil&Gas, en línea con la industria, en Santander Bank.']","a la captación de clientes de valor, que permite compensar el fuerte impacto regulatorio"," a la captación de clientes de valor, que permite compensar el fuerte impacto regulatorio",1.0,1.0,1.0
¿Qué resultado se espera con una mayor especialización y disminución del riesgo de negocio para Atresmedia?,"['Esta estrategia marcará, previsiblemente, la pauta del posicionamiento futuro en este complejo sector respecto al resto de operadores audiovisuales, dado que permite una mayor especialización y una significativa disminución del riesgo de negocio para Atresmedia.', 'Esta tendencia se sustentó en una mejora de las variables macroeconómicas, pero se potenció innegablemente gracias al esfuerzo por retener el precio que inició Atresmedia desde hace un par de años, estrategia por la que parecen por fin haber optado el resto de operadores principales del mercado.', 'Atresmedia es consciente de la decisiva labor de las empresas para la consecución de estas importantes metas y, por ese motivo, apoya con sus políticas, iniciativas y capacidad de difusión, la consecución de aquellos ODS en los que la contribución de la Compañía puede ser mayor y de especial incidencia.', 'Como consecuencia de este hecho, es previsible que a lo largo de los próximos trimestres se limite aún más el nivel de activos comprometidos en operaciones de financiación a largo plazo.', 'El compromiso de Atresmedia con la seguridad vial también se extiende a sus empleados, por ello en 2017 se ha celebrado la segunda Semana de la Educación Vial, con el objetivo de formar y sensibilizar a la plantilla en esta materia.']","permite una mayor especialización y una significativa disminución del riesgo de negocio para Atresmedia, por ello es previsible que a lo largo de los próximos trimestres se limite aún más el nivel de activos comprometidos en operaciones de financiación a largo plazo","Esta estrategia marcará, previsiblemente, la pauta del posicionamiento futuro en este complejo sector respecto al resto de operadores audiovisuales",0.5,0.5,1.0
¿A qué se ha debido la buena evolución del resultado de negocio de Vida?,"['En este entorno, en la evolución de MAPFRE es de destacar: - Los magníficos resultados obtenidos en la mayor parte de los países, especialmente España y Brasil, y en los negocios de Reaseguro y Global Risks. - El crecimiento en las primas de No Vida, tanto en España como en el extranjero, así como en el reaseguro, que han permitido absorber la contracción del seguro de Vida en España. - La buena evolución del resultado del negocio de Vida, gracias a la mejora tanto del resultado de suscripción como de los ingresos financieros en Brasil.', 'La compañía ha ido ganando volumen merced a un modelo de negocio único en su sector, que le ha permitido aumentar su rentabilidad pese a los ciclos económicos adversos y ganarse la confianza del mercado.', 'Esta operación es positiva para los accionistas, ya que se estima que mejora el beneficio por acción (BPA) desde 2016.', 'El resultado antes de impuestos, que refleja mejor la evolución del negocio, crece un 8% gracias al aumento de volúmenes, la buena gestión de márgenes y el control de costes.', 'En 2017 las ventas han aumentado un 4,3% como consecuencia de una ligera recuperación de la situación general económica y también del sector de la construcción.']",a la mejora tanto del resultado de suscripción como de los ingresos financieros en Brasil,a la mejora tanto del resultado de suscripción como de los ingresos financieros en Brasil,1.0,0.3333333333333333,1.0
¿Qué efecto tuvo la política de precios implementada en España en la segunda mitad del año?,"['Su reutilización no es posible pero sí su reciclaje, por lo que el 97% son reciclados por empresas especializadas.', 'Esta decisión se adoptó en línea con las recomendaciones de gobierno corporativo en materia de rotación del auditor externo, a propuesta de la comisión de auditoría y como resultado de un concurso de selección desarrollado con plena transparencia.', 'La baja contable de los activos de un plan puede producirse cuando estos activos son mayores que la obligación proyectada y el Grupo no puede recuperar ningún superávit a través de reembolsos del instrumento en que está materializado el compromiso de prestación definida como consecuencia de requisitos de solvencia y/o control.', 'Debt Valuation Adjustment (DVA): ajuste a la valoración similar al CVA, pero en este caso como consecuencia del riesgo propio del Grupo que asumen sus contrapartidas en los derivados OTC.', 'También podrá proponerse la separación de consejeros independientes como consecuencia de ofertas públicas de adquisición, fusiones u otras operaciones corporativas similares que supongan un cambio en la estructura de capital de la sociedad, cuando tales cambios en la estructura del consejo de administración vengan propiciados por el criterio de proporcionalidad señalado en la recomendación 16.']",el 97% son reciclados por empresas especializadas,"una erosión de 65 puntos básicos en el margen EBITDA ajustado, que fue del 6,6% en el año",0.0,0.5,0.0
¿Cuál es el resultado de que la innovación sea uno de los motores del desarrollo de Gas Natural Fenosa?,"['Su reutilización no es posible pero sí su reciclaje, por lo que el 97% son reciclados por empresas especializadas.', 'Esta decisión se adoptó en línea con las recomendaciones de gobierno corporativo en materia de rotación del auditor externo, a propuesta de la comisión de auditoría y como resultado de un concurso de selección desarrollado con plena transparencia.', 'La baja contable de los activos de un plan puede producirse cuando estos activos son mayores que la obligación proyectada y el Grupo no puede recuperar ningún superávit a través de reembolsos del instrumento en que está materializado el compromiso de prestación definida como consecuencia de requisitos de solvencia y/o control.', 'Debt Valuation Adjustment (DVA): ajuste a la valoración similar al CVA, pero en este caso como consecuencia del riesgo propio del Grupo que asumen sus contrapartidas en los derivados OTC.', 'También podrá proponerse la separación de consejeros independientes como consecuencia de ofertas públicas de adquisición, fusiones u otras operaciones corporativas similares que supongan un cambio en la estructura de capital de la sociedad, cuando tales cambios en la estructura del consejo de administración vengan propiciados por el criterio de proporcionalidad señalado en la recomendación 16.']",el 97% son reciclados por empresas especializadas,"destina una parte importante de sus recursos y sus esfuerzos a las actividades de I+D+i, tratando de buscar una optimización de los recursos, de desarrollar nuevas tecnologías y de mantenerse al corriente de los avances tecnológicos en los sectores en los que opera",0.0,0.0,0.0
¿Qué ha hecho ganar volumen a la compañía?,"['La compañía ha ido ganando volumen merced a un modelo de negocio único en su sector, que le ha permitido aumentar su rentabilidad pese a los ciclos económicos adversos y ganarse la confianza del mercado.', 'La plantilla aumentó un 2,6% dado que se han puesto en marcha nuevas líneas y que ha aumentado la producción.', 'En 2017 las ventas han aumentado un 4,3% como consecuencia de una ligera recuperación de la situación general económica y también del sector de la construcción.', 'LAS VENTAS crecieron debido a la incorporación de Oliveri (en 2013 sólo un mes) y Garofalo (desde el mes de junio). El impacto de los nuevos negocios es de 103 millones de euros. Ambas compañías son parte importante en la estrategia del Grupo y tienen un desarrollo específico para ampliar su distribución en mercados que entendemos complementarios.', 'Con una plantilla superior a las 60 personas, y una facturación anual cercana a los 10 millones de euros, ha experimentado un importante crecimiento durante los últimos años gracias a la apuesta realizada por modernizar sus instalaciones, métodos y procesos productivos.  Crecimiento significativo en negocios relacionados con el diseño y construcción de sistemas de transporte llave en mano para operar y, cuando los clientes así lo requieran, realizar su mantenimiento Uoperación, en solitario o en alianza, incluyendo inversión de capital según el caso.  Continuación del esfuerzo inversor en desarrollo tecnológico, tanto en lo referido a tecnologías como a productos de alto valor añadido, comercializables a nivel de componente, subsistema o material destinado a proveer a los clientes en todas nuestras ramas de actividad (material rodante, señalización, energía, gestión de datos, inspecciones, etc.).']","a un modelo de negocio único en su sector, que le ha permitido aumentar su rentabilidad pese a los ciclos económicos adversos y ganarse la confianza del mercado","un modelo de negocio único en su sector, que le ha permitido aumentar su rentabilidad pese a los ciclos económicos adversos y ganarse la confianza del mercado",0.75,1.0,1.0
¿Cuál es el desencadenante que propicia que la relación con sus propietarios refleje los valores corporativos de la Compañía?,"['También, en la relación con sus propietarios, la Compañía refleja sus valores corporativos ya que les ofrece un canal directo con la Compañía para la resolución de incidencias, ofrecer respuesta ágil a sus inquietudes y necesidades de información, con el objetivo de reforzar el vínculo y el orgullo de pertenencia, a través de la aportación de valor al negocio entendida en su más amplio sentido.', 'Gracias a nuestra visión estratégica y a un importante rigor en la gestión, acompañada por unos sólidos valores, aquilatados por el fuerte componente familiar, hemos superado con éxito una compleja etapa en la que hemos logrado alcanzar la mayor parte de los objetivos propuestos, afrontando el futuro con solvencia y optimismo.', 'Esto redunda en una mejora de la autoestima, incrementando el orgullo de pertenencia a la empresa, y, por consiguiente, en la atracción y retención del talento.', 'Por último cabe señalar los menores niveles de deterioro del valor de los activos financieros con respecto a los del ejercicio previo, cuando se registraron dotaciones a saneamientos como consecuencia de las bajadas de rating de las compañías de oil & gas en Estados Unidos, sobre todo durante los tres primeros meses de ese año.rela Ción C on el Cliente 2017 P.69 Relación con el cliente experiencia de cliente El principal foco de atención de BBVA es satisfacer las necesidades de sus clientes y conectar con ellos de una manera más atractiva, combinando al mismo tiempo innovación, tecnología y experiencia.', 'La fidelidad de los clientes del Grupo es uno de los principales activos de la Compañía, y es por ello que se realizan importantes esfuerzos por mantener a los clientes con más antigüedad a través de la medición de su satisfacción.']","les ofrece un canal directo con la Compañía para la resolución de incidencias, ofrecer respuesta ágil a sus inquietudes y necesidades de información, con el objetivo de reforzar el vínculo y el orgullo de pertenencia, a través de la aportación de valor al negocio entendida en su más amplio sentido","les ofrece un canal directo con la Compañía para la resolución de incidencias, ofrecer respuesta ágil a sus inquietudes y necesidades de información,",0.75,1.0,1.0
¿Por qué razón creen que están bien preparados para afrontar el reto y marcar la diferencia?,"['Estoy segura de que lo conseguiremos porque contamos con un equipo dispuesto a esforzarse al máximo para dar el mejor servicio a los clientes.', 'Creemos firmemente que estamos bien preparados para afrontar este reto y marcar la diferencia. Entre otros motivos, porque gestionamos el ciclo de vida completo de los medicamentos, desde la formulación hasta la adherencia, lo que nos sitúa en una posición excelente para diseñar medicamentos que funcionan, ayudan y se adaptan a las necesidades de los pacientes.', 'Somos lo que somos porque durante todos estos años hemos sabido como nadie adelantarnos, innovar y prepararnos, en definitiva, para el cambio.', 'Esta nueva revolución está creando también nuevos desafíos sociales y de sostenibilidad, por lo que debemos estar preparados para hacerles frente.', 'En vista de estas difíciles circunstancias, creo que el nuevo equipo directivo de Vueling ha hecho un fantástico trabajo. Se han enfrentado a estos retos, han sido honestos acerca de los problemas que les afectaban y no se desentendieron de los errores que se cometieron a nivel interno. El nuevo equipo ha restablecido el desempeño operativo de la aerolínea, ha potenciado la resiliencia de la red.']","gestionamos el ciclo de vida completo de los medicamentos, desde la formulación hasta la adherencia, lo que nos sitúa en una posición excelente para diseñar medicamentos que funcionan, ayudan y se adaptan a las necesidades de los pacientes","gestionamos el ciclo de vida completo de los medicamentos, desde la formulación hasta la adherencia, lo que nos sitúa en una posición excelente para diseñar medicamentos que funcionan, ayudan y se adaptan a las necesidades de los pacientes",1.0,1.0,1.0
¿Qué se ha conseguido con la venta de miles de ejemplares de balón solidario en 173 centros Carrefour de España?,"['En su firme compromiso por sensibilizar a la sociedad para paliar las situaciones que afectan a los más desfavorecidos, ‘12 Meses’ ha culminado en 2015 su campaña ‘Balón solidario’ de ‘Los Manolos’ -Manu Carreño y Manolo Lamapuesta en marcha el año anterior en colaboración con el Banco de Alimentos y la Fundación Solidaridad Carrefour, con un rotundo éxito: más de 230.000 meriendas distribuidas entre niños en riesgo de exclusión social obtenidas a raíz de la venta de miles de ejemplares del balón solidario en 173 centros Carrefour de toda España.', 'Gracias a esta intervención, se ha atendido a cerca de 70.000 personas en consultas externas y de salud mental.', 'También queremos que nuestros proyectos de responsabilidad social sean cada vez más cercanos a ellos y a sus familias, y por esto buscamos que en cada uno de ellos puedan participar y estar con nosotros. Pongo como ejemplos, el lanzamiento de nuestra Superliga DIA en España, la carrera en apoyo a los niños con cáncer en Sao Paulo, la ayuda a jóvenes madres en riesgo de exclusión en Portugal o la campaña de recogida de ropa de abrigo en Argentina entre otras muchas acciones.', 'Gracias a la contribución de todos nuestros empleados, Inditex ha logrado unos resultados especialmente positivos en los ejercicios 2015 y 2016, que han permitido repartir más de 79 millones de euros entre más de 84.000 personas en 50 países.', 'Gracias a la emisión de la serie de Antena 3, Tiempos de Guerra, la campaña ha tenido gran repercusión y visibilidad. 7.3.3.']",se ha atendido a cerca de 70.000 personas en consultas externas y de salud mental,más de 230.000 meriendas distribuidas entre niños en riesgo de exclusión social obtenidas,0.0,1.0,1.0
¿Qué efecto tiene la creciente preocupación de los Estados ante el cambio climático tras la COP21?,"['Su reutilización no es posible pero sí su reciclaje, por lo que el 97% son reciclados por empresas especializadas.', 'Esta decisión se adoptó en línea con las recomendaciones de gobierno corporativo en materia de rotación del auditor externo, a propuesta de la comisión de auditoría y como resultado de un concurso de selección desarrollado con plena transparencia.', 'La baja contable de los activos de un plan puede producirse cuando estos activos son mayores que la obligación proyectada y el Grupo no puede recuperar ningún superávit a través de reembolsos del instrumento en que está materializado el compromiso de prestación definida como consecuencia de requisitos de solvencia y/o control.', 'Debt Valuation Adjustment (DVA): ajuste a la valoración similar al CVA, pero en este caso como consecuencia del riesgo propio del Grupo que asumen sus contrapartidas en los derivados OTC.', 'También podrá proponerse la separación de consejeros independientes como consecuencia de ofertas públicas de adquisición, fusiones u otras operaciones corporativas similares que supongan un cambio en la estructura de capital de la sociedad, cuando tales cambios en la estructura del consejo de administración vengan propiciados por el criterio de proporcionalidad señalado en la recomendación 16.']",el 97% son reciclados por empresas especializadas,"se espera que se intensifique la presión regulatoria sobre el sector energético, entre otros",0.0,0.0,0.0
¿Cuál ha sido el efecto que la entrada en vigor de la nueva normativa en materia de abuso de mercado para las sociedades cotizadas ha tenido?,"['Su reutilización no es posible pero sí su reciclaje, por lo que el 97% son reciclados por empresas especializadas.', 'Esta decisión se adoptó en línea con las recomendaciones de gobierno corporativo en materia de rotación del auditor externo, a propuesta de la comisión de auditoría y como resultado de un concurso de selección desarrollado con plena transparencia.', 'La baja contable de los activos de un plan puede producirse cuando estos activos son mayores que la obligación proyectada y el Grupo no puede recuperar ningún superávit a través de reembolsos del instrumento en que está materializado el compromiso de prestación definida como consecuencia de requisitos de solvencia y/o control.', 'Debt Valuation Adjustment (DVA): ajuste a la valoración similar al CVA, pero en este caso como consecuencia del riesgo propio del Grupo que asumen sus contrapartidas en los derivados OTC.', 'También podrá proponerse la separación de consejeros independientes como consecuencia de ofertas públicas de adquisición, fusiones u otras operaciones corporativas similares que supongan un cambio en la estructura de capital de la sociedad, cuando tales cambios en la estructura del consejo de administración vengan propiciados por el criterio de proporcionalidad señalado en la recomendación 16.']",el 97% son reciclados por empresas especializadas,"Grupo DIA ha actualizado en 2016 su Reglamento Interno de Conducta con el que se establecen las reglas para la gestión y control del uso de la información privilegiada, operaciones de autocartera y la comunicación transparente de la información relevante",0.0,0.3333333333333333,0.0
¿Cuál ha sido el resultado de la gestión y dirección de Fernando Basabe y de su equipo?,"['Su reutilización no es posible pero sí su reciclaje, por lo que el 97% son reciclados por empresas especializadas.', 'Esta decisión se adoptó en línea con las recomendaciones de gobierno corporativo en materia de rotación del auditor externo, a propuesta de la comisión de auditoría y como resultado de un concurso de selección desarrollado con plena transparencia.', 'La baja contable de los activos de un plan puede producirse cuando estos activos son mayores que la obligación proyectada y el Grupo no puede recuperar ningún superávit a través de reembolsos del instrumento en que está materializado el compromiso de prestación definida como consecuencia de requisitos de solvencia y/o control.', 'Debt Valuation Adjustment (DVA): ajuste a la valoración similar al CVA, pero en este caso como consecuencia del riesgo propio del Grupo que asumen sus contrapartidas en los derivados OTC.', 'También podrá proponerse la separación de consejeros independientes como consecuencia de ofertas públicas de adquisición, fusiones u otras operaciones corporativas similares que supongan un cambio en la estructura de capital de la sociedad, cuando tales cambios en la estructura del consejo de administración vengan propiciados por el criterio de proporcionalidad señalado en la recomendación 16.']",el 97% son reciclados por empresas especializadas,el Grupo ha logrado obtener resultados conforme a nuestras expectativas,0.0,0.5,0.0
"¿Cuál ha sido el resultado de fructíferas negociaciones con los bancos que permitieron minorar el tipo de interés medio satisfecho por la Compañía, el cual se situó en 3,2% frente al 3,5% del año 2016, así como incrementar los plazos de vencimiento de los instrumentos de deuda con los que actualmente se financia?","['Por otro lado, los gastos financieros se han reducido significativamente como resultado de fructíferas negociaciones con los bancos que permitieron minorar el tipo de interés medio satisfecho por la Compañía, el cual se situó en 3,2% frente al 3,5% del año 2016, así como incrementar los plazos de vencimiento de los instrumentos de deuda con los que actualmente se financia.', 'La tasa de morosidad se ha reducido desde el 1,35% en 2016 al 1,13% a diciembre de 2017, gracias a un entorno macroeconómico más favorable y la aplicación de políticas prudentes.', 'Así, Bankia cerró el ejercicio 2018 con un elevado descenso de los riesgos dudosos del 31% (3.702 millones de euros) lo que permitió reducir la tasa de morosidad al 6,5%.', 'En los tres últimos años, la Compañía ha logrado unos sólidos resultados financieros que han hecho que el BPA ajustado de 2016 alcance los 90,2 céntimos de euro. En consecuencia, los derechos asignados en 2014 bajo el plan de acciones por desempeño, se consolidarán en 2016 en su nivel máximo en lo que respecta al parámetro de BPA. El precio de la acción registró un fuerte crecimiento en los dos primeros años y medio de los tres que integran el período de desempeño, aunque sufrió una importante caída tras el resultado del referéndum sobre la UE celebrado en el Reino Unido.', 'Los resultados obtenidos constatan una sólida consolidación del negocio doméstico con una mejora significativa del margen de clientes. Esto ha sido posible gracias a una gestión proactiva de precios (tanto en intereses como en comisiones) junto con una mejora en las cuotas de mercado, siempre manteniendo una elevada calidad de servicio. El Banco ha sido capaz de fortalecer su margen de intereses y es la entidad con mejor comportamiento en el margen de clientes en España. Todo ello junto con una sólida posición de solvencia y liquidez.']",los gastos financieros se han reducido significativamente,los gastos financieros se han reducido significativamente,0.75,1.0,1.0
¿Qué supone que el sector eléctrico sea el que mejor puede incorporar renovables?,"['Su reutilización no es posible pero sí su reciclaje, por lo que el 97% son reciclados por empresas especializadas.', 'Esta decisión se adoptó en línea con las recomendaciones de gobierno corporativo en materia de rotación del auditor externo, a propuesta de la comisión de auditoría y como resultado de un concurso de selección desarrollado con plena transparencia.', 'La baja contable de los activos de un plan puede producirse cuando estos activos son mayores que la obligación proyectada y el Grupo no puede recuperar ningún superávit a través de reembolsos del instrumento en que está materializado el compromiso de prestación definida como consecuencia de requisitos de solvencia y/o control.', 'Debt Valuation Adjustment (DVA): ajuste a la valoración similar al CVA, pero en este caso como consecuencia del riesgo propio del Grupo que asumen sus contrapartidas en los derivados OTC.', 'También podrá proponerse la separación de consejeros independientes como consecuencia de ofertas públicas de adquisición, fusiones u otras operaciones corporativas similares que supongan un cambio en la estructura de capital de la sociedad, cuando tales cambios en la estructura del consejo de administración vengan propiciados por el criterio de proporcionalidad señalado en la recomendación 16.']",el 97% son reciclados por empresas especializadas,"es el que más esfuerzo ha realizado tanto en el desarrollo de las mismas, como por cumplir los objetivos de reducción de emisiones",0.0,0.6666666666666666,0.0
¿Cuál ha sido el resultado de la operación?,"['Su reutilización no es posible pero sí su reciclaje, por lo que el 97% son reciclados por empresas especializadas.', 'Esta decisión se adoptó en línea con las recomendaciones de gobierno corporativo en materia de rotación del auditor externo, a propuesta de la comisión de auditoría y como resultado de un concurso de selección desarrollado con plena transparencia.', 'La baja contable de los activos de un plan puede producirse cuando estos activos son mayores que la obligación proyectada y el Grupo no puede recuperar ningún superávit a través de reembolsos del instrumento en que está materializado el compromiso de prestación definida como consecuencia de requisitos de solvencia y/o control.', 'Debt Valuation Adjustment (DVA): ajuste a la valoración similar al CVA, pero en este caso como consecuencia del riesgo propio del Grupo que asumen sus contrapartidas en los derivados OTC.', 'También podrá proponerse la separación de consejeros independientes como consecuencia de ofertas públicas de adquisición, fusiones u otras operaciones corporativas similares que supongan un cambio en la estructura de capital de la sociedad, cuando tales cambios en la estructura del consejo de administración vengan propiciados por el criterio de proporcionalidad señalado en la recomendación 16.']",el 97% son reciclados por empresas especializadas,"la participación actual de Acek Desarrollo y  Gestión Industrial, S.L. en la Sociedad Dominante asciende a un 89,25%",0.0,1.0,0.0
¿Cuál fue el resultado del buen rendimiento en el comportamiento del valor?,"['Su reutilización no es posible pero sí su reciclaje, por lo que el 97% son reciclados por empresas especializadas.', 'Esta decisión se adoptó en línea con las recomendaciones de gobierno corporativo en materia de rotación del auditor externo, a propuesta de la comisión de auditoría y como resultado de un concurso de selección desarrollado con plena transparencia.', 'La baja contable de los activos de un plan puede producirse cuando estos activos son mayores que la obligación proyectada y el Grupo no puede recuperar ningún superávit a través de reembolsos del instrumento en que está materializado el compromiso de prestación definida como consecuencia de requisitos de solvencia y/o control.', 'Debt Valuation Adjustment (DVA): ajuste a la valoración similar al CVA, pero en este caso como consecuencia del riesgo propio del Grupo que asumen sus contrapartidas en los derivados OTC.', 'También podrá proponerse la separación de consejeros independientes como consecuencia de ofertas públicas de adquisición, fusiones u otras operaciones corporativas similares que supongan un cambio en la estructura de capital de la sociedad, cuando tales cambios en la estructura del consejo de administración vengan propiciados por el criterio de proporcionalidad señalado en la recomendación 16.']",el 97% son reciclados por empresas especializadas,la edición india de la revista Fortune calificó a Mahindra CIE Automotive como la segunda mejor empresa en creación de riqueza entre las compañías cotizadas del país,0.0,1.0,0.0
¿Qué ha provocado la mejora de desempeño de las carteras de auto en SC USA?,"['Su reutilización no es posible pero sí su reciclaje, por lo que el 97% son reciclados por empresas especializadas.', 'Esta decisión se adoptó en línea con las recomendaciones de gobierno corporativo en materia de rotación del auditor externo, a propuesta de la comisión de auditoría y como resultado de un concurso de selección desarrollado con plena transparencia.', 'Debt Valuation Adjustment (DVA): ajuste a la valoración similar al CVA, pero en este caso como consecuencia del riesgo propio del Grupo que asumen sus contrapartidas en los derivados OTC.', 'Ofrece a los usuarios una imagen tridimensional del objeto que se inspecciona, con lo que se ofrece una visión clara acerca del alcance y naturaleza de los posibles defectos.', 'Llevamos años siendo cada vez más y más eficientes, por eso también cada vez es más difícil mejorar.']",también cada vez es más difícil mejorar.,La morosidad y el coste de crédito permanecen en niveles estables,0.25,0.5,0.5
¿Por qué no se ha registrado ninguna provisión por este concepto en las cuentas anuales consolidadas adjuntas?,"['En las cuentas anuales consolidadas adjuntas no se ha registrado provisión alguna por este concepto, ya que no están previstas situaciones de esta naturaleza.', 'Debido a posibles interpretaciones que pueden hacerse de la normativa fiscal aplicable a algunas operaciones realizadas en el sector bancario, podrían existir determinados pasivos por impuestos de carácter contingente. Sin embargo, la posibilidad de que se materialicen estos pasivos es remota y, en cualquier caso, la deuda tributaria que de ellos pudiera derivarse no afectaría significativamente a las presentes Cuentas anuales consolidadas.', 'El Grupo se acogió a la exención contemplada en la NIIF 1 ""Adopción por primera vez de las NIIF"" relativa a diferencias de conversión acumuladas, por lo que aquellas diferencias de conversión reconocidas en las cuentas anuales consolidadas que se hubieran generado con anterioridad al 1 de enero de 2004 se muestran en cuentas de reservas.', 'Este dato no incluye CDS por aproximadamente 2.293 millones de euros de nominal que cubren préstamos, dado que contablemente se catalogan como garantías financieras en lugar de como derivados de crédito al no tener impacto su variación de valor sobre resultados ni sobre reservas para evitar asimetrías contables. 18.', 'Estas sociedades y fondos son autosuficientes en lo que a sus actividades se refiere y no dependen de una estructura de capital que les pudiese llegar a impedir la realización de sus actividades sin apoyo financiero adicional, por lo que no son objeto de consolidación.']",no están previstas situaciones de esta naturaleza,no están previstas situaciones de esta naturaleza,1.0,1.0,1.0
¿Por qué se considera que no hay exposición en cuanto a la operativa en derivados organizados (MMOO)?,"['En cuanto a la operativa en derivados en mercados organizados (MMOO), se considera bajo criterios de gestión que no hay exposición, dado que el riesgo no existe al actuar los MMOo como contrapartida en las operaciones y disponer de mecanismo de liquidación y de garantías para garantizar la transparencia y continuidad de la actividad.', 'En las cuentas anuales consolidadas adjuntas no se ha registrado provisión alguna por este concepto, ya que no están previstas situaciones de esta naturaleza.', 'Un crecimiento que hemos alcanzado sin realizar ampliaciones de capital y gracias a una política prudente de distribución del dividendo.', 'Nuestra trayectoria avala ese propósito de estabilidad, porque mantenemos el nombre, no nos hemos fusionado con nadie y no hemos comprado nada en España.', 'Como consecuencia de lo anterior, el Grupo BBVA ni gestiona ni responde de la actividad desarrollada por la Fundación o por las entidades financieras que la Fundación adquiera para el cumplimiento de sus fines.']",el riesgo no existe al actuar los MMOo como contrapartida en las operaciones y disponer de mecanismo de liquidación y de garantías para garantizar la transparencia y continuidad de la actividad,el riesgo no existe al actuar los MMOo como contrapartida en las operaciones y disponer de mecanismo de liquidación y de garantías para garantizar la transparencia y continuidad de la,1.0,1.0,1.0
¿Que consecuencia se derivan de este hecho?,"['Su reutilización no es posible pero sí su reciclaje, por lo que el 97% son reciclados por empresas especializadas.', 'Esta decisión se adoptó en línea con las recomendaciones de gobierno corporativo en materia de rotación del auditor externo, a propuesta de la comisión de auditoría y como resultado de un concurso de selección desarrollado con plena transparencia.', 'La baja contable de los activos de un plan puede producirse cuando estos activos son mayores que la obligación proyectada y el Grupo no puede recuperar ningún superávit a través de reembolsos del instrumento en que está materializado el compromiso de prestación definida como consecuencia de requisitos de solvencia y/o control.', 'Debt Valuation Adjustment (DVA): ajuste a la valoración similar al CVA, pero en este caso como consecuencia del riesgo propio del Grupo que asumen sus contrapartidas en los derivados OTC.', 'También podrá proponerse la separación de consejeros independientes como consecuencia de ofertas públicas de adquisición, fusiones u otras operaciones corporativas similares que supongan un cambio en la estructura de capital de la sociedad, cuando tales cambios en la estructura del consejo de administración vengan propiciados por el criterio de proporcionalidad señalado en la recomendación 16.']",el 97% son reciclados por empresas especializadas,es previsible que a lo largo de los próximos trimestres se limite aún más el nivel de activos comprometidos en operaciones de financiación a largo plazo,0.0,1.0,1.0
¿Qué supone que una de las principales ventajas competitivas de Grupo Logista sean sus profesionales?,"['Su reutilización no es posible pero sí su reciclaje, por lo que el 97% son reciclados por empresas especializadas.', 'Esta decisión se adoptó en línea con las recomendaciones de gobierno corporativo en materia de rotación del auditor externo, a propuesta de la comisión de auditoría y como resultado de un concurso de selección desarrollado con plena transparencia.', 'La baja contable de los activos de un plan puede producirse cuando estos activos son mayores que la obligación proyectada y el Grupo no puede recuperar ningún superávit a través de reembolsos del instrumento en que está materializado el compromiso de prestación definida como consecuencia de requisitos de solvencia y/o control.', 'Debt Valuation Adjustment (DVA): ajuste a la valoración similar al CVA, pero en este caso como consecuencia del riesgo propio del Grupo que asumen sus contrapartidas en los derivados OTC.', 'También podrá proponerse la separación de consejeros independientes como consecuencia de ofertas públicas de adquisición, fusiones u otras operaciones corporativas similares que supongan un cambio en la estructura de capital de la sociedad, cuando tales cambios en la estructura del consejo de administración vengan propiciados por el criterio de proporcionalidad señalado en la recomendación 16.']",el 97% son reciclados por empresas especializadas,"el Grupo invierte en el desarrollo de sus profesionales y procura que su talento, profesionalidad y capacidad se desarrollen en el mejor ambiente posible, extendiendo a este ámbito el principio de la mutua creación de valor",0.0,0.5,0.0
¿Por qué se espera que la región EMEA siga obteniendo resultados positivos en los próximos meses?,"['La región EMEA se espera que continúe presentando resultados positivos de cara a los próximos meses, ya que las dinámicas de mercado en Europa siguen siendo buenas tanto en los segmentos vacacional, como urbano.', 'Los mercados emisores canadiense y latinoamericanos muestran un buen ritmo de crecimiento desde enero -debido a las mejores condiciones climáticas que se dieron en el periodo-, y parece ser que el mercado emisor estadounidense también podría mejorar sus cifras en el corto plazo.', 'Europa ha tenido una primera mitad del año con fuerte incremento del consumo aparente, debido al incremento en la utilización por parte de los clientes finales pero también debido a la recuperación de stocks en la cadena de suministro.', 'En 2017 continuó mejorando el mercado de la vivienda y la situación financiera de los hogares gracias al buen cuadro macroeconómico y en particular a la evolución del empleo.', 'Esta operación es positiva para los accionistas, ya que se estima que mejora el beneficio por acción (BPA) desde 2016.']","las dinámicas de mercado en Europa siguen siendo buenas tanto en los segmentos vacacionales, como urbano","las dinámicas de mercado en Europa siguen siendo buenas tanto en los segmentos vacacional, como urbano",1.0,1.0,1.0
¿Por qué se verán afectados a la hora de trasladar los resultados a euros?,"['El ebitda disminuye un 20,9% debido al impacto de una menor demanda y un efecto negativo de los tipos de cambio (–46 millones de euros).', 'No obstante, a la hora de trasladar nuestros resultados a Euros, nos veremos negativamente afectados, ya que el tipo de cambio USD/EUR medio que usamos en el primer trimestre de 2017 fue 1.07, el cual se comparará con un nivel que será significativamente más alto en los primeros meses de 2018.', 'El resultado financiero ha contribuido con 62,3 millones de euros a la cuenta de resultados del Grupo. Respecto al año anterior el resultado financiero desciende un 26,5% debido al diferente impacto de los resultados no recurrentes (pérdida de 15,5 millones de euros en 2016 respecto a beneficios de 22,3 millones de euros en 2015).', 'El beneficio antes de impuestos crece menos que los anteriores márgenes, debido a (i)n un aumento de los costes financieros asociados a la elevada volatilidad de tipo de cambio del US$ durante el ejercicio (el Grupo realiza una parte significativa de sus compras en US$) y (ii) a una peor evolución de los resultados no recurrentes, con una menor generación de ingresos procedente de la venta activos frente a las que se verificaron en 2016 (venta de inmuebles y venta del negocio de Puerto Rico, principalmente).', 'En los tres últimos años, la Compañía ha logrado unos sólidos resultados financieros que han hecho que el BPA ajustado de 2016 alcance los 90,2 céntimos de euro. En consecuencia, los derechos asignados en 2014 bajo el plan de acciones por desempeño, se consolidarán en 2016 en su nivel máximo en lo que respecta al parámetro de BPA. El precio de la acción registró un fuerte crecimiento en los dos primeros años y medio de los tres que integran el período de desempeño, aunque sufrió una importante caída tras el resultado del referéndum sobre la UE celebrado en el Reino Unido.']","el tipo de cambio USD/EUR medio que usamos en el primer trimestre de 2017 fue 1.07, el cual se comparará con un nivel que será significativamente más alto en los primeros meses de 2018","el tipo de cambio USD/EUR medio que usamos en el primer trimestre de 2017 fue 1.07, el cual se comparará con un nivel que será significativamente más alto en los primeros meses de 2018",1.0,1.0,1.0
¿Qué efecto tiene el riesgo propio del Grupo que asumen sus contrapartidas en los derivados OTC?,"['Su reutilización no es posible pero sí su reciclaje, por lo que el 97% son reciclados por empresas especializadas.', 'Esta decisión se adoptó en línea con las recomendaciones de gobierno corporativo en materia de rotación del auditor externo, a propuesta de la comisión de auditoría y como resultado de un concurso de selección desarrollado con plena transparencia.', 'La baja contable de los activos de un plan puede producirse cuando estos activos son mayores que la obligación proyectada y el Grupo no puede recuperar ningún superávit a través de reembolsos del instrumento en que está materializado el compromiso de prestación definida como consecuencia de requisitos de solvencia y/o control.', 'Debt Valuation Adjustment (DVA): ajuste a la valoración similar al CVA, pero en este caso como consecuencia del riesgo propio del Grupo que asumen sus contrapartidas en los derivados OTC.', 'También podrá proponerse la separación de consejeros independientes como consecuencia de ofertas públicas de adquisición, fusiones u otras operaciones corporativas similares que supongan un cambio en la estructura de capital de la sociedad, cuando tales cambios en la estructura del consejo de administración vengan propiciados por el criterio de proporcionalidad señalado en la recomendación 16.']","Debt Valuation Adjustment (DVA): ajuste a la valoración similar al CVA, pero en este caso como consecuencia del riesgo propio del Grupo que asumen sus contrapartidas en los derivados OTC",Debt Valuation Adjustment (DVA): ajuste a la valoración similar al CVA,1.0,0.6666666666666666,1.0
¿La integración de Enor en el año 2013 qué ha motivado?,"['Su reutilización no es posible pero sí su reciclaje, por lo que el 97% son reciclados por empresas especializadas.', 'Esta decisión se adoptó en línea con las recomendaciones de gobierno corporativo en materia de rotación del auditor externo, a propuesta de la comisión de auditoría y como resultado de un concurso de selección desarrollado con plena transparencia.', 'La baja contable de los activos de un plan puede producirse cuando estos activos son mayores que la obligación proyectada y el Grupo no puede recuperar ningún superávit a través de reembolsos del instrumento en que está materializado el compromiso de prestación definida como consecuencia de requisitos de solvencia y/o control.', 'Debt Valuation Adjustment (DVA): ajuste a la valoración similar al CVA, pero en este caso como consecuencia del riesgo propio del Grupo que asumen sus contrapartidas en los derivados OTC.', 'También podrá proponerse la separación de consejeros independientes como consecuencia de ofertas públicas de adquisición, fusiones u otras operaciones corporativas similares que supongan un cambio en la estructura de capital de la sociedad, cuando tales cambios en la estructura del consejo de administración vengan propiciados por el criterio de proporcionalidad señalado en la recomendación 16.']","el 97% son reciclados por empresas especializadas, por lo que Su reutilización no es posible pero sí su reciclaje",nos introducimos en un nuevo nicho de mercado en fase expansión,0.0,1.0,0.0
¿Qué permitió la colaboración vecinal?,"['Su reutilización no es posible pero sí su reciclaje, por lo que el 97% son reciclados por empresas especializadas.', 'Esta decisión se adoptó en línea con las recomendaciones de gobierno corporativo en materia de rotación del auditor externo, a propuesta de la comisión de auditoría y como resultado de un concurso de selección desarrollado con plena transparencia.', 'La baja contable de los activos de un plan puede producirse cuando estos activos son mayores que la obligación proyectada y el Grupo no puede recuperar ningún superávit a través de reembolsos del instrumento en que está materializado el compromiso de prestación definida como consecuencia de requisitos de solvencia y/o control.', 'Debt Valuation Adjustment (DVA): ajuste a la valoración similar al CVA, pero en este caso como consecuencia del riesgo propio del Grupo que asumen sus contrapartidas en los derivados OTC.', 'También podrá proponerse la separación de consejeros independientes como consecuencia de ofertas públicas de adquisición, fusiones u otras operaciones corporativas similares que supongan un cambio en la estructura de capital de la sociedad, cuando tales cambios en la estructura del consejo de administración vengan propiciados por el criterio de proporcionalidad señalado en la recomendación 16.']",el 97% son reciclados por empresas especializadas,Lanzar el proyecto Santander Advance dirigido a las pymes con una oferta financiera y no financiera que ha proporcionado una importante notoriedad al Banco,0.0,1.0,0.0
"¿A qué se debe que el ebitda disminuya un 20,9%?","['El ebitda disminuye un 20,9% debido al impacto de una menor demanda y un efecto negativo de los tipos de cambio (–46 millones de euros).', 'El EBITDA ajustado descendió un 9,4% en 2017 hasta EUR568.6m, una caída del 8,9% a divisa constante. Este descenso tuvo su reflejo en una erosión de 65 puntos básicos en el margen EBITDA ajustado, que fue del 6,6% en el año como resultado de la política de precios implementada en España en la segunda mitad del año.', 'La cifra de negocio disminuyó un 14,0% hasta los 401,3 millones de euros, debido a una severa bajada del mercado local y a las fluctuaciones adversas de tipo de cambio tanto en Brasil como en Argentina.', 'La aplicación de la NIC29 tiene un impacto positivo en el ebitda de 10 millones de euros.', 'Estricto control de costes, con una disminución del 0,6% gracias al plan de eficiencia y de productividad.']",al impacto de una menor demanda y un efecto negativo de los tipos de cambio (–46 millones de euros),al impacto de una menor demanda y un efecto negativo de los tipos de cambio (–46 millones de euros),1.0,0.6666666666666666,1.0
¿A qué se ha debido la decisión de Ofgem de reducir los subsidios encubiertos percibidos por los pequeños generadores diésel? ,"['La decisión de Ofgem de reducir los subsidios encubiertos percibidos por los pequeños generadores diésel debido a los cargos de transporte. 2.', 'El gasóleo sigue registrando una reducción debido a la sustitución de las calderas alimentadas por este combustible.', 'Estas ventas han supuesto un ingreso de 2.412 millones de euros en el ejercicio 2016, un 16,4% inferior al del ejercicio 2015 como consecuencia de la caída en las unidades físicas vendidas y del menor precio medio de venta.', 'Estas ventas han supuesto un ingreso de 2.885 millones de euros en el ejercicio 2015, un 5,3% menor al del ejercicio 2014 ya que la caída en las ventas físicas como consecuencia de la reducción en el número de clientes a precio regulado (–9,5%) y el incremento del coste de la energía no se ha visto compensada por el incremento del precio medio de venta.', 'Gracias a estas medidas, tal y como queda reflejado en la gráfica anterior, hemos alcanzado una reducción del 6% en el consumo de energía eléctrica por prenda puesta en el mercado y de un 3% con respecto a las ventas, en comparación con 2016.']",a los cargos de transporte,a los cargos de transporte,1.0,1.0,1.0
¿Por qué se concentran los esfuerzos en capitalizar las ventajas diferenciales de servicio y construir la imagen de una entidad en evolución?,"['Gracias a la introducción de tecnologías innovadoras y el desarrollo de nuevas soluciones y procesos de negocio, buscamos convertirnos en un Grupo más efectivo, eficiente y orientado al cliente.', 'Llevará a cabo actividades que aporten valor y ayuden a reforzar la relación personal con determinados clientes, por lo que será una oficina evolucionada que permitirá al Banco testar un nuevo modelo de atención y servicio.', 'Nuestra evolución en los últimos años y nuestras fortalezas nos permiten acelerar nuestra transformación', 'Santander quiere proporcionar a sus clientes una experiencia de servicio excelente y, por ello, durante este año ha puesto en marcha nuevas iniciativas que pretenden mejorar los procesos desde la visión del cliente incorporando los beneficios que supone la transformación digital.', 'En el mes de abril, con la campaña ""Cien Respuestas Inmediatas"" se comunicó que BS da un paso más en el acompañamiento, en dos sentidos: dando respuestas de crédito de forma inmediata e in situ (donde quiera que esté el cliente del segmento negocios). A partir de esa ventaja, se persigue no solo mejorar la percepción de marca, sino también incrementar la consideración/captación de nuevos negocios. Por ello, se concentran los esfuerzos en capitalizar esas ventajas diferenciales de servicio y ello sirvió para dar un paso más en la construcción de imagen de una entidad en evolución.']","con la campaña ""Cien Respuestas Inmediatas"" se comunicó que BS da un paso más en el acompañamiento, en dos sentidos: dando respuestas de crédito de forma inmediata e in situ (donde quiera que esté el cliente del segmento negocios). A partir de esa ventaja, se persigue no solo mejorar la percepción de marca, sino también incrementar la consideración/captación de nuevos negocios","En el mes de abril, con la campaña ""Cien Respuestas Inmediatas"" se comunicó que BS da un paso más en el acompañamiento, en dos sentidos: dando respuestas de crédito de forma inmediata e in situ (donde quiera que esté el cliente del segmento negocios). A partir de esa ventaja, se persigue no solo mejorar la percepción de marca, sino también incrementar la consideración/captación de nuevos negocios",0.75,0.5,1.0
¿A qué se debe que la entidad mantenga políticas de cobertura con el objetivo de minimizar el impacto negativo?,"['La entidad mantiene políticas de cobertura con el objetivo prioritario de minimizar el impacto negativo debido a movimientos adversos de los mercados de los cambios de divisas sobre las ratios de capital, así como sobre los resultados generados en su negocio en divisa. Las operaciones de cobertura cubren el riesgo de cambio de las inversiones realizadas en las sociedades del grupo radicadas en países cuya moneda funcional no es el euro (véase nota 4.4.3.1 apartado Riesgo estructural de tipo de cambio).', 'Dado que los nuevos requisitos de contabilidad de coberturas se acercarán más a las políticas de gestión de riesgo de la entidad, una evaluación preliminar de las actuales relaciones de cobertura del Grupo indica que éstas cumplirán con las condiciones para su continuidad como relaciones de cobertura con la aplicación de NIIF', 'Como consecuencia de los compromisos adquiridos en el Plan de Recapitalización, la actividad de la entidad en los mercados financieros se mantuvo reducida.', 'Somos conscientes del impacto de nuestra actividad en la sociedad y, por ello, buscamos procesos más eficientes e innovadores, apoyándonos en las nuevas tecnologías, que nos permitan contribuir de forma positiva a lograr un entorno más sostenible.', 'Asimismo, y tal y como se describe en la nota 31.2.o, el Grupo aplica la contabilidad de coberturas al objeto de mitigar la volatilidad que se produciría en la cuenta de pérdidas y ganancias consolidada como consecuencia de la existencia de transacciones relevantes en moneda extranjera.']","a movimientos adversos de los mercados de los cambios de divisas sobre las ratios de capital, así como sobre los resultados generados en su negocio en divisa","a movimientos adversos de los mercados de los cambios de divisas sobre las ratios de capital, así como sobre los resultados generados en su negocio en divisa",1.0,0.5,1.0
"¿Qué causó que el yen tendiera a fortalecerse, a pesar de la agresividad de la política monetaria aplicada por el Banco Central de Japón?","['El yen tendió a fortalecerse, a pesar de la agresividad de la política monetaria aplicada por el Banco Central de Japón, ya que en los momentos más confusos de mercado actuó como ""activo refugio"".', 'otros movimientos que se han producido a lo largo del año han sido la reducción de las rentabilidades de la curvas de los países periféricos de la eurozona, con la excepción de Grecia, cuyas rentabilidades han aumentado sustancialmente en la última parte del año debido a la inestabilidad política.', 'Las ventas netas aumentaron un 25,7% en moneda local, pero descendieron un 1,5% en euros hasta los 3.122 millones debido a la depreciación de las divisas registradas en el año (-4,8% real brasileño, -37,4% peso argentino y -5,2% yuan chino)', 'Como consecuencia de la intervención del BCe en los mercados, la excepcionalidad en el área euro es tal que los tipos de interés negativos de la deuda pública se han convertido en habituales.', 'El impacto no fue duradero, ya que en los meses siguientes se redujo la volatilidad, la renta variable se recuperó y bajó la aversión al riesgo.']","en los momentos más confusos de mercado actuó como ""activo refugio""","en los momentos más confusos de mercado actuó como ""activo refugio""",1.0,1.0,1.0
¿Qué motivo hay detrás de que la deuda neta de las actividades de financiación regulares haya aumentado en 187 millones de euros?,"['La deuda neta de las actividades de financiación regulares aumentó en 187 millones de euros, ya que los nuevos préstamos superaron ligeramente los repagos en concepto de arrendamientos y amortizaciones de deuda del ejercicio actual. El nivel de los nuevos préstamos y arrendamientos financieros de 2016 estuvo en consonancia con el calendario de entregas de flota del Grupo.', 'La inversión crediticia neta se ha situado en 8.836 millones de euros, un decremento del 26,9% debido a la venta SUB, aunque aislando este impacto la inversión crece un 9,2% por el negocio de México.', 'Las comisiones netas ascendieron a 1.148,6 millones de euros (1.022,8 millones de euros sin considerar TSB) y crecieron un 14,5% (10,6% sin considerar TSB) en términos interanuales (T4). Este crecimiento se manifestó como consecuencia principalmente de la evolución positiva de las comisiones de comercialización de fondos de pensiones y seguros, que crecen un 48,9% respeto al ejercicio anterior.', 'El flujo libre de caja para el accionista del Grupo aumentó 630 millones de euros en 2017, debido al incremento del EBITDAR y del EBITDA antes de partidas excepcionales y a una ligera reducción neta de las inversiones en inmovilizado (CAPEX). El CAPEX neto es la adquisición y venta de inmovilizado material e inmaterial (2017: 1.184 millones de euros; 2016: 1.301 millones de euros).', 'Este dato no incluye CDS por aproximadamente 2.293 millones de euros de nominal que cubren préstamos, dado que contablemente se catalogan como garantías financieras en lugar de como derivados de crédito al no tener impacto su variación de valor sobre resultados ni sobre reservas para evitar asimetrías contables. 18.']",los nuevos préstamos superaron ligeramente los repagos en concepto de arrendamientos y amortizaciones de deuda del ejercicio actual,los nuevos préstamos superaron ligeramente los repagos en concepto de arrendamientos y amortizaciones de deuda del ejercicio actual,1.0,1.0,1.0
¿Qué se consiguió en 2017 gracias a las nuevas aperturas y reformas en las tiendas?,"['Así, en 2017, gracias a las nuevas aperturas y reformas, alcanzamos ya un total de 5.068 tiendas ecoeficientes, lo que supone alrededor del 80% de nuestras propias tiendas.', 'En 2017 las ventas han aumentado un 4,3% como consecuencia de una ligera recuperación de la situación general económica y también del sector de la construcción.', 'Los clientes digitales aumentaron en el año 2017 un 10%, hasta los 4,4 millones de clientes, como resultado de nuestro firme compromiso con la transformación digital.', 'Gracias a la colaboración con Inditex, en 2017 se han consolidado 32 proyectos de economía social, 1.139 personas han mejorado su empleabilidad, 849 de ellas han recibido formación y 460 además han encontrado un empleo.', 'En 2017 continuó mejorando el mercado de la vivienda y la situación financiera de los hogares gracias al buen cuadro macroeconómico y en particular a la evolución del empleo.']","alcanzamos ya un total de 5.068 tiendas ecoeficientes, lo que supone alrededor del 80% de nuestras propias tiendas","alcanzamos ya un total de 5.068 tiendas ecoeficientes, lo que supone alrededor del 80% de nuestras propias tiendas",1.0,0.5,1.0
¿A qué se atribuye que el Grupo esté aumentando sus cuotas de mercado en Asia y Oceanía?,"['El Grupo es uno de los mayores fabricantes en Europa, el mayor de Estados Unidos, el único en el continente africano, y en la actualidad está aumentado sus cuotas de mercado en Asia y Oceanía gracias a las ventas de los productos fabricados en la nueva planta de Malasia.', 'La compañía ha ido ganando volumen merced a un modelo de negocio único en su sector, que le ha permitido aumentar su rentabilidad pese a los ciclos económicos adversos y ganarse la confianza del mercado.', 'Esta operación es positiva para los accionistas, ya que se estima que mejora el beneficio por acción (BPA) desde 2016.', 'Gracias a la introducción de tecnologías innovadoras y el desarrollo de nuevas soluciones y procesos de negocio, buscamos convertirnos en un Grupo más efectivo, eficiente y orientado al cliente.', 'La plantilla aumentó un 2,6% dado que se han puesto en marcha nuevas líneas y que ha aumentado la producción.']",a las ventas de los productos fabricados en la nueva planta de Malasia,a las ventas de los productos fabricados en la nueva planta de Malasia,1.0,1.0,1.0
¿Qué implica el hecho de que todas las propuestas deban pasar la tramitación por el Parlamento y el Consejo?,"['Su reutilización no es posible pero sí su reciclaje, por lo que el 97% son reciclados por empresas especializadas.', 'Esta decisión se adoptó en línea con las recomendaciones de gobierno corporativo en materia de rotación del auditor externo, a propuesta de la comisión de auditoría y como resultado de un concurso de selección desarrollado con plena transparencia.', 'Debt Valuation Adjustment (DVA): ajuste a la valoración similar al CVA, pero en este caso como consecuencia del riesgo propio del Grupo que asumen sus contrapartidas en los derivados OTC.', 'Ofrece a los usuarios una imagen tridimensional del objeto que se inspecciona, con lo que se ofrece una visión clara acerca del alcance y naturaleza de los posibles defectos.', 'Llevamos años siendo cada vez más y más eficientes, por eso también cada vez es más difícil mejorar.']","también cada vez es más difícil mejorar, por lo que llevamos años siendo cada vez más y más eficientes",se estima que la tramitación se alargará hasta finales de 2018 y que entrarán en vigor en 2019,0.0,0.6666666666666666,0.0
¿Qué efecto tiene la complejidad del traslado a los clientes tras largas negociaciones con la distribución?,"['Su reutilización no es posible pero sí su reciclaje, por lo que el 97% son reciclados por empresas especializadas.', 'Esta decisión se adoptó en línea con las recomendaciones de gobierno corporativo en materia de rotación del auditor externo, a propuesta de la comisión de auditoría y como resultado de un concurso de selección desarrollado con plena transparencia.', 'La baja contable de los activos de un plan puede producirse cuando estos activos son mayores que la obligación proyectada y el Grupo no puede recuperar ningún superávit a través de reembolsos del instrumento en que está materializado el compromiso de prestación definida como consecuencia de requisitos de solvencia y/o control.', 'Debt Valuation Adjustment (DVA): ajuste a la valoración similar al CVA, pero en este caso como consecuencia del riesgo propio del Grupo que asumen sus contrapartidas en los derivados OTC.', 'También podrá proponerse la separación de consejeros independientes como consecuencia de ofertas públicas de adquisición, fusiones u otras operaciones corporativas similares que supongan un cambio en la estructura de capital de la sociedad, cuando tales cambios en la estructura del consejo de administración vengan propiciados por el criterio de proporcionalidad señalado en la recomendación 16.']",el 97% son reciclados por empresas especializadas,Un aumento de precios del coste de la materia prima en origen tan abrupto como el descrito impacta directamente en los márgenes,0.0,0.0,0.0
¿A qué se ha debido el sostenido incremento interanual de los ingresos y de doble dígito en OIBDA?,"['Gracias a nuestra visión estratégica y a un importante rigor en la gestión, acompañada por unos sólidos valores, aquilatados por el fuerte componente familiar, hemos superado con éxito una compleja etapa en la que hemos logrado alcanzar la mayor parte de los objetivos propuestos, afrontando el futuro con solvencia y optimismo.', 'Después de un primer trimestre exigente como empresa cotizada y a pesar de las dificultades experimentadas por la industria del petróleo y el gas, que es una parte importante de nuestra actividad, me complace anunciar que, gracias a la gestión y dirección de Fernando Basabe y de su equipo, el Grupo ha logrado obtener resultados conforme a nuestras expectativas.', 'Además, ENDESA es consciente de que una presencia destacada en los principales índices de inversión socialmente responsable promueve la atracción de este tipo de inversores y, por ello, la Compañía desempeña un papel muy destacado al respecto.', 'La compañía ha ido ganando volumen merced a un modelo de negocio único en su sector, que le ha permitido aumentar su rentabilidad pese a los ciclos económicos adversos y ganarse la confianza del mercado.', 'Los recursos gestionados se incrementaron en un 1,8%, gracias a la incesante dedicación de la red de oficinas y al apoyo de gestores especializados en sectores y en productos. Es especialmente destacable la cuota de presencia en fondos de inversión, situada en el 13,6% del Banco, claramente indicativa del perfil medio de la clientela y su cultura financiera.']","a la incesante dedicación de la red de oficinas y al apoyo de gestores especializados en sectores y en productos. Es especialmente destacable la cuota de presencia en fondos de inversión, situada en el 13,6% del Banco, claramente indicativa del perfil medio de la clientela y su cultura financiera",a las eficiencias logradas,0.0,0.6,1.0
¿Cuál es la razón de que la deuda esté concentrada principalmente en euros?,"['• Mercados/Geografía (doméstico, extranjero): La Sociedad opera básicamente en el mercado nacional, por lo que la deuda está concentrada principalmente en euros.', 'Entre el conjunto de desequilibrios financieros acumulados por la economía española, el excesivo endeudamiento de las empresas tiene especial relevancia por cuanto supone un freno a la recuperación de la inversión y por consiguiente a la recuperación del empleo.', 'Este dato no incluye CDS por aproximadamente 2.293 millones de euros de nominal que cubren préstamos, dado que contablemente se catalogan como garantías financieras en lugar de como derivados de crédito al no tener impacto su variación de valor sobre resultados ni sobre reservas para evitar asimetrías contables. 18.', 'Como consecuencia de la intervención del BCe en los mercados, la excepcionalidad en el área euro es tal que los tipos de interés negativos de la deuda pública se han convertido en habituales.']",La Sociedad opera básicamente en el mercado nacional,La Sociedad opera básicamente en el mercado nacional,0.5,0.5,1.0
¿Qué permite obtener propiedades customizadas en una pieza de estampación en caliente? ,"['Consiste en obtener propiedades customizadas en una pieza de estampación en caliente gracias al uso de diferentes tasas de enfriamiento en el troquel, con zonas calentadas y enfriadas parcialmente.', 'Ofrece a los usuarios una imagen tridimensional del objeto que se inspecciona, con lo que se ofrece una visión clara acerca del alcance y naturaleza de los posibles defectos.', 'Una de las grandes ventajas de este sistema es su transparencia, ya que estas ideas son visibles de forma inmediata para toda la plantilla de modo que pueden ser votadas o enriquecidas con opiniones o aportaciones complementarias.', 'También se ha mejorado la interfaz gráfica general, con lo que se consigue una mejor experiencia de usuario.', 'Llevará a cabo actividades que aporten valor y ayuden a reforzar la relación personal con determinados clientes, por lo que será una oficina evolucionada que permitirá al Banco testar un nuevo modelo de atención y servicio.']","el uso de diferentes tasas de enfriamiento en el troquel, con zonas calentadas y enfriadas parcialmente","diferentes tasas de enfriamiento en el troquel, con zonas calentadas y enfriadas parcialmente",0.75,0.6666666666666666,1.0
"¿Cuál es la consecuencia de esta práctica, cada vez más extendida dentro del Grupo?","['Asimismo, y tal y como se describe en la nota 31.2.o, el Grupo aplica la contabilidad de coberturas al objeto de mitigar la volatilidad que se produciría en la cuenta de pérdidas y ganancias consolidada como consecuencia de la existencia de transacciones relevantes en moneda extranjera.', 'Esta práctica está cada vez más extendida dentro del Grupo, por ello, durante 2016, 41.085 de nuestras estaciones base eran compartidas.', 'Esta nota presenta información sobre la exposición del Grupo a cada uno de los riesgos mencionados anteriormente, los objetivos, políticas y procesos definidos por el Grupo para gestionar el riesgo, así como los métodos utilizados para medir dichos riesgos, los Debido a la presencia del Grupo en diversos países, a la consiguiente variedad de legislaciones que rigen los contratos de alquiler, a la distinta naturaleza y posición económica de los propietarios entre otros factores, existe una gran variedad de cláusulas que regulan el funcionamiento de los contratos de alquiler.', 'En los últimos ejercicios el Grupo ha desarrollado e implantado las mejoras estructurales y operativas necesarias para reforzar y consolidar la visión integral de los riesgos, basada en información completa, precisa y recurrente, permitiéndole a la alta dirección valorar y decidir en consecuencia.', 'Gracias a la introducción de tecnologías innovadoras y el desarrollo de nuevas soluciones y procesos de negocio, buscamos convertirnos en un Grupo más efectivo, eficiente y orientado al cliente.']","durante 2016, 41.085 de nuestras estaciones base eran compartidas","durante 2016, 41.085 de nuestras estaciones base eran compartidas",1.0,1.0,1.0
¿Qué supone que sus empleados sean uno de sus principales activos?,"['Su reutilización no es posible pero sí su reciclaje, por lo que el 97% son reciclados por empresas especializadas.', 'Esta decisión se adoptó en línea con las recomendaciones de gobierno corporativo en materia de rotación del auditor externo, a propuesta de la comisión de auditoría y como resultado de un concurso de selección desarrollado con plena transparencia.', 'Debt Valuation Adjustment (DVA): ajuste a la valoración similar al CVA, pero en este caso como consecuencia del riesgo propio del Grupo que asumen sus contrapartidas en los derivados OTC.', 'Ofrece a los usuarios una imagen tridimensional del objeto que se inspecciona, con lo que se ofrece una visión clara acerca del alcance y naturaleza de los posibles defectos.', 'Llevamos años siendo cada vez más y más eficientes, por eso también cada vez es más difícil mejorar.']","también cada vez es más difícil mejorar, por lo que llevamos años siendo cada vez más y más eficientes","tenemos el firme compromiso de invertir en ellos y ayudarles a reforzar sus habilidades, capacidades y conocimientos",0.0,0.6666666666666666,0.0
¿A qué se le atribuye el hecho de que Europa haya tenido una primera miad del año con fuerte incremento del consumo aparente?,"['Europa ha tenido una primera mitad del año con fuerte incremento del consumo aparente, debido al incremento en la utilización por parte de los clientes finales pero también debido a la recuperación de stocks en la cadena de suministro.', 'Portugal también respondió bien el ejercicio pasado, el primero completo con nosotros, y tuvo incrementos notables en recursos minoristas e inversión crediticia, en parte como consecuencia de la mejora de la situación macroeconómica del país.', 'A pesar de los esfuerzos, este año el consumo energético fue superior al de 2015 debido a una mayor producción.', 'Estados Unidos, por su parte, experimentó cierta ralentización en su crecimiento, con un incremento anual del PIB del 1,6%, pero con un satisfactorio cuadro macroeconómico: prácticamente pleno empleo, inflación controlada, incremento del número de asalariados con mejoras en los salarios medios y un índice de confianza de los consumidores positivo gracias al impulso fiscal anunciado por el nuevo presidente.', 'La región EMEA se espera que continúe presentando resultados positivos de cara a los próximos meses, ya que las dinámicas de mercado en Europa siguen siendo buenas tanto en los segmentos vacacional, como urbano.']",al incremento en la utilización por parte de los clientes finales pero también debido a la recuperación de stocks en la cadena de suministro,al incremento en la utilización por parte de los clientes finales pero también debido a la recuperación de stocks en la cadena de suministro,1.0,0.5,1.0
"¿De qué forma el oyente, además  de poder escuchar la radio en directo, puede dar su opinión sobre los contenidos?","['Gracias a la renovada www.ondacero.es, a www.europafm.com y desde enero de 2014, a www.melodía-fm.com además de poder escuchar la radio en directo, el oyente puede dar su opinión sobre los contenidos.', 'Una de las grandes ventajas de este sistema es su transparencia, ya que estas ideas son visibles de forma inmediata para toda la plantilla de modo que pueden ser votadas o enriquecidas con opiniones o aportaciones complementarias.', 'También se ha mejorado la interfaz gráfica general, con lo que se consigue una mejor experiencia de usuario.', 'Hoy en día somos lo que somos, gracias a la confianza que la empresa tuvo en nosotros y destacaría dos razonamientos claros: primero, que somos una radio comercial donde tenemos que hacer buena radio para ser un buen soporte publicitario y segundo que es fundamental saber que por motivos de cobertura somos segundos, pero no podemos pensar en ser segundones"".', 'Ofrece a los usuarios una imagen tridimensional del objeto que se inspecciona, con lo que se ofrece una visión clara acerca del alcance y naturaleza de los posibles defectos.']","a la renovada www.ondacero.es, a www.europafm.com y desde enero de 2014, a www.melodía-fm.com","la renovada www.ondacero.es, a www.europafm.com y desde enero de 2014, a www.melodía-fm.com",1.0,1.0,1.0
"¿Qué provocó que en 2017 las ventas hayan aumentado un 4,3%?","['En 2017 las ventas han aumentado un 4,3% como consecuencia de una ligera recuperación de la situación general económica y también del sector de la construcción.', 'La plantilla aumentó un 2,6% dado que se han puesto en marcha nuevas líneas y que ha aumentado la producción.', 'Los clientes digitales aumentaron en el año 2017 un 10%, hasta los 4,4 millones de clientes, como resultado de nuestro firme compromiso con la transformación digital.', 'La compañía ha ido ganando volumen merced a un modelo de negocio único en su sector, que le ha permitido aumentar su rentabilidad pese a los ciclos económicos adversos y ganarse la confianza del mercado.', 'En 2017 continuó mejorando el mercado de la vivienda y la situación financiera de los hogares gracias al buen cuadro macroeconómico y en particular a la evolución del empleo.']",consecuencia de una ligera recuperación de la situación general económica y también del sector de la construcción,una ligera recuperación de la situación general económica y también del sector de la construcción,0.75,1.0,1.0
¿Qué se ha conseguido con los más de 42000 microcréditos concedidos?,"['En este sentido, me gustaría enfatizar que nuestro retorno más inmediato se produce hacia los 37 millones de clientes que confían en nosotros, porque una aseguradora más eficaz siempre ofrece mejores productos y servicios.', 'Los préstamos a las empresas crecieron un 8%, por lo que el total de préstamos asciende a 23.900 millones de libras.', 'Gracias a esta intervención, se ha atendido a cerca de 70.000 personas en consultas externas y de salud mental.', 'Su reutilización no es posible pero sí su reciclaje, por lo que el 97% son reciclados por empresas especializadas.', 'En el mes de abril, con la campaña ""Cien Respuestas Inmediatas"" se comunicó que BS da un paso más en el acompañamiento, en dos sentidos: dando respuestas de crédito de forma inmediata e in situ (donde quiera que esté el cliente del segmento negocios). A partir de esa ventaja, se persigue no solo mejorar la percepción de marca, sino también incrementar la consideración/captación de nuevos negocios. Por ello, se concentran los esfuerzos en capitalizar esas ventajas diferenciales de servicio y ello sirvió para dar un paso más en la construcción de imagen de una entidad en evolución.']",se concentran los esfuerzos en capitalizar esas ventajas diferenciales de servicio y ello sirvió para dar un paso más en la construcción de imagen de una entidad en evolución,"En Camboya, en concreto, más de 190.000 personas tienen hoy acceso a saneamiento y agua potable",0.0,0.6666666666666666,0.5
¿Qué consecuencias tiene abarcar cuestiones adicionales de sostenibilidad ambiental?,"['Simultáneamente, hemos comenzado a trabajar en la cuarta edición, que supondrá una importante ampliación del alcance del programa, ya que también abarcará cuestiones adicionales de sostenibilidad ambiental.', 'Somos conscientes del impacto de nuestra actividad en la sociedad y, por ello, buscamos procesos más eficientes e innovadores, apoyándonos en las nuevas tecnologías, que nos permitan contribuir de forma positiva a lograr un entorno más sostenible.', 'Esta nueva revolución está creando también nuevos desafíos sociales y de sostenibilidad, por lo que debemos estar preparados para hacerles frente.', 'En 2015, a pesar de avanzar en la certificación de nuevos sistemas de gestión ambiental conforme a ISO 14001 y a los requisitos internos, se ha registrado una disminución del porcentaje de ebitda certificado, como consecuencia de la incorporación de nuevas actividades en Chile donde se está trabajando en adaptarlas a los referenciales internacionales y a los requerimientos internos en materia de gestión ambiental. En materia de cambio climático este año se ha mantenido el avance de los diferentes proyectos encaminados a la determinación de nuestra huella de carbono e identificación de los riesgos y oportunidades derivados del cambio climático.', 'Asimismo, tras la COP21 la preocupación de los Estados por la lucha contra el cambio climático creció considerablemente, por lo que se espera que se intensifique la presión regulatoria sobre el sector energético, entre otros.']","hemos comenzado a trabajar en la cuarta edición, que supondrá una importante ampliación del alcance del programa","hemos comenzado a trabajar en la cuarta edición, que supondrá una importante ampliación del alcance del programa",1.0,1.0,1.0
¿Qué supone la digitalización para satisfacer las demandas de nuestros clientes y preparar la Compañía para un mundo hiperconectado?,"['La digitalización es necesaria para satisfacer las demandas de nuestros clientes, ofrecer la mejor experiencia diferencial y preparar la Compañía para un mundo hiperconectado. Por ello, desde Telefónica transformamos nuestro negocio buscando la automatización y la gestión en tiempo real de todos los procesos, impulsando la multicanalidad, reduciendo los costes asociados a la atención de los clientes y, a su vez, mejorando su experiencia y satisfacción con nuestros servicios.', 'La transformación digital está impactada por los cambios en los hábitos de los consumidores, y por ello se ha iniciado un nuevo modelo de relación con los clientes, buscando nuevas formas de acercarse, allí donde ellos estén, para ser más convenientes. El objetivo ha sido mejorar la propuesta de valor y servicio del Grupo, asegurando la metodología y sistemática comercial, adaptándose a los diferentes segmentos y llevando la relación con el cliente donde más lo necesita en cada momento.', 'Santander quiere proporcionar a sus clientes una experiencia de servicio excelente y, por ello, durante este año ha puesto en marcha nuevas iniciativas que pretenden mejorar los procesos desde la visión del cliente incorporando los beneficios que supone la transformación digital.', 'La revolución digital, y sus implicaciones en términos de cambio de los procesos productivos, está llegando cada vez a un mayor número de sectores. Por ello, Dominion ofrece hoy soluciones y servicios a empresas en un amplio abanico de sectores y es previsible que este número se incremente en el futuro próximo.', 'Gracias a la introducción de tecnologías innovadoras y el desarrollo de nuevas soluciones y procesos de negocio, buscamos convertirnos en un Grupo más efectivo, eficiente y orientado al cliente.']","desde Telefónica transformamos nuestro negocio buscando la automatización y la gestión en tiempo real de todos los procesos, impulsando la multicanalidad, reduciendo los costes asociados a la atención de los clientes y, a su vez, mejorando su experiencia y satisfacción con nuestros servicios","desde Telefónica transformamos nuestro negocio buscando la automatización y la gestión en tiempo real de todos los procesos, impulsando la multicanalidad, reduciendo los costes asociados a la atención de los clientes y, a su vez, mejorando su experiencia y satisfacción con nuestros servicios",1.0,1.0,1.0
"¿Qué efecto han supuesto las acciones de patrocinio, mecenazgo y de responsabilidad social corporativa?","['Su reutilización no es posible pero sí su reciclaje, por lo que el 97% son reciclados por empresas especializadas.', 'Esta decisión se adoptó en línea con las recomendaciones de gobierno corporativo en materia de rotación del auditor externo, a propuesta de la comisión de auditoría y como resultado de un concurso de selección desarrollado con plena transparencia.', 'La baja contable de los activos de un plan puede producirse cuando estos activos son mayores que la obligación proyectada y el Grupo no puede recuperar ningún superávit a través de reembolsos del instrumento en que está materializado el compromiso de prestación definida como consecuencia de requisitos de solvencia y/o control.', 'Debt Valuation Adjustment (DVA): ajuste a la valoración similar al CVA, pero en este caso como consecuencia del riesgo propio del Grupo que asumen sus contrapartidas en los derivados OTC.', 'También podrá proponerse la separación de consejeros independientes como consecuencia de ofertas públicas de adquisición, fusiones u otras operaciones corporativas similares que supongan un cambio en la estructura de capital de la sociedad, cuando tales cambios en la estructura del consejo de administración vengan propiciados por el criterio de proporcionalidad señalado en la recomendación 16.']",el 97% son reciclados por empresas especializadas,Todas las marcas han realizado una más que destacable función social y cultural en sus territorios de influencia ,0.0,0.5,0.0
¿Qué ha provocado el estancamiento del mercado sudafricano?,"['Su reutilización no es posible pero sí su reciclaje, por lo que el 97% son reciclados por empresas especializadas.', 'Esta decisión se adoptó en línea con las recomendaciones de gobierno corporativo en materia de rotación del auditor externo, a propuesta de la comisión de auditoría y como resultado de un concurso de selección desarrollado con plena transparencia.', 'La baja contable de los activos de un plan puede producirse cuando estos activos son mayores que la obligación proyectada y el Grupo no puede recuperar ningún superávit a través de reembolsos del instrumento en que está materializado el compromiso de prestación definida como consecuencia de requisitos de solvencia y/o control.', 'Debt Valuation Adjustment (DVA): ajuste a la valoración similar al CVA, pero en este caso como consecuencia del riesgo propio del Grupo que asumen sus contrapartidas en los derivados OTC.', 'También podrá proponerse la separación de consejeros independientes como consecuencia de ofertas públicas de adquisición, fusiones u otras operaciones corporativas similares que supongan un cambio en la estructura de capital de la sociedad, cuando tales cambios en la estructura del consejo de administración vengan propiciados por el criterio de proporcionalidad señalado en la recomendación 16.']",el 97% son reciclados por empresas especializadas,"Columbus ha debido exportar una mayor parte de su producción a los restantes mercados del Grupo, en los que se ha beneficiado de la devaluación de la moneda local, el rand sudafricano",0.0,0.3333333333333333,0.0
"¿Qué implica que, desde la fusión, siga creciendo todos los meses respecto al mismo mes del año anterior?","['Desde la fusión, sigue creciendo todos los meses respecto al mismo mes del año anterior, con lo que encadena, a cierre del Ejercicio 2014, 27 meses de crecimiento ininterrumpido.', 'Por unidades, crecimientos generalizados, ya que nueve de la diez principales unidades suben, y seis de ellas lo hacen a doble dígito.', 'La compañía ha ido ganando volumen merced a un modelo de negocio único en su sector, que le ha permitido aumentar su rentabilidad pese a los ciclos económicos adversos y ganarse la confianza del mercado.', 'El resultado antes de impuestos, que refleja mejor la evolución del negocio, crece un 8% gracias al aumento de volúmenes, la buena gestión de márgenes y el control de costes.', 'Importante crecimiento de los ROF (+15,9% interanual), gracias al muy buen desempeño de la Unidad de Global Markets, fundamentalmente durante la primera parte del ejercicio.']","encadena, a cierre del Ejercicio 2014, 27 meses de crecimiento ininterrumpido","encadena, a cierre del Ejercicio 2014, 27 meses de crecimiento ininterrumpido",1.0,0.75,1.0
¿Qué les permite afirmar que hoy en día son lo que son?,"['Su reutilización no es posible pero sí su reciclaje, por lo que el 97% son reciclados por empresas especializadas.', 'Esta decisión se adoptó en línea con las recomendaciones de gobierno corporativo en materia de rotación del auditor externo, a propuesta de la comisión de auditoría y como resultado de un concurso de selección desarrollado con plena transparencia.', 'Debt Valuation Adjustment (DVA): ajuste a la valoración similar al CVA, pero en este caso como consecuencia del riesgo propio del Grupo que asumen sus contrapartidas en los derivados OTC.', 'Ofrece a los usuarios una imagen tridimensional del objeto que se inspecciona, con lo que se ofrece una visión clara acerca del alcance y naturaleza de los posibles defectos.', 'Llevamos años siendo cada vez más y más eficientes, por eso también cada vez es más difícil mejorar.']","Su reutilización no es posible pero sí su reciclaje, por lo que el 97% son reciclados por empresas especializadas","la confianza que la empresa tuvo en nosotros y destacaría dos razonamientos claros: primero, que somos una radio comercial donde tenemos que hacer buena radio para ser un buen soporte publicitario y segundo que es fundamental saber que por motivos de cobertura somos segundos, pero no podemos pensar en ser segundones",0.0,0.6666666666666666,0.5
¿Debido a qué está segura de que lo conseguirán?,"['Estoy segura de que lo conseguiremos porque contamos con un equipo dispuesto a esforzarse al máximo para dar el mejor servicio a los clientes.', 'En este sentido, me gustaría enfatizar que nuestro retorno más inmediato se produce hacia los 37 millones de clientes que confían en nosotros, porque una aseguradora más eficaz siempre ofrece mejores productos y servicios.', 'Soy una incondicional de la unidad europea, porque creo que unidos podemos hacer muchísimo más que separados.', 'Nuevas reglas que aceptamos de buen grado pues son iguales para todos y Bankinter tiene plena capacidad para cumplir con ellas como el que más.', 'La compañía ha ido ganando volumen merced a un modelo de negocio único en su sector, que le ha permitido aumentar su rentabilidad pese a los ciclos económicos adversos y ganarse la confianza del mercado.']",contamos con un equipo dispuesto a esforzarse al máximo para dar el mejor servicio a los clientes,contamos con un equipo dispuesto a esforzarse al máximo para dar el mejor servicio a los clientes,1.0,1.0,1.0
¿A qué se atribuye que el volumen de escombros haya caído un 27%?,"['También el volumen de escombros ha caído un 27 %, debido a la diferencia en la tipología de residuo que han producido las obras realizadas.', 'Gracias a estas reformas y a la plataforma EcoTool, se ha conseguido evitar la emisión a la atmósfera de un total de 9.816 toneladas de CO2.', 'Gracias a estas y otras mejoras, las incidencias en todas las plataformas se han reducido en un 61% con respecto al año anterior.', 'La tasa de morosidad se ha reducido desde el 1,35% en 2016 al 1,13% a diciembre de 2017, gracias a un entorno macroeconómico más favorable y la aplicación de políticas prudentes.', 'El total del alcance 1 y 2, foco principal de las emisiones de la entidad al representar el 63,4% de su huella total, han experimentado un descenso del 5% gracias a las diferentes medidas de eficiencia energética que se han ido implantando durante los últimos años, como el cambio de luminarias a sistema LED, las mejoras en domótica y climatización, y la renovación de equipamientos por otros más ecoeficientes, entre otras.']",a la diferencia en la tipología de residuo que han producido las obras realizadas,a la diferencia en la tipología de residuo que han producido las obras realizadas,1.0,0.5,1.0
¿Qué ha conseguido Indra gracias a una mayor contratación?,"['Desde el punto de vista de los resultados del ejercicio, Indra ha aumentado su cartera gracias a una mayor contratación y ha recuperado la rentabilidad con un margen EBIT positivo del 6% y con una generación de caja de 184 millones de euros. Desde el punto de vista operativo, han finalizado las principales acciones de restructuración y se empiezan a ver los resultados de las mismas.', 'La compañía ha ido ganando volumen merced a un modelo de negocio único en su sector, que le ha permitido aumentar su rentabilidad pese a los ciclos económicos adversos y ganarse la confianza del mercado.', 'La plantilla aumentó un 2,6% dado que se han puesto en marcha nuevas líneas y que ha aumentado la producción.', 'Esto redunda en una mejora de la autoestima, incrementando el orgullo de pertenencia a la empresa, y, por consiguiente, en la atracción y retención del talento.', 'En los últimos ejercicios el Grupo ha desarrollado e implantado las mejoras estructurales y operativas necesarias para reforzar y consolidar la visión integral de los riesgos, basada en información completa, precisa y recurrente, permitiéndole a la alta dirección valorar y decidir en consecuencia.']",ha aumentado su cartera,"Desde el punto de vista de los resultados del ejercicio, Indra ha aumentado su cartera",0.5,1.0,1.0
¿A qué se debe que los mercados emisores canadiense y latinoamericanos muestren un buen ritmo de crecimiento desde enero?,"['Los mercados emisores canadiense y latinoamericanos muestran un buen ritmo de crecimiento desde enero -debido a las mejores condiciones climáticas que se dieron en el periodo-, y parece ser que el mercado emisor estadounidense también podría mejorar sus cifras en el corto plazo.', 'Al margen de nuestra apuesta por Asia, seguimos focalizando nuestra inversión en otros mercados con fuerte potencial de crecimiento, como es el caso de México. En 2014, hemos desarrollado cuatro nuevos greenfields que revertirán en nuevos incrementos de los márgenes a futuro gracias al fuerte dinamismo de la demanda doméstica y al tirón de las exportaciones a Estados Unidos. Hoy, el mercado de NAFTA, supera ya el 20% de nuestras ventas.', 'Importante crecimiento de los ROF (+15,9% interanual), gracias al muy buen desempeño de la Unidad de Global Markets, fundamentalmente durante la primera parte del ejercicio.', 'Gracias a esta medida, hemos mejorado la densidad de dichos envíos en un 1,5% respecto al año anterior.', 'La región EMEA se espera que continúe presentando resultados positivos de cara a los próximos meses, ya que las dinámicas de mercado en Europa siguen siendo buenas tanto en los segmentos vacacional, como urbano.']",a las mejores condiciones climáticas que se dieron en el periodo,a las mejores condiciones climáticas que se dieron en el periodo,1.0,0.3333333333333333,1.0
"Que el factor climático tenga cada vez mayor importancia, ¿qué implicaciones tiene?","['El factor climático tiene cada vez mayor importancia, por lo que impulsar y fomentar acciones para proteger el medioambiente y luchar contra su degradación adquieren una importancia capital.', 'Asimismo, tras la COP21 la preocupación de los Estados por la lucha contra el cambio climático creció considerablemente, por lo que se espera que se intensifique la presión regulatoria sobre el sector energético, entre otros.', 'En este sentido ha hecho, junto con otros bancos, un llamamiento público a todas las entidades signatarias de los Principios de Ecuador para que apoyen la ampliación de esta exigencia.finanzas sosteniBles 2017 P.97 Finanzas sostenibles Los bancos juegan un papel crucial en la lucha contra el cambio climático gracias a su posición única para movilizar capital mediante inversiones, préstamos y funciones de asesoramiento.', 'Nuestra evolución en los últimos años y nuestras fortalezas nos permiten acelerar nuestra transformación', 'Llevamos años siendo cada vez más y más eficientes, por eso también cada vez es más difícil mejorar.']",impulsar y fomentar acciones para proteger el medioambiente y luchar contra su degradación adquieren una importancia capital,impulsar y fomentar acciones para proteger el medioambiente y luchar contra su degradación adquieren una importancia capital,1.0,1.0,1.0
¿A qué se debe que LUCA juegue un papel clave en el posicionamiento de Telefónica como uno de los líderes en el mercado de Big Data?,"['Esta unidad, lanzada en 2016, cuenta en la actualidad con más de más de 150 proyectos en 8 países diferentes en materias como transporte, comercio, turismo, finanzas o publicidad. LUCA juega un papel clave en el posicionamiento de Telefónica como uno de los líderes en el mercado de Big Data debido a nuestra oferta multisectorial.', '2018: Telefónica es incluida en el índice global Bloomberg de igualdad de género, gracias a sus políticas de trabajo flexible, sus programas de desarrollo de mujeres y de sensibilización a la alta dirección, junto con otras cuatro telcos del mundo.', 'La digitalización es necesaria para satisfacer las demandas de nuestros clientes, ofrecer la mejor experiencia diferencial y preparar la Compañía para un mundo hiperconectado. Por ello, desde Telefónica transformamos nuestro negocio buscando la automatización y la gestión en tiempo real de todos los procesos, impulsando la multicanalidad, reduciendo los costes asociados a la atención de los clientes y, a su vez, mejorando su experiencia y satisfacción con nuestros servicios.', 'Además, ENDESA es consciente de que una presencia destacada en los principales índices de inversión socialmente responsable promueve la atracción de este tipo de inversores y, por ello, la Compañía desempeña un papel muy destacado al respecto.', 'En la variable de las audiencias televisivas, que marcan la pauta a los anunciantes para realizar sus inversiones, Mediaset España ha sido el grupo audiovisual líder con el dato más alto de su historia, un 30,7% de share.Telecinco ha sido por tercer año consecutivo la cadena más vista con su mejor dato de los últimos cuatro años, Cuatro ha cerrado el año también con su mejor dato anual desde esa misma fecha y los temáticos han vuelto a crecer, siendo Factoría de Ficción el canal de nicho más visto de 2014 y el resto -Divinity, Energy y Boingliderando en sus respectivos targets objetivos. Respecto a nuestra presencia en internet y redes sociales, podemos afirmar que estamos en la mejor de las posiciones para llegar al consumidor multipantalla, porque la interactividad y la transversalidad de nuestros contenidos televisivos nos colocan en una posición incontestable, como el grupo audiovisual con mayor tráfico en internet con un promedio mensual de 10 millones de usuarios únicos y 54,1 millones de comentarios en las redes sociales en 2014.']",a nuestra oferta multisectorial,a nuestra oferta multisectorial,1.0,1.0,1.0
"¿Qué factor contribuyó a que mejorara en 1,1 puntos más el resultado del año anterior?","['Gracias a esta medida, hemos mejorado la densidad de dichos envíos en un 1,5% respecto al año anterior.', 'La fase de grupos de la temporada 2016-17 promedió un 28,0 % y 5.080.000 espectadores, con lo que mejoró en 1,1 puntos más el resultado del año anterior.', 'CLAVES DEL EJERCICIO 2016 En 2016 Santander Chile logró una mejora sustancial en los indicadores de satisfacción de clientes gracias a la simplificación de procesos y a un mayor foco en el cliente, y cerrando así la brecha que existía con los principales competidores en materia de calidad de servicio.', 'Gracias a estas y otras mejoras, las incidencias en todas las plataformas se han reducido en un 61% con respecto al año anterior.', 'Esta operación es positiva para los accionistas, ya que se estima que mejora el beneficio por acción (BPA) desde 2016.']","La fase de grupos de la temporada 2016-17 promedió un 28,0 % y 5.080.000 espectadores","La fase de grupos de la temporada 2016-17 promedió un 28,0 % y 5.080.000 espectadores",1.0,0.6666666666666666,1.0
¿Qué consecuencias tuvo la mejora de la situación macroeconómica del país?,"['Su reutilización no es posible pero sí su reciclaje, por lo que el 97% son reciclados por empresas especializadas.', 'Esta decisión se adoptó en línea con las recomendaciones de gobierno corporativo en materia de rotación del auditor externo, a propuesta de la comisión de auditoría y como resultado de un concurso de selección desarrollado con plena transparencia.', 'Debt Valuation Adjustment (DVA): ajuste a la valoración similar al CVA, pero en este caso como consecuencia del riesgo propio del Grupo que asumen sus contrapartidas en los derivados OTC.', 'Ofrece a los usuarios una imagen tridimensional del objeto que se inspecciona, con lo que se ofrece una visión clara acerca del alcance y naturaleza de los posibles defectos.', 'Llevamos años siendo cada vez más y más eficientes, por eso también cada vez es más difícil mejorar.']",el 97% son reciclados por empresas especializadas,"Portugal también respondió bien el ejercicio pasado, el primero completo con nosotros, y tuvo incrementos notables en recursos minoristas e inversión crediticia",0.0,0.0,0.25
¿Por qué se afirma que el resultado obtenido ha sido positivo?,"['Estoy segura de que lo conseguiremos porque contamos con un equipo dispuesto a esforzarse al máximo para dar el mejor servicio a los clientes.', 'Nuevas reglas que aceptamos de buen grado pues son iguales para todos y Bankinter tiene plena capacidad para cumplir con ellas como el que más.', 'Como consecuencia de las conclusiones que ofreció este informe, se han identificado los puntos significativos y las mejoras que deben abordarse en los próximos años.', 'Gracias a nuestra visión estratégica y a un importante rigor en la gestión, acompañada por unos sólidos valores, aquilatados por el fuerte componente familiar, hemos superado con éxito una compleja etapa en la que hemos logrado alcanzar la mayor parte de los objetivos propuestos, afrontando el futuro con solvencia y optimismo.', 'Una de las grandes ventajas de este sistema es su transparencia, ya que estas ideas son visibles de forma inmediata para toda la plantilla de modo que pueden ser votadas o enriquecidas con opiniones o aportaciones complementarias.']",se han identificado los puntos significativos y las mejoras que deben abordarse en los próximos años,que la mejora en los sistemas de gestión ha repercutido en las condiciones laborales de sus trabajadores.,0.0,0.5,1.0
¿Qué genera esta esta vocación de excelencia?,"['Su reutilización no es posible pero sí su reciclaje, por lo que el 97% son reciclados por empresas especializadas.', 'Esta decisión se adoptó en línea con las recomendaciones de gobierno corporativo en materia de rotación del auditor externo, a propuesta de la comisión de auditoría y como resultado de un concurso de selección desarrollado con plena transparencia.', 'Debt Valuation Adjustment (DVA): ajuste a la valoración similar al CVA, pero en este caso como consecuencia del riesgo propio del Grupo que asumen sus contrapartidas en los derivados OTC.', 'Ofrece a los usuarios una imagen tridimensional del objeto que se inspecciona, con lo que se ofrece una visión clara acerca del alcance y naturaleza de los posibles defectos.', 'Llevamos años siendo cada vez más y más eficientes, por eso también cada vez es más difícil mejorar.']",también cada vez es más difícil mejorar,"la compañía mantiene certificaciones en los campos de gestión de calidad, gestión ambiental y seguridad y salud",0.25,0.5,0.5
¿Por qué no produce impactos en la biodiversidad?,"['Señale si existen colaboraciones con terceros para proteger o restaurar áreas de hábitat distintas de aquellas en las que la organización ha supervisado o ejecutado medidas de restauración protección y el estado final. Atresmedia desarrolla su actividad en zonas urbanas que no afectan a espacios naturales por lo que no produce impactos en la biodiversidad', 'El impacto no fue duradero, ya que en los meses siguientes se redujo la volatilidad, la renta variable se recuperó y bajó la aversión al riesgo.', 'Se han reducido los índices de frecuencia y gravedad, como consecuencia de la disminución de los accidentes sin baja y no se han registrado accidentes graves, muy graves O mortales, ni enfermedades profesionales.', 'Un crecimiento que hemos alcanzado sin realizar ampliaciones de capital y gracias a una política prudente de distribución del dividendo.', 'Gracias a estas reformas y a la plataforma EcoTool, se ha conseguido evitar la emisión a la atmósfera de un total de 9.816 toneladas de CO2.']",Atresmedia desarrolla su actividad en zonas urbanas que no afectan a espacios naturales,Atresmedia desarrolla su actividad en zonas urbanas que no afectan a espacios naturales,1.0,0.5,1.0
¿Qué ha permitido un importante crecimiento durante los últimos años? ,"['Su reutilización no es posible pero sí su reciclaje, por lo que el 97% son reciclados por empresas especializadas.', 'Esta decisión se adoptó en línea con las recomendaciones de gobierno corporativo en materia de rotación del auditor externo, a propuesta de la comisión de auditoría y como resultado de un concurso de selección desarrollado con plena transparencia.', 'La baja contable de los activos de un plan puede producirse cuando estos activos son mayores que la obligación proyectada y el Grupo no puede recuperar ningún superávit a través de reembolsos del instrumento en que está materializado el compromiso de prestación definida como consecuencia de requisitos de solvencia y/o control.', 'Debt Valuation Adjustment (DVA): ajuste a la valoración similar al CVA, pero en este caso como consecuencia del riesgo propio del Grupo que asumen sus contrapartidas en los derivados OTC.', 'También podrá proponerse la separación de consejeros independientes como consecuencia de ofertas públicas de adquisición, fusiones u otras operaciones corporativas similares que supongan un cambio en la estructura de capital de la sociedad, cuando tales cambios en la estructura del consejo de administración vengan propiciados por el criterio de proporcionalidad señalado en la recomendación 16.']","Su reutilización no es posible pero sí su reciclaje, por lo que el 97% son reciclados por empresas especializadas","la apuesta realizada por modernizar sus instalaciones, métodos y procesos productivos",0.0,0.6666666666666666,0.0
¿Por qué el propano canalizado será conectado a la red de distribución de gas natural?,"['El 30 de septiembre de 2015 se firmó un acuerdo con Repsol Butano para la compra de activos de propano canalizado, en virtud del cual Gas Natural Distribución adquirirá alrededor de 250.000 puntos de suministro que se encuentran en el área de influencia de sus zonas de distribución actuales, lo que permitirá que sean conectados a la red de distribución de gas natural.', 'Se reconoce como coste del sistema el desvío correspondiente a la retribución del gas natural destinado al mercado a tarifa procedente del contrato de Argelia y suministrado a través del gasoducto del Magreb, como consecuencia del Laudo dictado por la Corte Internacional de Arbitraje de París el día 9 de agosto de 2010.', 'Gas Natural Fenosa promueve la conciliación de la vida profesional y personal gracias al importante conjunto de medidas de flexibilización laboral, servicios y beneficios adaptados a las necesidades de los empleados.', 'En la web de Iberdrola se da acceso público a la información completa, acompañada de videos divulgativos. La electrificación de la economía es el camino para lograr su descarbonización. El sector eléctrico es el que mejor puede incorporar renovables, por ello es el que más esfuerzo ha realizado tanto en el desarrollo de las mismas, como por cumplir los objetivos de reducción de emisiones. El coste de penetración de renovables y de emisiones ha de ser soportado entre la electricidad, el gas, gasolinas y gasóleos, bajo el principio de ""quien contamina paga"".', 'Inspección de oleoductos pertenecientes a la red de infraestructura energética de EE.UU. gracias a la Tecnología Ultrasónica Avanzada Rotoscan de Applus+ RTD. Completando 885 kilómetros de tuberías en el marco de diversos proyectos con la tecnología Rayscan en EE.UU.']","El 30 de septiembre de 2015 se firmó un acuerdo con Repsol Butano para la compra de activos de propano canalizado, en virtud del cual Gas Natural Distribución adquirirá alrededor de 250.000 puntos de suministro que se encuentran en el área de influencia de sus zonas de distribución actuales, lo que permitirá que sean conectados a la red de distribución de gas natural","El 30 de septiembre de 2015 se firmó un acuerdo con Repsol Butano para la compra de activos de propano canalizado, en virtud del cual Gas Natural Distribución adquirirá alrededor de 250.000 puntos de suministro que se encuentran en el área de influencia de sus zonas de distribución actuales",1.0,0.8333333333333334,1.0
¿En qué repercutirá que los nuevos requisitos de contabilidad de coberturas se acerquen más a las políticas de gestión de riesgo de la entidad?,"['Su reutilización no es posible pero sí su reciclaje, por lo que el 97% son reciclados por empresas especializadas.', 'Esta decisión se adoptó en línea con las recomendaciones de gobierno corporativo en materia de rotación del auditor externo, a propuesta de la comisión de auditoría y como resultado de un concurso de selección desarrollado con plena transparencia.', 'Debt Valuation Adjustment (DVA): ajuste a la valoración similar al CVA, pero en este caso como consecuencia del riesgo propio del Grupo que asumen sus contrapartidas en los derivados OTC.', 'Ofrece a los usuarios una imagen tridimensional del objeto que se inspecciona, con lo que se ofrece una visión clara acerca del alcance y naturaleza de los posibles defectos.', 'Llevamos años siendo cada vez más y más eficientes, por eso también cada vez es más difícil mejorar.']",consecuencia del riesgo propio del Grupo que asumen sus contrapartidas en los derivados OTC,una evaluación preliminar de las actuales relaciones de cobertura del Grupo indica que éstas cumplirán con las condiciones para su continuidad como relaciones de cobertura con la aplicación de NIIF,0.25,0.5,0.0
¿Qué supone que nuestra estrategia de diversidad sea el resultado de adaptar nuestro negocio al entorno?,"['Así, nuestra estrategia de diversidad viene definida como el resultado inevitable y natural de adaptar nuestro negocio al entorno en el que operamos y, en consecuencia, entenderla como parte de nuestra realidad empresarial.', 'Y también han de ser flexibles, porque la gestión de riesgos tiene que adaptarse rápidamente a nuevos entornos y escenarios imprevistos.', 'La diversidad y la inclusión es para Acerinox un objetivo estratégico porque de lo que se trata es de atraer y retener el talento que se necesita para el éxito, proporcionando los mejores servicios a nuestros clientes en todo el mundo.', 'Operamos en una industria global y altamente competitiva por lo que no sólo debemos adaptarnos de forma continuada a los requisitos de nuestros clientes sino que consideramos el desarrollo conjunto una oportunidad de ventaja competitiva.', 'En un entorno de crecimiento económico tanto a nivel nacional como global – el PIB de España repuntó un 3,1% en 2017 en tasa interanual y el de la economía mundial un 3,7%- hemos sabido avanzar de forma firme pero no podemos olvidar que las incertidumbres del entorno pueden afectar a cualquier compañía de dimensión internacional y por ello, es importante contar con una relativa diversificación de la actividad.']",entenderla como parte de nuestra realidad empresarial,entenderla como parte de nuestra realidad empresarial,1.0,1.0,1.0
¿En qué han desembocado las conclusiones de este informe?,"['Su reutilización no es posible pero sí su reciclaje, por lo que el 97% son reciclados por empresas especializadas.', 'Esta decisión se adoptó en línea con las recomendaciones de gobierno corporativo en materia de rotación del auditor externo, a propuesta de la comisión de auditoría y como resultado de un concurso de selección desarrollado con plena transparencia.', 'Debt Valuation Adjustment (DVA): ajuste a la valoración similar al CVA, pero en este caso como consecuencia del riesgo propio del Grupo que asumen sus contrapartidas en los derivados OTC.', 'Ofrece a los usuarios una imagen tridimensional del objeto que se inspecciona, con lo que se ofrece una visión clara acerca del alcance y naturaleza de los posibles defectos.', 'Llevamos años siendo cada vez más y más eficientes, por eso también cada vez es más difícil mejorar.']",el 97% son reciclados por empresas especializadas,se han identificado los puntos significativos y las mejoras que deben abordarse en los próximos años,0.0,1.0,0.25
¿Qué le ha llevado a ser una incondicional de la unidad europea?,"['Su reutilización no es posible pero sí su reciclaje, por lo que el 97% son reciclados por empresas especializadas.', 'Esta decisión se adoptó en línea con las recomendaciones de gobierno corporativo en materia de rotación del auditor externo, a propuesta de la comisión de auditoría y como resultado de un concurso de selección desarrollado con plena transparencia.', 'La baja contable de los activos de un plan puede producirse cuando estos activos son mayores que la obligación proyectada y el Grupo no puede recuperar ningún superávit a través de reembolsos del instrumento en que está materializado el compromiso de prestación definida como consecuencia de requisitos de solvencia y/o control.', 'Debt Valuation Adjustment (DVA): ajuste a la valoración similar al CVA, pero en este caso como consecuencia del riesgo propio del Grupo que asumen sus contrapartidas en los derivados OTC.', 'También podrá proponerse la separación de consejeros independientes como consecuencia de ofertas públicas de adquisición, fusiones u otras operaciones corporativas similares que supongan un cambio en la estructura de capital de la sociedad, cuando tales cambios en la estructura del consejo de administración vengan propiciados por el criterio de proporcionalidad señalado en la recomendación 16.']","su reutilización no es posible pero sí su reciclaje, por lo que el 97% son reciclados por empresas especializadas",creo que unidos podemos hacer muchísimo más que separados,0.0,1.0,0.0
¿Por qué los planes de pensiones son una herramienta fundamental para fomentar la cultura del ahorro?,"['Los planes de pensiones son una herramienta fundamental para fomentar la cultura del ahorro, pues ayudan a que los trabajadores afronten su jubilación en mejores condiciones económicas, especialmente ahora que la presión demográfica amenaza la sostenibilidad del sistema público, al menos tal y como lo conocemos.', 'La capacidad de maximizar la utilización de nuestros activos durante su vida  útil es un factor importante dado que nuestra actividad requiere de importantes  inversiones.', 'Los estímulos gubernamentales parecen estar fomentando el crecimiento por medio tanto del consumo privado, que está redundando en una mejora de la confianza de los consumidores, como de la inversión, la cual está aumentando gracias a las facilidades de acceso al crédito impulsadas por el Fondo de Garantía del Crédito (CGF, por su siglas en inglés).', 'En paralelo, continúa el crecimiento de los depósitos en los mercados maduros aunque a menor ritmo, como consecuencia de un mayor foco en la reducción del coste del pasivo, como principal palanca para recuperar margen de intereses en entornos de tipos de interés en mínimos.', 'Capacitación financiera gracias a las tecnologías digitales']","ayudan a que los trabajadores afronten su jubilación en mejores condiciones económicas, especialmente ahora que la presión demográfica amenaza la sostenibilidad del sistema público, al menos tal y como lo conocemos","ayudan a que los trabajadores afronten su jubilación en mejores condiciones económicas, especialmente ahora que la presión demográfica amenaza la sostenibilidad del sistema público, al menos tal y como lo conocemos",1.0,1.0,1.0
¿Qué permite a Telefónica ser incluida en el índice global Bloomberg de igualdad de género?,"['2018: Telefónica es incluida en el índice global Bloomberg de igualdad de género, gracias a sus políticas de trabajo flexible, sus programas de desarrollo de mujeres y de sensibilización a la alta dirección, junto con otras cuatro telcos del mundo.', 'Telefónica Colombia (Variaciones interanuales en términos orgánicos) En el año 2014, Telefónica Colombia muestra unos sólidos resultados tanto en términos operativos (crecimiento de accesos en todos los servicios), como en términos financieros (sostenido incremento interanual de los ingresos y de doble dígito en OIBDA gracias a las eficiencias logradas).', 'La apuesta por la Igualdad, diversidad y conciliación Atresmedia cuenta con un Plan de Igualdad firmado en 2014, centrado en los siguientes objetivos: Garantizar la igualdad de trato y oportunidades. Mejorar la conciliación laboral y familiar. Prevenir el acoso laboral. Proteger la maternidad Las medidas de fomento de la igualdad contempladas en el Plan se han visto acrecentadas en 2017 gracias a la firma del nuevo Convenio Colectivo.', 'Esta unidad, lanzada en 2016, cuenta en la actualidad con más de más de 150 proyectos en 8 países diferentes en materias como transporte, comercio, turismo, finanzas o publicidad. LUCA juega un papel clave en el posicionamiento de Telefónica como uno de los líderes en el mercado de Big Data debido a nuestra oferta multisectorial.', 'En 2017, y gracias a la incorporación de nuevas herramientas de difusión y acceso a la información, se ha podido hacer llegar a todos los empleados en España el contenido de estos Planes de Igualdad, disponibles a través de los diferentes canales de comunicación del Grupo y de manera especial en INet, la intranet de Inditex.']","sus políticas de trabajo flexible, sus programas de desarrollo de mujeres y de sensibilización a la alta dirección, junto con otras cuatro telcos del mundo","sus políticas de trabajo flexible, sus programas de desarrollo de mujeres y de sensibilización a la alta dirección, junto con otras cuatro telcos del mundo",1.0,1.0,1.0
¿Qué se ha conseguido con la colaboración con Inditex?,"['Como resultado de la integración de todos nuestros canales de venta, en Inditex hemos trabajado en desarrollos tecnológicos que permitan aportar nuevas posibilidades a las necesidades de nuestros clientes.', 'Gracias a la colaboración con Inditex, en 2017 se han consolidado 32 proyectos de economía social, 1.139 personas han mejorado su empleabilidad, 849 de ellas han recibido formación y 460 además han encontrado un empleo.', 'Gracias a la contribución de todos nuestros empleados, Inditex ha logrado unos resultados especialmente positivos en los ejercicios 2015 y 2016, que han permitido repartir más de 79 millones de euros entre más de 84.000 personas en 50 países.', 'Gracias a la colaboración con Inditex, entre octubre de 2016 -fecha de incorporación del equipo técnico al proyecto- y enero de 2017 se ha trabajado con 460 personas, de las que 388 han recibido orientación laboral y una asignación de recursos ajustados a su perfil profesional.', 'En 2017, y gracias a la incorporación de nuevas herramientas de difusión y acceso a la información, se ha podido hacer llegar a todos los empleados en España el contenido de estos Planes de Igualdad, disponibles a través de los diferentes canales de comunicación del Grupo y de manera especial en INet, la intranet de Inditex.']","entre octubre de 2016 -fecha de incorporación del equipo técnico al proyecto- y enero de 2017 se ha trabajado con 460 personas, de las que 388 han recibido orientación laboral y una asignación de recursos ajustados a su perfil profesional","en 2017 se han consolidado 32 proyectos de economía social, 1.139 personas han mejorado su empleabilidad, 849 de ellas han recibido formación y 460 además han encontrado un empleo",0.0,,1.0
¿Por qué la operación supone ampliar la presencia internacional de Prosegur?,"['SBV Services es la compañía líder en logística de valores. Una posición que se ha ganado tras más de 30 años de bagaje en el mercado sudafricano. Además, cuenta con presencia en Nigeria, Namibia y Lesoto, por lo que la operación supone ampliar la presencia internacional de Prosegur a 21 países. Este hecho supone un aspecto clave para facilitar la consolidación y expansión de Prosegur en el continente.', '• Construir un Prosegur más ágil, rápido, consistente y homogéneo, gracias a la simplificación de procesos y estructuras que redunden en una mejor toma de decisiones', 'Esta operación es positiva para los accionistas, ya que se estima que mejora el beneficio por acción (BPA) desde 2016.', '• Direcciones de negocio: con el nuevo modelo, las tres líneas de negocio de Prosegur (Soluciones Integrales de Seguridad, Logística de Valores y Gestión de Efectivo, y Alarmas) se erigen como los principales ejes estructurales de la organización global. Dentro de cada una de las tres direcciones de negocio se han establecido las divisiones geográficas de Iberoamérica (LATAM) y Resto del Mundo (ROW). A su vez, la región de Asia-Pacífico mantiene cierta autonomía debido a las particularidades que presentan estos mercados.', 'Portis ha consolidado su presencia en la península, especialmente en el noroeste a través de la recientemente adquirida Enor, gracias a su estrategia de expansión basada en una oferta completa de mantenimiento y especial atención al servicio al cliente.']","cuenta con presencia en Nigeria, Namibia y Lesoto",SBV Services es la compañía líder en logística de valores. Una posición que se ha ganado tras más de 30 años de bagaje en el mercado sudafricano,0.25,0.6666666666666666,1.0
¿Por qué proveedores de equipos y componentes como Gestamp resultan clave para el sector?,"['Los proveedores de equipos y componentes, como Gestamp, son un elemento clave del sector ya que sus piezas suponen el 70-75% del total del vehículo. La tendencia hace prever que el porcentaje aumente en el futuro.', 'En el sector de la automoción, es fundamental el correcto funcionamiento y desempeño de todos los eslabones de la cadena de producción por lo que no sólo la calidad de los componentes, sino también una disponibilidad adecuada de los mismos, es determinante para asegurar el correcto funcionamiento de la cadena de montaje de los fabricantes de automóviles.', 'Gracias a la introducción de tecnologías innovadoras y el desarrollo de nuevas soluciones y procesos de negocio, buscamos convertirnos en un Grupo más efectivo, eficiente y orientado al cliente.', 'importante, a la generación de riqueza y empleo, no solo de forma directa, sino concepto de impuestos. también a través de los flujos económicos indirectos e inducidos que se producen como consecuencia de la actividad de Gestamp.', 'Operamos en una industria global y altamente competitiva por lo que no sólo debemos adaptarnos de forma continuada a los requisitos de nuestros clientes sino que consideramos el I+D una oportunidad de ventaja competitiva.']",sus piezas suponen el 70-75% del total del vehículo. La tendencia hace prever que el porcentaje aumente en el futuro,sus piezas suponen el 70-75% del total del vehículo,0.75,1.0,1.0
¿Qué causó el descenso del 5% en el total del alcance 1 y 2 de las emisiones de la entidad?,"['El total del alcance 1 y 2, foco principal de las emisiones de la entidad al representar el 63,4% de su huella total, han experimentado un descenso del 5% gracias a las diferentes medidas de eficiencia energética que se han ido implantando durante los últimos años, como el cambio de luminarias a sistema LED, las mejoras en domótica y climatización, y la renovación de equipamientos por otros más ecoeficientes, entre otras.', 'El total del alcance 1 y 2, foco principal de las emisiones de la entidad y que representan el 64% de su huella total, han experimentado un descenso del 1% gracias a las diferentes medidas de eficiencia energética que se han ido implantando durante 2014, como el cambio de luminarias a LED, las mejoras en domótica y climatización y la renovación del parque de equipos informáticos más ecoeficientes, entre otras.', 'Como consecuencia de los compromisos adquiridos en el Plan de Recapitalización, la actividad de la entidad en los mercados financieros se mantuvo reducida.', 'En 2015, a pesar de avanzar en la certificación de nuevos sistemas de gestión ambiental conforme a ISO 14001 y a los requisitos internos, se ha registrado una disminución del porcentaje de ebitda certificado, como consecuencia de la incorporación de nuevas actividades en Chile donde se está trabajando en adaptarlas a los referenciales internacionales y a los requerimientos internos en materia de gestión ambiental. En materia de cambio climático este año se ha mantenido el avance de los diferentes proyectos encaminados a la determinación de nuestra huella de carbono e identificación de los riesgos y oportunidades derivados del cambio climático.', 'Estas ventas han supuesto un ingreso de 2.885 millones de euros en el ejercicio 2015, un 5,3% menor al del ejercicio 2014 ya que la caída en las ventas físicas como consecuencia de la reducción en el número de clientes a precio regulado (–9,5%) y el incremento del coste de la energía no se ha visto compensada por el incremento del precio medio de venta.']","las diferentes medidas de eficiencia energética que se han ido implantando durante los últimos años, como el cambio de luminarias a sistema LED, las mejoras en domótica y climatización, y la renovación de equipamientos por otros más ecoeficientes, entre otras","las diferentes medidas de eficiencia energética que se han ido implantando durante los últimos años, como el cambio de luminarias a sistema LED, las mejoras en domótica y climatización, y la renovación de equipamientos por otros más ecoeficientes, entre otras",1.0,0.8333333333333334,1.0
¿En qué han desembocado estas reformas y la plataforma EcoTool?,"['Su reutilización no es posible pero sí su reciclaje, por lo que el 97% son reciclados por empresas especializadas.', 'Esta decisión se adoptó en línea con las recomendaciones de gobierno corporativo en materia de rotación del auditor externo, a propuesta de la comisión de auditoría y como resultado de un concurso de selección desarrollado con plena transparencia.', 'La baja contable de los activos de un plan puede producirse cuando estos activos son mayores que la obligación proyectada y el Grupo no puede recuperar ningún superávit a través de reembolsos del instrumento en que está materializado el compromiso de prestación definida como consecuencia de requisitos de solvencia y/o control.', 'Debt Valuation Adjustment (DVA): ajuste a la valoración similar al CVA, pero en este caso como consecuencia del riesgo propio del Grupo que asumen sus contrapartidas en los derivados OTC.', 'También podrá proponerse la separación de consejeros independientes como consecuencia de ofertas públicas de adquisición, fusiones u otras operaciones corporativas similares que supongan un cambio en la estructura de capital de la sociedad, cuando tales cambios en la estructura del consejo de administración vengan propiciados por el criterio de proporcionalidad señalado en la recomendación 16.']",el 97% son reciclados por empresas especializadas,se ha conseguido evitar la emisión a la atmósfera de un total de 9.816 toneladas de CO2,0.0,1.0,0.25
¿A qué se debe el discreto resultado de México?,"['Al margen de nuestra apuesta por Asia, seguimos focalizando nuestra inversión en otros mercados con fuerte potencial de crecimiento, como es el caso de México. En 2014, hemos desarrollado cuatro nuevos greenfields que revertirán en nuevos incrementos de los márgenes a futuro gracias al fuerte dinamismo de la demanda doméstica y al tirón de las exportaciones a Estados Unidos. Hoy, el mercado de NAFTA, supera ya el 20% de nuestras ventas.', 'El beneficio de la región refleja el discreto resultado de México debido al elevado ratio combinado de autos y al impacto de los eventos catastróficos en el negocio de GLOBAL RISKS.', 'En cuanto a los equipos navales, gracias a la colaboración entre distintas empresas Otis a nivel mundial se consiguieron importantes contrataciones en 2014, destacando el contrato de instalación de dos floteles que la petrolera mexicana Pemex construirá en los dos astilleros de Galicia: Barreras en Vigo y Navantia en Ferrol.', 'La cosecha 16/17 ha sido excelente con un incremento del 22% en la superficie cultivada debido a la combinación de condiciones favorables (climáticas, fin de restricciones de agua en Texas, falta de alternativas más rentables) que deja la segunda mayor producción de la historia.', 'La diversidad y la inclusión es para Acerinox un objetivo estratégico porque de lo que se trata es de atraer y retener el talento que se necesita para el éxito, proporcionando los mejores servicios a nuestros clientes en todo el mundo.']",al elevado ratio combinado de autos y al impacto de los eventos catastróficos en el negocio de GLOBAL RISKS,al elevado ratio combinado de autos y al impacto de los eventos catastróficos en el negocio de GLOBAL RISKS,1.0,0.6666666666666666,1.0
¿Cuál ha sido la consecuencia de las medidas adoptadas por el Estado sobre la contención del gasto?,"['Su reutilización no es posible pero sí su reciclaje, por lo que el 97% son reciclados por empresas especializadas.', 'Esta decisión se adoptó en línea con las recomendaciones de gobierno corporativo en materia de rotación del auditor externo, a propuesta de la comisión de auditoría y como resultado de un concurso de selección desarrollado con plena transparencia.', 'La baja contable de los activos de un plan puede producirse cuando estos activos son mayores que la obligación proyectada y el Grupo no puede recuperar ningún superávit a través de reembolsos del instrumento en que está materializado el compromiso de prestación definida como consecuencia de requisitos de solvencia y/o control.', 'Debt Valuation Adjustment (DVA): ajuste a la valoración similar al CVA, pero en este caso como consecuencia del riesgo propio del Grupo que asumen sus contrapartidas en los derivados OTC.', 'También podrá proponerse la separación de consejeros independientes como consecuencia de ofertas públicas de adquisición, fusiones u otras operaciones corporativas similares que supongan un cambio en la estructura de capital de la sociedad, cuando tales cambios en la estructura del consejo de administración vengan propiciados por el criterio de proporcionalidad señalado en la recomendación 16.']",el 97% son reciclados por empresas especializadas,la buena situación económica a la que han llegado la mayoría de los ayuntamientos ,0.0,1.0,0.0
"¿Qué consecuencia produce la política del Grupo para operaciones de financiación de circulante de acudir a endeudamiento con terceros a través de recursos ajenos a corto plazo y referenciados a índices variables de mercado, normalmente Euribor?","['Es política del Grupo para operaciones de financiación de circulante, acudir a endeudamiento con terceros a través de recursos ajenos a corto plazo y referenciados a índices variables de mercado, normalmente Euribor, con lo que se mitiga sustancialmente este riesgo de tipo de interés.', 'La entidad mantiene políticas de cobertura con el objetivo prioritario de minimizar el impacto negativo debido a movimientos adversos de los mercados de los cambios de divisas sobre las ratios de capital, así como sobre los resultados generados en su negocio en divisa. Las operaciones de cobertura cubren el riesgo de cambio de las inversiones realizadas en las sociedades del grupo radicadas en países cuya moneda funcional no es el euro (véase nota 4.4.3.1 apartado Riesgo estructural de tipo de cambio).', 'Asimismo, y tal y como se describe en la nota 31.2.o, el Grupo aplica la contabilidad de coberturas al objeto de mitigar la volatilidad que se produciría en la cuenta de pérdidas y ganancias consolidada como consecuencia de la existencia de transacciones relevantes en moneda extranjera.', '• Mercados/Geografía (doméstico, extranjero): La Sociedad opera básicamente en el mercado nacional, por lo que la deuda está concentrada principalmente en euros.', 'Esta nota presenta información sobre la exposición del Grupo a cada uno de los riesgos mencionados anteriormente, los objetivos, políticas y procesos definidos por el Grupo para gestionar el riesgo, así como los métodos utilizados para medir dichos riesgos, los Debido a la presencia del Grupo en diversos países, a la consiguiente variedad de legislaciones que rigen los contratos de alquiler, a la distinta naturaleza y posición económica de los propietarios entre otros factores, existe una gran variedad de cláusulas que regulan el funcionamiento de los contratos de alquiler.']",se mitiga sustancialmente este riesgo de tipo de interés,se mitiga sustancialmente este riesgo de tipo de interés,1.0,1.0,1.0
¿Cuál es la razón de que su retorno más inmediato se produzca hacia los 37 millones de clientes que confían en ellos?,"['En este sentido, me gustaría enfatizar que nuestro retorno más inmediato se produce hacia los 37 millones de clientes que confían en nosotros, porque una aseguradora más eficaz siempre ofrece mejores productos y servicios.', 'En 2016, 4 millones de nuevos clientes han confiado en nosotros, con lo que la cifra total de clientes del Banco es ya de 125 millones.', 'Con el objetivo de establecer y avanzar aún más en la creación de vínculos con sus consumidores, Grupo DIA mantiene desde hace 18 años una herramienta de fidelización que le permite conocer las necesidades, gustos y preferencias de sus clientes y, en consecuencia, organizar ofertas personalizadas y adaptadas a sus perfiles. El Club DIA es una herramienta al servicio del concepto de proximidad de la compañía y de la que se benefician más de 37 millones de clientes en todos los países en los que opera.', 'Gracias a esta intervención, se ha atendido a cerca de 70.000 personas en consultas externas y de salud mental.', 'Los clientes digitales aumentaron en el año 2017 un 10%, hasta los 4,4 millones de clientes, como resultado de nuestro firme compromiso con la transformación digital.']",una aseguradora más eficaz siempre ofrece mejores productos y servicios,una aseguradora más eficaz siempre ofrece mejores productos y servicio,0.75,1.0,1.0
¿Qué consecuencia ha tenido la separación del ámbito local de España del nivel corporativo?,"['Su reutilización no es posible pero sí su reciclaje, por lo que el 97% son reciclados por empresas especializadas.', 'Esta decisión se adoptó en línea con las recomendaciones de gobierno corporativo en materia de rotación del auditor externo, a propuesta de la comisión de auditoría y como resultado de un concurso de selección desarrollado con plena transparencia.', 'La baja contable de los activos de un plan puede producirse cuando estos activos son mayores que la obligación proyectada y el Grupo no puede recuperar ningún superávit a través de reembolsos del instrumento en que está materializado el compromiso de prestación definida como consecuencia de requisitos de solvencia y/o control.', 'Debt Valuation Adjustment (DVA): ajuste a la valoración similar al CVA, pero en este caso como consecuencia del riesgo propio del Grupo que asumen sus contrapartidas en los derivados OTC.', 'También podrá proponerse la separación de consejeros independientes como consecuencia de ofertas públicas de adquisición, fusiones u otras operaciones corporativas similares que supongan un cambio en la estructura de capital de la sociedad, cuando tales cambios en la estructura del consejo de administración vengan propiciados por el criterio de proporcionalidad señalado en la recomendación 16.']",el 97% son reciclados por empresas especializadas,"se ha creado en 2014 un CAR local España (anteriormente integrado en el CAR corporativo), diferenciado del CAR corporativo, que asume las funciones de un órgano de control interno PBC/ FT con competencias a nivel local",0.0,0.0,0.0
¿Qué implicaciones tiene que el Consejo de Administración es el órgano responsable del establecimiento de las directrices generales sobre la distribución organizativa de las funciones de gestión y control de riesgos así como de determinar las principales líneas estratégicas al respecto?,"['El Consejo de Administración es el órgano responsable del establecimiento de las directrices generales sobre la distribución organizativa de las funciones de gestión y control de riesgos así como de determinar las principales líneas estratégicas al respecto. Por ello, es el órgano responsable de aprobar el marco estratégico de riesgos (desarrollado en colaboración entre el consejero delegado, director de riesgos y director financiero) y de asegurar que éste es consistente con los objetivos estratégicos de la entidad a corto y largo plazo, así como con el plan de negocio, la planificación de capital, la capacidad de riesgo y los programas de compensación.', 'En los últimos ejercicios el Grupo ha desarrollado e implantado las mejoras estructurales y operativas necesarias para reforzar y consolidar la visión integral de los riesgos, basada en información completa, precisa y recurrente, permitiéndole a la alta dirección valorar y decidir en consecuencia.', 'Esta cultura de riesgos se define a través de cinco principios que han de formar parte de la gestión del día a día de todos los empleados del Grupo: Responsabilidad, porque todas las unidades y empleados (con independencia de la función que desempeñen) deben conocer y entender los riesgos en que incurren en su actividad diaria y ser responsables de su identificación, valoración, gestión y reporte', 'En el ámbito local, las direcciones de riesgos locales deberán contar con la estructura y los medios necesarios para llevar a cabo su actividad según se ha descrito anteriormente, ya que son las encargadas de la ejecución de los distintos controles establecidos, asumiendo la responsabilidad de informar de los resultados de los mismos tanto a sus interlocutores a nivel local (negocio, supervisión de riesgos, reguladores y supervisores, etc), como a sus interlocutores a nivel corporativo.', 'El riesgo operacional es inherente a todos los productos, actividades, procesos y sistemas, y se genera en todas las áreas de negocio y de soporte, siendo por esta razón, responsabilidad de todos los empleados la gestión y control de los riesgos generados en su ámbito de actuación.']","es el órgano responsable de aprobar el marco estratégico de riesgos (desarrollado en colaboración entre el consejero delegado, director de riesgos y director financiero) y de asegurar que éste es consistente con los objetivos estratégicos de la entidad a corto y largo plazo, así como con el plan de negocio, la planificación de capital, la capacidad de riesgo y los programas de compensación","es el órgano responsable de aprobar el marco estratégico de riesgos (desarrollado en colaboración entre el consejero delegado, director de riesgos y director financiero) y de asegurar que éste es consistente con los objetivos estratégicos de la entidad a corto y largo plazo, así como con el plan de negocio, la planificación de capital, la capacidad de riesgo y los programas de compensación",1.0,0.7,1.0
"¿A qué se debe un Prosegur más ágil, rápido, consistente y homogéneo?","['Esta nueva revolución está creando también nuevos desafíos sociales y de sostenibilidad, por lo que debemos estar preparados para hacerles frente.', 'El número de consejeros independientes debe representar al menos un tercio del total, ya que hay un accionista que controla más del 30 % del capital social.', 'Y también han de ser flexibles, porque la gestión de riesgos tiene que adaptarse rápidamente a nuevos entornos y escenarios imprevistos.', 'Me resulta complicado abarcar en esta carta todos los aspectos de interés que pueden encontrar en el presente informe, por lo que les animo a leerlo con atención y detenimiento.', 'Como consecuencia de las conclusiones que ofreció este informe, se han identificado los puntos significativos y las mejoras que deben abordarse en los próximos años.']",a la gestión de riesgos tiene que adaptarse rápidamente a nuevos entornos y escenarios imprevistos,a la simplificación de procesos y estructuras que redunden en una mejor toma de decisiones,0.0,0.3333333333333333,0.5
¿Por qué se ha producido un ingreso menor en 2015?,"['Estas ventas han supuesto un ingreso de 2.885 millones de euros en el ejercicio 2015, un 5,3% menor al del ejercicio 2014 ya que la caída en las ventas físicas como consecuencia de la reducción en el número de clientes a precio regulado (–9,5%) y el incremento del coste de la energía no se ha visto compensada por el incremento del precio medio de venta.', 'Estas ventas han supuesto un ingreso de 2.412 millones de euros en el ejercicio 2016, un 16,4% inferior al del ejercicio 2015 como consecuencia de la caída en las unidades físicas vendidas y del menor precio medio de venta.', 'Este nivel es el inferior al del año pasado debido a la incorporación del perímetro de banca mayorista global.', 'En términos económicos, los ingresos por ventas de gas fueron de 2.378 millones de euros, 484 millones menores (–16,9%) a los del ejercicio 2014 como consecuencia de la disminución de las ventas físicas y del precio medio de venta.', 'A pesar de la disminución del tipo de gravamen teórico la tasa efectiva del ejercicio 2015 ha ascendido al 24,2%, frente a un 13,4% en ejercicio 2014, como consecuencia de que en el ejercicio 2014 se incluían como disminuciones no recurrentes del impuesto teórico básicamente la revaluación de los impuestos diferidos por la reforma tributaria en España y la aplicación de la deducción por reinversión de beneficios extraordinarios por la plusvalía de la enajenación de Gas Natural Fenosa Telecomunicaciones.']","la caída en las ventas físicas como consecuencia de la reducción en el número de clientes a precio regulado (–9,5%) y el incremento del coste de la energía no se ha visto compensada por el incremento del precio medio de venta"," la caída en las ventas físicas como consecuencia de la reducción en el número de clientes a precio regulado (–9,5%) y el incremento del coste de la energía no se ha visto compensada por el incremento del precio medio de venta",1.0,0.8,1.0
¿Qué consecuencias tuvo el lanzamiento de Liga de la Justicia?,"['Su reutilización no es posible pero sí su reciclaje, por lo que el 97% son reciclados por empresas especializadas.', 'Esta decisión se adoptó en línea con las recomendaciones de gobierno corporativo en materia de rotación del auditor externo, a propuesta de la comisión de auditoría y como resultado de un concurso de selección desarrollado con plena transparencia.', 'La baja contable de los activos de un plan puede producirse cuando estos activos son mayores que la obligación proyectada y el Grupo no puede recuperar ningún superávit a través de reembolsos del instrumento en que está materializado el compromiso de prestación definida como consecuencia de requisitos de solvencia y/o control.', 'Debt Valuation Adjustment (DVA): ajuste a la valoración similar al CVA, pero en este caso como consecuencia del riesgo propio del Grupo que asumen sus contrapartidas en los derivados OTC.', 'También podrá proponerse la separación de consejeros independientes como consecuencia de ofertas públicas de adquisición, fusiones u otras operaciones corporativas similares que supongan un cambio en la estructura de capital de la sociedad, cuando tales cambios en la estructura del consejo de administración vengan propiciados por el criterio de proporcionalidad señalado en la recomendación 16.']",el 97% son reciclados por empresas especializadas,"el 30 de octubre en horario de máxima audiencia, se emitió en Antena 3, Mega, Nova y Atreseries, un innovador formato de máxima notoriedad denominado superbloque",0.0,0.5,0.0
¿Cuál es la consecuencia de operar en una industria global y altamente competitiva? ,"['Su reutilización no es posible pero sí su reciclaje, por lo que el 97% son reciclados por empresas especializadas.', 'Esta decisión se adoptó en línea con las recomendaciones de gobierno corporativo en materia de rotación del auditor externo, a propuesta de la comisión de auditoría y como resultado de un concurso de selección desarrollado con plena transparencia.', 'La baja contable de los activos de un plan puede producirse cuando estos activos son mayores que la obligación proyectada y el Grupo no puede recuperar ningún superávit a través de reembolsos del instrumento en que está materializado el compromiso de prestación definida como consecuencia de requisitos de solvencia y/o control.', 'Debt Valuation Adjustment (DVA): ajuste a la valoración similar al CVA, pero en este caso como consecuencia del riesgo propio del Grupo que asumen sus contrapartidas en los derivados OTC.', 'También podrá proponerse la separación de consejeros independientes como consecuencia de ofertas públicas de adquisición, fusiones u otras operaciones corporativas similares que supongan un cambio en la estructura de capital de la sociedad, cuando tales cambios en la estructura del consejo de administración vengan propiciados por el criterio de proporcionalidad señalado en la recomendación 16.']",el 97% son reciclados por empresas especializadas,no sólo debemos adaptarnos de forma continuada a los requisitos de nuestros clientes sino que consideramos el desarrollo conjunto una oportunidad de ventaja competitiva,0.0,0.0,0.0
¿Qué consecuencia tuvieron las bajadas de rating de las compañías de oil & gas en Estados Unidos?,"['Su reutilización no es posible pero sí su reciclaje, por lo que el 97% son reciclados por empresas especializadas.', 'Esta decisión se adoptó en línea con las recomendaciones de gobierno corporativo en materia de rotación del auditor externo, a propuesta de la comisión de auditoría y como resultado de un concurso de selección desarrollado con plena transparencia.', 'Debt Valuation Adjustment (DVA): ajuste a la valoración similar al CVA, pero en este caso como consecuencia del riesgo propio del Grupo que asumen sus contrapartidas en los derivados OTC.', 'Ofrece a los usuarios una imagen tridimensional del objeto que se inspecciona, con lo que se ofrece una visión clara acerca del alcance y naturaleza de los posibles defectos.', 'Llevamos años siendo cada vez más y más eficientes, por eso también cada vez es más difícil mejorar.']",el 97% son reciclados por empresas especializadas,se registraron dotaciones a saneamientos ,0.0,0.3333333333333333,0.0
¿Qué ha originado el hecho de que la Compañía desempeñe un papel muy destacado?,"['Su reutilización no es posible pero sí su reciclaje, por lo que el 97% son reciclados por empresas especializadas.', 'Esta decisión se adoptó en línea con las recomendaciones de gobierno corporativo en materia de rotación del auditor externo, a propuesta de la comisión de auditoría y como resultado de un concurso de selección desarrollado con plena transparencia.', 'Debt Valuation Adjustment (DVA): ajuste a la valoración similar al CVA, pero en este caso como consecuencia del riesgo propio del Grupo que asumen sus contrapartidas en los derivados OTC.', 'Ofrece a los usuarios una imagen tridimensional del objeto que se inspecciona, con lo que se ofrece una visión clara acerca del alcance y naturaleza de los posibles defectos.', 'Llevamos años siendo cada vez más y más eficientes, por eso también cada vez es más difícil mejorar.']","Llevamos años siendo cada vez más y más eficientes, por lo que también cada vez es más difícil mejorar",ENDESA es consciente de que una presencia destacada en los principales índices de inversión socialmente responsable promueve la atracción de este tipo de inversores,0.0,0.5,0.25
¿A qué se debe que Aer Lingus lograra ahorrar en costes?,"['Aer Lingus logró sus ahorros de costes gracias a un crecimiento eficiente, a través de un aumento de la productividad y las iniciativas en materia de proveedores y propiedad impulsadas desde IAG. Dichas iniciativas se pusieron en marcha en áreas como el catering, la limpieza, el mantenimiento, el handling y las negociaciones de ampliación de los contratos de arrendamiento de aviones.', 'Nuestro objetivo es ser la aerolínea líder en precio y servicio a través del Atlántico Norte gracias a una red de corto radio rentable y sostenible. Nuestra estrategia tiene como pilares fundamentales una marca y un servicio sólidos y enfocados en el cliente, una red con atractivas conexiones y una base de costes competitiva y resiliente. Creemos que Aer Lingus está bien posicionada para seguir creciendo exitosamente aprovechando las ventajas de formar parte del Grupo IAG y para alcanzar nuestros objetivos.', 'Estricto control de costes, con una disminución del 0,6% gracias al plan de eficiencia y de productividad.', 'Por otro lado, los gastos financieros se han reducido significativamente como resultado de fructíferas negociaciones con los bancos que permitieron minorar el tipo de interés medio satisfecho por la Compañía, el cual se situó en 3,2% frente al 3,5% del año 2016, así como incrementar los plazos de vencimiento de los instrumentos de deuda con los que actualmente se financia.', 'Los costes se mantienen planos, dado que la mejora en la eficiencia absorbe las inversiones en el crecimiento del negocio, el coste de la reforma bancaria (que asciende a 85 millones de libras) y la mejora de los canales digitales.']","a un crecimiento eficiente, a través de un aumento de la productividad y las iniciativas en materia de proveedores y propiedad impulsadas desde IAG. Dichas iniciativas se pusieron en marcha en áreas como el catering, la limpieza, el mantenimiento, el handling y las negociaciones de ampliación de los contratos de arrendamiento de aviones","a un crecimiento eficiente, a través de un aumento de la productividad y las iniciativas en materia de proveedores y propiedad impulsadas desde IAG",0.75,1.0,1.0
"¿A qué se atribuye que Celinex haya llevado a cabo el estudio de impacto a partir de la evaluación de las alternativas posibles y los impactos potenciales que estos pudieran ocasionar, en base a criterios de impacto paisajístico?","['debido a que la substitución de la acometida al centro representaba una actividad de primera necesidad para poder seguir manteniendo tanto la emisión de señal de telefonía móvil como de televisión en la zona de tamariu y alrededores, y considerando la zona PEiN sobre la cual se ubicaba la planta, Cellnex llevó a cabo el estudio de impacto a partir de la evaluación de las alternativas posibles y los impactos potenciales que estos pudieran ocasionar, en base a criterios de impacto paisajístico.', 'El análisis de escenarios es una herramienta muy útil para la alta dirección ya que permite testar la resistencia del Banco ante entornos o escenarios estresados, así como poner en marcha conjuntos de medidas que disminuyan el perfil de riesgo del banco ante dichos escenarios.', 'El análisis de escenarios es una herramienta muy útil para la alta dirección ya que permite testar la resistencia del Banco ante entornos o escenarios estresados, así como poner en marcha conjuntos de medidas que disminuyan el perfil de riesgo del Banco ante dichos escenarios.', 'Somos conscientes del impacto de nuestra actividad en la sociedad y, por ello, buscamos procesos más eficientes e innovadores, apoyándonos en las nuevas tecnologías, que nos permitan contribuir de forma positiva a lograr un entorno más sostenible.', 'Además, se ha procedido a revisar el estado actual de las instalaciones obteniendo como resultado unas propuestas de mejora de ahorro y eficiencia energética.']","a que la substitución de la acometida al centro representaba una actividad de primera necesidad para poder seguir manteniendo tanto la emisión de señal de telefonía móvil como de televisión en la zona de tamariu y alrededores, y considerando la zona PEiN sobre la cual se ubicaba la planta, Cellnex llevó a cabo el estudio de impacto a partir de la evaluación de las alternativas posibles y los impactos potenciales que estos pudieran ocasionar, en base a criterios de impacto paisajístico","a que la substitución de la acometida al centro representaba una actividad de primera necesidad para poder seguir manteniendo tanto la emisión de señal de telefonía móvil como de televisión en la zona de tamariu y alrededores, y considerando la zona PEiN sobre la cual se ubicaba la planta",1.0,0.8571428571428571,1.0
"La morosidad y el coste de crédito permanecen en niveles moderados, ¿debido a qué?","['La morosidad y el coste de crédito permanecen en niveles moderados gracias a las políticas de admisión de nueva producción más estrictas en SC USA, y el buen comportamiento en las carteras de particulares y empresas en Santander Bank.', 'La morosidad y el coste de crédito permanecen en niveles estables gracias a la mejora de desempeño de las carteras de auto en SC USA, tras la implantación de la nueva política de riesgos que tuvo lugar en el primer trimestre, enfocada a mejorar el perfil de las nuevas operaciones, y tras los ajustes realizados en el sector de Oil&Gas, en línea con la industria, en Santander Bank.', 'La tasa de morosidad se ha reducido desde el 1,35% en 2016 al 1,13% a diciembre de 2017, gracias a un entorno macroeconómico más favorable y la aplicación de políticas prudentes.', 'El beneficio antes de impuestos en 2015 fue de 31 millones de euros, gracias a la muy escasa morosidad (un 1%, diez veces menos que el promedio del sector), un balance equilibrado y un nivel de gastos de estructura muy bajo.', 'El ARPU permanece relativamente estable en el ejercicio (-0,6%) gracias a la captación de clientes de valor, que permite compensar el fuerte impacto regulatorio.']","a las políticas de admisión de nueva producción más estrictas en SC USA, y el buen comportamiento en las carteras de particulares y empresas en Santander Bank","a las políticas de admisión de nueva producción más estrictas en SC USA, y el buen comportamiento en las carteras de particulares y empresas en Santander Bank",1.0,0.3333333333333333,1.0
"¿Qué permite a la compañía obtener, dentro de su política de gestión de personal, un alto nivel de conocimiento y contacto con la plantilla? ","['La política de gestión de personal llevada a cabo por la compañía permite obtener un alto nivel de conocimiento y contacto con la plantilla gracias a una estructura descentralizada que comprende responsables de Recursos Humanos en todas las sociedades más importantes del Grupo y la implementación de políticas propias para cada una de ellas que incluyen no solo políticas generales para regular la relación empresa/trabajador, sino también directivas específicas de Salud y Seguridad en el Trabajo, Formación y Educación, Diversidad e Igualdad de Oportunidades e Igual Remuneración entre Hombres y Mujeres. Por otro lado, aquellas filiales que disponen de una estructura de personal pequeña (eminentemente sociedades comerciales con menos de 10 empleados) se rigen eminentemente por la legislación laboral del país en el que desarrollan su actividad.', 'Esto redunda en una mejora de la autoestima, incrementando el orgullo de pertenencia a la empresa, y, por consiguiente, en la atracción y retención del talento.', 'También, en la relación con sus propietarios, la Compañía refleja sus valores corporativos ya que les ofrece un canal directo con la Compañía para la resolución de incidencias, ofrecer respuesta ágil a sus inquietudes y necesidades de información, con el objetivo de reforzar el vínculo y el orgullo de pertenencia, a través de la aportación de valor al negocio entendida en su más amplio sentido.', 'Este enfoque es importante, ya que nos permite contar con los conocimientos adecuados que faciliten unas conversaciones productivas con el equipo directivo. Si no entendemos su trabajo, no podemos analizar su labor ni ofrecer orientaciones útiles.', 'Una de las grandes ventajas de este sistema es su transparencia, ya que estas ideas son visibles de forma inmediata para toda la plantilla de modo que pueden ser votadas o enriquecidas con opiniones o aportaciones complementarias.']","una estructura descentralizada que comprende responsables de Recursos Humanos en todas las sociedades más importantes del Grupo y la implementación de políticas propias para cada una de ellas que incluyen no solo políticas generales para regular la relación empresa/trabajador, sino también directivas específicas de Salud y Seguridad en el Trabajo, Formación y Educación, Diversidad e Igualdad de Oportunidades e Igual Remuneración entre Hombres y Mujeres",una estructura descentralizada que comprende responsables de Recursos Humanos en todas las sociedades más importantes del Grupo y la implementación de políticas propias para cada una de ellas,0.75,0.9230769230769231,1.0
¿Qué explica que el entorno para la actividad bancaria esté resultando desafiante?,"['El entorno para la actividad bancaria está siendo desafiante, ya que a la evolución anterior se unen unos tipos de interés extraordinariamente bajos en los países desarrollados, crecimientos de volúmenes reducidos, fuerte presión competitiva por parte tanto de entidades bancarias como no bancarias, y un entorno regulatorio exigente.', 'Este nivel es el inferior al del año pasado debido a la incorporación del perímetro de banca mayorista global.', 'En este sentido ha hecho, junto con otros bancos, un llamamiento público a todas las entidades signatarias de los Principios de Ecuador para que apoyen la ampliación de esta exigencia.finanzas sosteniBles 2017 P.97 Finanzas sostenibles Los bancos juegan un papel crucial en la lucha contra el cambio climático gracias a su posición única para movilizar capital mediante inversiones, préstamos y funciones de asesoramiento.', 'En un entorno económico y financiero complicado, pero con una leve y paulatina mejora a lo largo del año, la estrategia en 2014 se centró en: Lanzar el proyecto Santander Advance dirigido a las pymes con una oferta financiera y no financiera que ha proporcionado una importante notoriedad al Banco gracias a las actividades organizadas con clientes. Captar nuevos clientes y vincular a los existentes.', 'En el stress test de la EBA: Santander muestra una gran resistencia debido a su modelo de banca comercial y a su diversificación geográfica. En el escenario adverso, Santander es el banco que menos capital destruye entre los competidores']","a la evolución anterior se unen unos tipos de interés extraordinariamente bajos en los países desarrollados, crecimientos de volúmenes reducidos, fuerte presión competitiva por parte tanto de entidades bancarias como no bancarias, y un entorno regulatorio exigente","a la evolución anterior se unen unos tipos de interés extraordinariamente bajos en los países desarrollados, crecimientos de volúmenes reducidos, fuerte presión competitiva por parte tanto de entidades bancarias como no bancarias, y un entorno regulatorio exigente",1.0,0.0,1.0
¿A qué es debida la gran variedad de cláusulas que regulan el funcionamiento de los contratos de alquiler?,"['Esta nota presenta información sobre la exposición del Grupo a cada uno de los riesgos mencionados anteriormente, los objetivos, políticas y procesos definidos por el Grupo para gestionar el riesgo, así como los métodos utilizados para medir dichos riesgos, los Debido a la presencia del Grupo en diversos países, a la consiguiente variedad de legislaciones que rigen los contratos de alquiler, a la distinta naturaleza y posición económica de los propietarios entre otros factores, existe una gran variedad de cláusulas que regulan el funcionamiento de los contratos de alquiler.', 'Sin embargo, debido a la legislación de algunos países o a los usos habituales para los contratos de arrendamiento, en algunos casos la duración es menor.', 'Cuando el grupo actúa como arrendador de un bien, la suma de los valores actuales de los importes que recibirá del arrendatario se registra como una financiación prestada a terceros, por lo que se incluye en el epígrafe de ""Préstamos y partidas a cobrar"" del balance consolidado. Esta financiación incorpora el precio de ejercicio de la opción de compra a favor del arrendatario al vencimiento del contrato en los casos en que dicho precio de ejercicio sea suficientemente inferior al valor razonable del bien a la fecha de vencimiento de la opción, de modo que sea razonablemente probable que vaya a ejercerse.', 'Asimismo, Banco Sabadell ofrece un amplio abanico de medidas orientadas a mejorar la conciliación de la vida laboral y familiar y/o personal de su plantilla, mediante la contratación de servicios o compra de productos a través del portal para empleados, que les ofrece no solamente un ahorro económico sino también de tiempo, ya que reciben los productos en su lugar de trabajo y se ahorran el desplazamiento o el hacer la gestión fuera del horario laboral.', 'Los trabajadores y trabajadoras tienen a su disposición un conjunto de beneficios sociales pactados por Banco Sabadell y los representantes sindicales en el acuerdo sobre medidas de conciliación de la vida familiar y personal con la laboral. Todos estos beneficios han sido comunicados a la totalidad de la plantilla y están recogidos en el portal del empleado de la intranet, por lo que son ampliamente conocidos por los trabajadores y trabajadoras, que los vienen solicitando y disfrutando desde hace tiempo.']","a la presencia del Grupo en diversos países, a la consiguiente variedad de legislaciones que rigen los contratos de alquiler, a la distinta naturaleza y posición económica de los propietarios entre otros factores","a la presencia del Grupo en diversos países, a la consiguiente variedad de legislaciones que rigen los contratos de alquiler, a la distinta naturaleza y posición económica de los propietarios entre otros factores",1.0,0.5,1.0
¿Qué han provocado los excepcionales resultados?,"['Su reutilización no es posible pero sí su reciclaje, por lo que el 97% son reciclados por empresas especializadas.', 'Esta decisión se adoptó en línea con las recomendaciones de gobierno corporativo en materia de rotación del auditor externo, a propuesta de la comisión de auditoría y como resultado de un concurso de selección desarrollado con plena transparencia.', 'Debt Valuation Adjustment (DVA): ajuste a la valoración similar al CVA, pero en este caso como consecuencia del riesgo propio del Grupo que asumen sus contrapartidas en los derivados OTC.', 'Ofrece a los usuarios una imagen tridimensional del objeto que se inspecciona, con lo que se ofrece una visión clara acerca del alcance y naturaleza de los posibles defectos.', 'Llevamos años siendo cada vez más y más eficientes, por eso también cada vez es más difícil mejorar.']",también cada vez es más difícil mejorar,La compañía de Bankinter especializada en préstamos al consumo y tarjetas de crédito se ha consolidado como una de las principales palancas de crecimiento del banco,0.25,0.6666666666666666,0.5
"¿Cuál fue la consecuencia de la realización de una oferta de adquisición de minoritarios de Banco Santander Brasil, aceptada por títulos representativos del 13,65% del capital social?","['Su reutilización no es posible pero sí su reciclaje, por lo que el 97% son reciclados por empresas especializadas.', 'Esta decisión se adoptó en línea con las recomendaciones de gobierno corporativo en materia de rotación del auditor externo, a propuesta de la comisión de auditoría y como resultado de un concurso de selección desarrollado con plena transparencia.', 'La baja contable de los activos de un plan puede producirse cuando estos activos son mayores que la obligación proyectada y el Grupo no puede recuperar ningún superávit a través de reembolsos del instrumento en que está materializado el compromiso de prestación definida como consecuencia de requisitos de solvencia y/o control.', 'Debt Valuation Adjustment (DVA): ajuste a la valoración similar al CVA, pero en este caso como consecuencia del riesgo propio del Grupo que asumen sus contrapartidas en los derivados OTC.', 'También podrá proponerse la separación de consejeros independientes como consecuencia de ofertas públicas de adquisición, fusiones u otras operaciones corporativas similares que supongan un cambio en la estructura de capital de la sociedad, cuando tales cambios en la estructura del consejo de administración vengan propiciados por el criterio de proporcionalidad señalado en la recomendación 16.']",el 97% son reciclados por empresas especializadas,"la participación de Grupo Santander pasó a ser del 88,30% del capital",0.0,0.5,0.0
"¿A qué se debe el aumento en un 7,8% interanual de los ingresos del periodo enero-diciembre de 2014 ?","['El plan de incentivo anual (anual incentive plan) se centra en la mejora de los resultados financieros, por lo que su principal métrica es el beneficio de explotación antes de partidas excepcionales del Grupo.', 'Esto redunda en una mejora de la autoestima, incrementando el orgullo de pertenencia a la empresa, y, por consiguiente, en la atracción y retención del talento.', 'La política de gestión de personal llevada a cabo por la compañía permite obtener un alto nivel de conocimiento y contacto con la plantilla gracias a una estructura descentralizada que comprende responsables de Recursos Humanos en todas las sociedades más importantes del Grupo y la implementación de políticas propias para cada una de ellas que incluyen no solo políticas generales para regular la relación empresa/trabajador, sino también directivas específicas de Salud y Seguridad en el Trabajo, Formación y Educación, Diversidad e Igualdad de Oportunidades e Igual Remuneración entre Hombres y Mujeres. Por otro lado, aquellas filiales que disponen de una estructura de personal pequeña (eminentemente sociedades comerciales con menos de 10 empleados) se rigen eminentemente por la legislación laboral del país en el que desarrollan su actividad.', 'Estricto control de costes, con una disminución del 0,6% gracias al plan de eficiencia y de productividad.', 'La compañía ha ido ganando volumen merced a un modelo de negocio único en su sector, que le ha permitido aumentar su rentabilidad pese a los ciclos económicos adversos y ganarse la confianza del mercado.']","a una mejora de la autoestima, incrementando el orgullo de pertenencia a la empresa, y, por consiguiente, en la atracción y retención del talento",al crecimiento tanto del negocio móvil como del fijo,0.0,0.6666666666666666,1.0
"El hecho de que en un futuro llevará a cabo actividades que aporten valor y ayuden a reforzar la relación personal con determinados clientes, ¿qué consecuencias tendrá?","['Llevará a cabo actividades que aporten valor y ayuden a reforzar la relación personal con determinados clientes, por lo que será una oficina evolucionada que permitirá al Banco testar un nuevo modelo de atención y servicio.', 'En los segmentos más altos la relación humana y el asesoramiento seguirán siendo una parte troncal de nuestra propuesta de valor, por lo que la red física seguirá teniendo un papel central, pero dedicará más tiempo a la venta, a la captación y al asesoramiento y mucho menos a las tareas operativas.', 'Esto redunda en una mejora de la autoestima, incrementando el orgullo de pertenencia a la empresa, y, por consiguiente, en la atracción y retención del talento.', 'También, en la relación con sus propietarios, la Compañía refleja sus valores corporativos ya que les ofrece un canal directo con la Compañía para la resolución de incidencias, ofrecer respuesta ágil a sus inquietudes y necesidades de información, con el objetivo de reforzar el vínculo y el orgullo de pertenencia, a través de la aportación de valor al negocio entendida en su más amplio sentido.', 'Vivimos una parte cada vez más importante de nuestra vida a través de la conectividad y los servicios digitales, por eso, sabemos que la responsabilidad que asumimos en este ámbito condiciona el éxito a futuro. Así lo ven también nuestros grupos de interés, en particular inversores y analistas, que consideran que la seguridad y la privacidad es una de las temáticas más importantes en nuestro compromiso hacia el cliente (ver capítulo Materialidad).']",será una oficina evolucionada que permitirá al Banco testar un nuevo modelo de atención y servicio,será una oficina evolucionada que permitirá al Banco testar un nuevo modelo de atención y servicio,1.0,1.0,1.0
¿Por qué razón requiere especial mención la actuación de MAPFRE ante las catástrofes naturales donde una adecuada previsión de estos eventos y la correcta valoración de las pérdidas que pueden provocar son esenciales para la gestión de una compañía aseguradora?,"['RIESGO DE CATÁSTROFES NATURALES Especial mención requiere la actuación de MAPFRE ante las catástrofes naturales donde una adecuada previsión de estos eventos y la correcta valoración de las pérdidas que pueden provocar son esenciales para la gestión de una compañía aseguradora, ya que de ello depende el impacto económico que la empresa tendrá que absorber y también la respuesta que podrá dar a sus clientes.', 'La homologación de proveedores es imprescindible para todas las empresas que deseen contratar con MAPFRE, ya que garantiza la capacidad técnica, financiera y de calidad para cumplir con los compromisos que suscriben.', 'En este entorno, en la evolución de MAPFRE es de destacar: - Los magníficos resultados obtenidos en la mayor parte de los países, especialmente España y Brasil, y en los negocios de Reaseguro y Global Risks. - El crecimiento en las primas de No Vida, tanto en España como en el extranjero, así como en el reaseguro, que han permitido absorber la contracción del seguro de Vida en España. - La buena evolución del resultado del negocio de Vida, gracias a la mejora tanto del resultado de suscripción como de los ingresos financieros en Brasil.', 'Y también han de ser flexibles, porque la gestión de riesgos tiene que adaptarse rápidamente a nuevos entornos y escenarios imprevistos.', 'Atresmedia es consciente de la decisiva labor de las empresas para la consecución de estas importantes metas y, por ese motivo, apoya con sus políticas, iniciativas y capacidad de difusión, la consecución de aquellos ODS en los que la contribución de la Compañía puede ser mayor y de especial incidencia.']",de ello depende el impacto económico que la empresa tendrá que absorber y también la respuesta que podrá dar a sus clientes,de ello depende el impacto económico que la empresa tendrá que absorber y también la respuesta que podrá dar a sus clientes,1.0,1.0,1.0
¿A qué se debe que en 2014 no se haya producido ningún expediente sancionador en materia de privacidad y protección de datos personales?,"['Durante 2014, la compañía ha realizado esfuerzos para incrementar la privacidad y seguridad de los datos, tanto de los empleados y colaboradores, como de los usuarios registrados y espectadores en general, para lo cual ha revisado y actualizado los procedimientos vigentes y ha añadido nuevos procedimientos. En particular, destaca la normalización de los aspectos relacionados con la contratación de servicios en la nube y el uso de tecnología en movilidad por parte de los empleados. Gracias al buen funcionamiento del sistema de control interno, en 2014 no se ha producido ningún expediente sancionador en materia de privacidad y protección de datos personales.', 'Se han reducido los índices de frecuencia y gravedad, como consecuencia de la disminución de los accidentes sin baja y no se han registrado accidentes graves, muy graves O mortales, ni enfermedades profesionales.', 'El año pasado resultó especialmente gratificante porque de los 72 tests que se realizaron no se detectó ningún positivo por VIH.', 'Nuestra trayectoria avala ese propósito de estabilidad, porque mantenemos el nombre, no nos hemos fusionado con nadie y no hemos comprado nada en España.', 'Un crecimiento que hemos alcanzado sin realizar ampliaciones de capital y gracias a una política prudente de distribución del dividendo.']",al buen funcionamiento del sistema de control interno,al buen funcionamiento del sistema de control interno,1.0,0.5,1.0
¿A qué se debe que el gasóleo siga registrando una reducción?,"['El gasóleo sigue registrando una reducción debido a la sustitución de las calderas alimentadas por este combustible.', 'La decisión de Ofgem de reducir los subsidios encubiertos percibidos por los pequeños generadores diésel debido a los cargos de transporte. 2.', 'En 2014 ha continuado la caída en ventas como consecuencia de la situación general económica y en particular del sector de la construcción.', 'La tasa del mes de diciembre fue inferior a la esperada, debido a la baja de los precios del petróleo, alimentos y servicios (principalmente la caída de los precios de los alimentos con una baja del 4%).', 'En términos económicos, los ingresos por ventas de gas fueron de 2.378 millones de euros, 484 millones menores (–16,9%) a los del ejercicio 2014 como consecuencia de la disminución de las ventas físicas y del precio medio de venta.']",a la sustitución de las calderas alimentadas por este combustible,a la sustitución de las calderas alimentadas por este combustible,1.0,0.3333333333333333,1.0
"¿Qué efecto han tenido para Meliá Hotels International  las conclusiones de la encuesta ""Tienes la palabra 2015""?","['Su reutilización no es posible pero sí su reciclaje, por lo que el 97% son reciclados por empresas especializadas.', 'Esta decisión se adoptó en línea con las recomendaciones de gobierno corporativo en materia de rotación del auditor externo, a propuesta de la comisión de auditoría y como resultado de un concurso de selección desarrollado con plena transparencia.', 'La baja contable de los activos de un plan puede producirse cuando estos activos son mayores que la obligación proyectada y el Grupo no puede recuperar ningún superávit a través de reembolsos del instrumento en que está materializado el compromiso de prestación definida como consecuencia de requisitos de solvencia y/o control.', 'Debt Valuation Adjustment (DVA): ajuste a la valoración similar al CVA, pero en este caso como consecuencia del riesgo propio del Grupo que asumen sus contrapartidas en los derivados OTC.', 'También podrá proponerse la separación de consejeros independientes como consecuencia de ofertas públicas de adquisición, fusiones u otras operaciones corporativas similares que supongan un cambio en la estructura de capital de la sociedad, cuando tales cambios en la estructura del consejo de administración vengan propiciados por el criterio de proporcionalidad señalado en la recomendación 16.']",el 97% son reciclados por empresas especializadas,"ha renovado sus oficinas corporativas para hacer de ellas un espacio de colaboración más abierto, dinámico, flexible, sin barreras y para fortalecer la cercanía entre sus equipos",0.0,0.3333333333333333,0.0
¿Gracias a qué continuó mejorando en 2017 el mercado de la vivienda y la situación financiera de los hogares?,"['En 2017 continuó mejorando el mercado de la vivienda y la situación financiera de los hogares gracias al buen cuadro macroeconómico y en particular a la evolución del empleo.', 'En 2017 las ventas han aumentado un 4,3% como consecuencia de una ligera recuperación de la situación general económica y también del sector de la construcción.', 'La vinculación del sector del seguro con el entorno macroeconómico resulta indudable. En este sentido, la economía mundial mejoró en los últimos meses del 2016 gracias a la recuperación de economías avanzadas como las de Estados Unidos, Europa y China, marcando una tendencia de aceleración que se prevé continúe durante el 2017. En conjunto, la economía global creció un 3,1%, cifra inferior a la del 2015, pero superior a la prevista a principios de año.', 'La región EMEA se espera que continúe presentando resultados positivos de cara a los próximos meses, ya que las dinámicas de mercado en Europa siguen siendo buenas tanto en los segmentos vacacional, como urbano.', 'Los mercados emisores canadiense y latinoamericanos muestran un buen ritmo de crecimiento desde enero -debido a las mejores condiciones climáticas que se dieron en el periodo-, y parece ser que el mercado emisor estadounidense también podría mejorar sus cifras en el corto plazo.']",al buen cuadro macroeconómico y en particular a la evolución del empleo,al buen cuadro macroeconómico y en particular a la evolución del empleo,1.0,0.5,1.0
¿Qué permite el mejor aprovechamiento del Big Data? ,"['Gracias al mejor aprovechamiento del Big Data es posible el desarrollo de modelos estadísticos de propensión al consumo de productos y servicios, con refresco diario de la información, lo que redunda en una adecuación de la oferta y por tanto de la eficacia en las acciones comerciales.', 'También se ha mejorado la interfaz gráfica general, con lo que se consigue una mejor experiencia de usuario.', 'Esta operación es positiva para los accionistas, ya que se estima que mejora el beneficio por acción (BPA) desde 2016.', 'Ofrece a los usuarios una imagen tridimensional del objeto que se inspecciona, con lo que se ofrece una visión clara acerca del alcance y naturaleza de los posibles defectos.', 'Una de las grandes ventajas de este sistema es su transparencia, ya que estas ideas son visibles de forma inmediata para toda la plantilla de modo que pueden ser votadas o enriquecidas con opiniones o aportaciones complementarias.']","es posible el desarrollo de modelos estadísticos de propensión al consumo de productos y servicios, con refresco diario de la información, lo que redunda en una adecuación de la oferta y por tanto de la eficacia en las acciones comerciales","es posible el desarrollo de modelos estadísticos de propensión al consumo de productos y servicios, con refresco diario de la información",1.0,0.5,1.0
"¿Gracias a qué hecho ha podido Bankinter ser el único banco que ha pagado todos sus dividendos en efectivo y, además, de forma trimestral?","['Bankinter ha sido el único banco que ha pagado todos sus dividendos en efectivo y, además, de forma trimestral, gracias al sólido crecimiento del negocio y a su buena situación en términos de solvencia, que le ha permitido no verse afectado por las restricciones marcadas por los organismos supervisores en la preservación del capital.', 'Bankinter compensó de forma orgánica, con el negocio de clientes, los resultados de 2016, que incluían los extraordinarios contabilizados con motivo de la operación de compra de Barclays Portugal.', 'Santander es uno de los bancos más rentables y eficientes gracias al talento y trabajo de nuestros equipos, que han conseguido unos resultados excelentes, haciendo las cosas de manera más sencilla, personal y justa.', 'La compañía de Bankinter especializada en préstamos al consumo y tarjetas de crédito se ha consolidado como una de las principales palancas de crecimiento del banco gracias a sus excepcionales resultados durante 2017.', 'Nuevas reglas que aceptamos de buen grado pues son iguales para todos y Bankinter tiene plena capacidad para cumplir con ellas como el que más.']","al sólido crecimiento del negocio y a su buena situación en términos de solvencia, que le ha permitido no verse afectado por las restricciones marcadas por los organismos supervisores en la preservación del capital","al sólido crecimiento del negocio y a su buena situación en términos de solvencia, que le ha permitido no verse afectado por las restricciones marcadas por los organismos supervisores en la preservación del capital",1.0,1.0,1.0
¿Por qué es inviable evaluar el volumen generado y la gestión efectuada a nivel mundial?,"['Respecto a la recuperación de los productos puestos en el mercado, es inviable evaluar el volumen generado y la gestión efectuada a nivel mundial, dado que no existe ningún sistema de recogida y gestión específico para materiales textiles a nivel global.', 'Llevamos años siendo cada vez más y más eficientes, por eso también cada vez es más difícil mejorar.', 'Como consecuencia de lo anterior, el Grupo BBVA ni gestiona ni responde de la actividad desarrollada por la Fundación o por las entidades financieras que la Fundación adquiera para el cumplimiento de sus fines.', '*Los datos de 2014 no incluyen las emisiones correspondientes a la plataforma logística de Cabanillas ya que aún no se han realizado mediciones desde su apertura.', 'Su reutilización no es posible pero sí su reciclaje, por lo que el 97% son reciclados por empresas especializadas.']",no existe ningún sistema de recogida y gestión específico para materiales textiles a nivel global,no existe ningún sistema de recogida y gestión específico para materiales textiles a nivel globa,1.0,0.5,1.0
¿Qué efecto ha tenido la incorporación de Telecable?,"['Su reutilización no es posible pero sí su reciclaje, por lo que el 97% son reciclados por empresas especializadas.', 'Esta decisión se adoptó en línea con las recomendaciones de gobierno corporativo en materia de rotación del auditor externo, a propuesta de la comisión de auditoría y como resultado de un concurso de selección desarrollado con plena transparencia.', 'La baja contable de los activos de un plan puede producirse cuando estos activos son mayores que la obligación proyectada y el Grupo no puede recuperar ningún superávit a través de reembolsos del instrumento en que está materializado el compromiso de prestación definida como consecuencia de requisitos de solvencia y/o control.', 'Debt Valuation Adjustment (DVA): ajuste a la valoración similar al CVA, pero en este caso como consecuencia del riesgo propio del Grupo que asumen sus contrapartidas en los derivados OTC.', 'También podrá proponerse la separación de consejeros independientes como consecuencia de ofertas públicas de adquisición, fusiones u otras operaciones corporativas similares que supongan un cambio en la estructura de capital de la sociedad, cuando tales cambios en la estructura del consejo de administración vengan propiciados por el criterio de proporcionalidad señalado en la recomendación 16.']",el 97% son reciclados por empresas especializadas,Existen dos Comités de Seguridad y Salud que cubren actualmente al 75% de la plantilla,0.0,1.0,0.0
"¿Por qué se pudo reducir la tasa de morosidad al 6,5%?","['La tasa de morosidad se ha reducido desde el 1,35% en 2016 al 1,13% a diciembre de 2017, gracias a un entorno macroeconómico más favorable y la aplicación de políticas prudentes.', 'Así, Bankia cerró el ejercicio 2018 con un elevado descenso de los riesgos dudosos del 31% (3.702 millones de euros) lo que permitió reducir la tasa de morosidad al 6,5%.', 'Estricto control de costes, con una disminución del 0,6% gracias al plan de eficiencia y de productividad.', 'Por otro lado, los gastos financieros se han reducido significativamente como resultado de fructíferas negociaciones con los bancos que permitieron minorar el tipo de interés medio satisfecho por la Compañía, el cual se situó en 3,2% frente al 3,5% del año 2016, así como incrementar los plazos de vencimiento de los instrumentos de deuda con los que actualmente se financia.', 'La morosidad y el coste de crédito permanecen en niveles estables gracias a la mejora de desempeño de las carteras de auto en SC USA, tras la implantación de la nueva política de riesgos que tuvo lugar en el primer trimestre, enfocada a mejorar el perfil de las nuevas operaciones, y tras los ajustes realizados en el sector de Oil&Gas, en línea con la industria, en Santander Bank.']",Bankia cerró el ejercicio 2018 con un elevado descenso de los riesgos dudosos del 31% (3.702 millones de euros),Bankia cerró el ejercicio 2018 con un elevado descenso de los riesgos dudosos del 31% (3.702 millones de euros),0.75,1.0,1.0
¿Por qué se aplazó la fecha de entrada en vigor de su nombramiento hasta el 1 de enero de 2018?,"['Una nueva consejera no ejecutiva, Nicola Shaw, fue nombrada en la Junta General de Accionistas de 2017 para cubrir la vacante dejada por la Baronesa Kingsmill, quien dejó de su puesto como consejera en esa junta. La fecha de entrada en vigor de su nombramiento se aplazó hasta el 1 de enero de 2018, ya que no tenía la disponibilidad requerida antes de esa fecha.', 'Todas las propuestas deben pasar la tramitación por el Parlamento y el Consejo, por lo que se estima que la tramitación se alargará hasta finales de 2018 y que entrarán en vigor en 2019.', 'Gracias a esta medida, hemos mejorado la densidad de dichos envíos en un 1,5% respecto al año anterior.', 'Como consecuencia de los objetivos alcanzados en 2017, el Banco se sitúa en una posición sólida para encarar el Plan Director 2018-2020.', 'Igualmente la Junta General de Accionistas acordó a propuesta del Consejo de Administración y, previa propuesta de la Comisión de Nombramientos y Retribuciones, ratificar y nombrar Consejeros por un plazo de cuatro años, tal y como se recoge en los Estatutos Sociales a las siguientes personas: Rafael Miranda Robredo, que fue nombrado Consejero Externo Independiente por cooptación, y Presidente de Acerinox, el día 23 de abril de 2014 en sustitución del anterior Presidente Rafael Naranjo Olmedo, que dejo el cargo el día 21 de abril de 2014 por motivos de salud.']",no tenía la disponibilidad requerida antes de esa fecha,no tenía la disponibilidad requerida antes de esa fecha,1.0,1.0,1.0
"¿Gracias a qué han sido desarrollados este sistema, sus políticas y sus procedimientos?","['Este sistema, sus políticas y sus procedimientos están basados en el respeto a los Derechos Humanos y han sido desarrollados gracias al conocimiento y cercanía con toda la cadena de suministro.', 'También se ha mejorado la interfaz gráfica general, con lo que se consigue una mejor experiencia de usuario.', 'Gracias a la eficacia de este Sistema de Gestión de Calidad y a los planes de mejora impulsados, las incidencias registradas en los procesos de producción, grabación y emisión de los contenidos mantienen desde hace años una evolución descendente.', 'Una de las grandes ventajas de este sistema es su transparencia, ya que estas ideas son visibles de forma inmediata para toda la plantilla de modo que pueden ser votadas o enriquecidas con opiniones o aportaciones complementarias.', 'Esta decisión se adoptó en línea con las recomendaciones de gobierno corporativo en materia de rotación del auditor externo, a propuesta de la comisión de auditoría y como resultado de un concurso de selección desarrollado con plena transparencia.']",al conocimiento y cercanía con toda la cadena de suministro,al conocimiento y cercanía con toda la cadena de suministro,1.0,0.5,1.0
¿Qué permite a los bancos jugar un papel crucial en la lucha contra el cambio climático?,"['En este sentido ha hecho, junto con otros bancos, un llamamiento público a todas las entidades signatarias de los Principios de Ecuador para que apoyen la ampliación de esta exigencia.finanzas sosteniBles 2017 P.97 Finanzas sostenibles Los bancos juegan un papel crucial en la lucha contra el cambio climático gracias a su posición única para movilizar capital mediante inversiones, préstamos y funciones de asesoramiento.', 'El factor climático tiene cada vez mayor importancia, por lo que impulsar y fomentar acciones para proteger el medioambiente y luchar contra su degradación adquieren una importancia capital.', 'Vidrala es consciente de la importancia que supone avanzar con paso firme en la lucha contra el cambio climático, por lo que ha manifestado su voluntad de participar en el camino marcado por la iniciativa Stop CO₂ Euskadi con la colaboración a través de sus actividades de diseño, I+D+i, administración y comercialización de envases de vidrio.', 'Asimismo, tras la COP21 la preocupación de los Estados por la lucha contra el cambio climático creció considerablemente, por lo que se espera que se intensifique la presión regulatoria sobre el sector energético, entre otros.', 'Como consecuencia de los objetivos alcanzados en 2017, el Banco se sitúa en una posición sólida para encarar el Plan Director 2018-2020.']","su posición única para movilizar capital mediante inversiones, préstamos y funciones de asesoramiento","su posición única para movilizar capital mediante inversiones, préstamos y funciones de asesoramiento",1.0,1.0,1.0
¿Qué implicación tiene el acuerdo de intercambio entre Estados Unidos y Perú?,"['Su reutilización no es posible pero sí su reciclaje, por lo que el 97% son reciclados por empresas especializadas.', 'Esta decisión se adoptó en línea con las recomendaciones de gobierno corporativo en materia de rotación del auditor externo, a propuesta de la comisión de auditoría y como resultado de un concurso de selección desarrollado con plena transparencia.', 'La baja contable de los activos de un plan puede producirse cuando estos activos son mayores que la obligación proyectada y el Grupo no puede recuperar ningún superávit a través de reembolsos del instrumento en que está materializado el compromiso de prestación definida como consecuencia de requisitos de solvencia y/o control.', 'Debt Valuation Adjustment (DVA): ajuste a la valoración similar al CVA, pero en este caso como consecuencia del riesgo propio del Grupo que asumen sus contrapartidas en los derivados OTC.', 'También podrá proponerse la separación de consejeros independientes como consecuencia de ofertas públicas de adquisición, fusiones u otras operaciones corporativas similares que supongan un cambio en la estructura de capital de la sociedad, cuando tales cambios en la estructura del consejo de administración vengan propiciados por el criterio de proporcionalidad señalado en la recomendación 16.']",el 97% son reciclados por empresas especializadas,Los american depositary shares (ADS) de BBVA se negocian en la Bolsa de Nueva York y en la de Lima (Perú),0.0,0.5,0.0
"¿Qué consecuencia tuvo que dicha oferta fuese aceptada por títulos que representan un 13,65% del capital social de Banco Santander Brasil?","['Dicha oferta fue aceptada por títulos que representan un 13,65% del capital social de Banco Santander Brasil por lo que la participación de Grupo Santander en Banco Santander Brasil pasó a ser del 88,3% de su capital social.', 'Realización de una oferta de adquisición de minoritarios de Banco Santander Brasil, aceptada por títulos representativos del 13,65% del capital social, con lo que la participación de Grupo Santander pasó a ser del 88,30% del capital', 'La cifra de negocio disminuyó un 14,0% hasta los 401,3 millones de euros, debido a una severa bajada del mercado local y a las fluctuaciones adversas de tipo de cambio tanto en Brasil como en Argentina.', 'Por otro lado, los gastos financieros se han reducido significativamente como resultado de fructíferas negociaciones con los bancos que permitieron minorar el tipo de interés medio satisfecho por la Compañía, el cual se situó en 3,2% frente al 3,5% del año 2016, así como incrementar los plazos de vencimiento de los instrumentos de deuda con los que actualmente se financia.', 'Destacan operaciones como la financiación en la compra del 20% de Gas Natural por Global Infrastructure Partners y el asesoramiento y financiación al consorcio entre Vinci, ADP y Astaldi para la construcción de la nueva terminal internacional del de Chile. En el mercado de capitales de deuda, Santander se posiciona como líder en el ranking latinoamericano, ya que ha estado presente en las principales operaciones de la región.']","la participación de Grupo Santander en Banco Santander Brasil pasó a ser del 88,3% de su capital social","la participación de Grupo Santander en Banco Santander Brasil pasó a ser del 88,3% de su capital social",1.0,0.5,1.0
"¿A qué se debe la evolución positiva del precio de las acciones de Almirall durante 2015 y que haya experimentado un aumento general (del 35,49 %)?","['El precio de las acciones de Almirall tuvo una evolución positiva durante 2015 y experimentó un aumento general (del 35,49 %) debido al mayor rendimiento operativo de la compañía y a la considerable actividad de fusiones y adquisiciones.', 'Importante crecimiento de los ROF (+15,9% interanual), gracias al muy buen desempeño de la Unidad de Global Markets, fundamentalmente durante la primera parte del ejercicio.', 'Esta operación es positiva para los accionistas, ya que se estima que mejora el beneficio por acción (BPA) desde 2016.', 'En 2017 las ventas han aumentado un 4,3% como consecuencia de una ligera recuperación de la situación general económica y también del sector de la construcción.', 'En los tres últimos años, la Compañía ha logrado unos sólidos resultados financieros que han hecho que el BPA ajustado de 2016 alcance los 90,2 céntimos de euro. En consecuencia, los derechos asignados en 2014 bajo el plan de acciones por desempeño, se consolidarán en 2016 en su nivel máximo en lo que respecta al parámetro de BPA. El precio de la acción registró un fuerte crecimiento en los dos primeros años y medio de los tres que integran el período de desempeño, aunque sufrió una importante caída tras el resultado del referéndum sobre la UE celebrado en el Reino Unido.']",al mayor rendimiento operativo de la compañía y a la considerable actividad de fusiones y adquisiciones,al mayor rendimiento operativo de la compañía y a la considerable actividad de fusiones y adquisiciones,1.0,0.25,1.0
¿Qué hizo que no hubiera que lamentar daños personales?,"['Afortunadamente, no hubo que lamentar daños personales, ya que los clientes fueron evacuados de las zonas afectadas de una manera rápida, eficaz y segura.', 'Se han reducido los índices de frecuencia y gravedad, como consecuencia de la disminución de los accidentes sin baja y no se han registrado accidentes graves, muy graves O mortales, ni enfermedades profesionales.', 'El impacto no fue duradero, ya que en los meses siguientes se redujo la volatilidad, la renta variable se recuperó y bajó la aversión al riesgo.', 'El año pasado resultó especialmente gratificante porque de los 72 tests que se realizaron no se detectó ningún positivo por VIH.', 'Un crecimiento que hemos alcanzado sin realizar ampliaciones de capital y gracias a una política prudente de distribución del dividendo.']","los clientes fueron evacuados de las zonas afectadas de una manera rápida, eficaz y segura","los clientes fueron evacuados de las zonas afectadas de una manera rápida, eficaz y segura",1.0,1.0,1.0
¿A qué se debe que en algunos casos la duración sea menor?,"['Sin embargo, debido a la legislación de algunos países o a los usos habituales para los contratos de arrendamiento, en algunos casos la duración es menor.', 'Como consecuencia de este hecho, es previsible que a lo largo de los próximos trimestres se limite aún más el nivel de activos comprometidos en operaciones de financiación a largo plazo.', 'El impacto no fue duradero, ya que en los meses siguientes se redujo la volatilidad, la renta variable se recuperó y bajó la aversión al riesgo.', 'Este nivel es el inferior al del año pasado debido a la incorporación del perímetro de banca mayorista global.', 'Llevamos años siendo cada vez más y más eficientes, por eso también cada vez es más difícil mejorar.']",a la legislación de algunos países o a los usos habituales para los contratos de arrendamiento,a la legislación de algunos países o a los usos habituales para los contratos de arrendamiento,1.0,0.5,1.0
"¿Por qué motivo considera la Comisión de Retribuciones que la comparación del TSR de la Compañía con el de las compañías de transporte europeas, incluidas las líneas aéreas, resulta apropiada? ","['La Comisión de Retribuciones considera que la comparación del TSR de la Compañía con el de las compañías de transporte europeas, incluidas las líneas aéreas, resulta apropiada, dado que estas compañías están sujetas a factores externos que impactan sobre el precio de la acción similares a los del Grupo. Esta comparación proporciona, por tanto, un punto de referencia adecuado para determinar el rendimiento superior del equipo directivo y la creación de valor.', 'Las comisiones netas ascendieron a 1.148,6 millones de euros (1.022,8 millones de euros sin considerar TSB) y crecieron un 14,5% (10,6% sin considerar TSB) en términos interanuales (T4). Este crecimiento se manifestó como consecuencia principalmente de la evolución positiva de las comisiones de comercialización de fondos de pensiones y seguros, que crecen un 48,9% respeto al ejercicio anterior.', 'Nuevas reglas que aceptamos de buen grado pues son iguales para todos y Bankinter tiene plena capacidad para cumplir con ellas como el que más.', 'La Comisión de Auditoría analizará anualmente la vigencia del mapa de Riesgos de la Compañía y procederá a incorporar, modificar o descartar los riesgos que, en su caso, sea necesario debido a cambios en los objetivos estratégicos, estructura organizativa, normativa vigente, etc.', 'Atresmedia es consciente de la decisiva labor de las empresas para la consecución de estas importantes metas y, por ese motivo, apoya con sus políticas, iniciativas y capacidad de difusión, la consecución de aquellos ODS en los que la contribución de la Compañía puede ser mayor y de especial incidencia.']","estas compañías están sujetas a factores externos que impactan sobre el precio de la acción similares a los del Grupo. Esta comparación proporciona, por tanto, un punto de referencia adecuado para determinar el rendimiento superior del equipo directivo y la creación de valor",estas compañías están sujetas a factores externos que impactan sobre el precio de la acción similares a los del Grupo,0.75,,1.0
¿Qué efecto tiene que sean de obligado cumplimiento para su cadena de suministro?,"['Su reutilización no es posible pero sí su reciclaje, por lo que el 97% son reciclados por empresas especializadas.', 'Esta decisión se adoptó en línea con las recomendaciones de gobierno corporativo en materia de rotación del auditor externo, a propuesta de la comisión de auditoría y como resultado de un concurso de selección desarrollado con plena transparencia.', 'La baja contable de los activos de un plan puede producirse cuando estos activos son mayores que la obligación proyectada y el Grupo no puede recuperar ningún superávit a través de reembolsos del instrumento en que está materializado el compromiso de prestación definida como consecuencia de requisitos de solvencia y/o control.', 'Debt Valuation Adjustment (DVA): ajuste a la valoración similar al CVA, pero en este caso como consecuencia del riesgo propio del Grupo que asumen sus contrapartidas en los derivados OTC.', 'También podrá proponerse la separación de consejeros independientes como consecuencia de ofertas públicas de adquisición, fusiones u otras operaciones corporativas similares que supongan un cambio en la estructura de capital de la sociedad, cuando tales cambios en la estructura del consejo de administración vengan propiciados por el criterio de proporcionalidad señalado en la recomendación 16.']",el 97% son reciclados por empresas especializadas,en 2016 hemos trabajado con 160 proveedores directos para aportar soluciones sostenibles alternativas a estas sustancias no deseadas,0.0,1.0,0.0
"¿Qué implica que ENDESA cuente con un Comité de Auditoría y Cumplimiento cuya función principal es la de velar por el buen gobierno corporativo y por la transparencia en todas las actuaciones de ENDESA en los ámbitos económico-financiero, de auditoría externa, de cumplimiento y de auditoría interna?","['ENDESA cuenta con un Comité de Auditoría y Cumplimiento cuya función principal es la de velar por el buen gobierno corporativo y por la transparencia en todas las actuaciones de ENDESA en los ámbitos económico-financiero, de auditoría externa, de cumplimiento y de auditoría interna Por ello, tiene encomendadas las funciones de supervisar el proceso de elaboración y presentación de la información financiera regulada y de supervisar la eficacia del sistema de control interno de ENDESA y los sistemas de gestión de riesgos, así como discutir con los auditores de cuentas o sociedades de auditoría las debilidades significativas del sistema de control interno detectadas en el desarrollo de la auditoría.', 'La Comisión de Auditoría analizará anualmente la vigencia del mapa de Riesgos de la Compañía y procederá a incorporar, modificar o descartar los riesgos que, en su caso, sea necesario debido a cambios en los objetivos estratégicos, estructura organizativa, normativa vigente, etc.', 'Además, ENDESA es consciente de que una presencia destacada en los principales índices de inversión socialmente responsable promueve la atracción de este tipo de inversores y, por ello, la Compañía desempeña un papel muy destacado al respecto.', 'El Código Ético y de Conducta es un instrumento vinculante, por lo que debe ser conocido, suscrito y cumplido por todos los trabajadores y miembros de los órganos de gobierno de Prosegur. Los empleados también deben colaborar para facilitar su implantación, así como comunicar los posibles incumplimientos de los que tengan conocimiento a través del canal de denuncias.', 'Para llevar a cabo esta función, el Grupo DIA ha establecido un procedimiento de seguimiento y actualización de la normativa, en virtud del cual están definidos los recursos, responsabilidades y herramientas internas y externas necesarias para desempeñar esta función y lograr el doble objetivo de disponer de un mapa regulatorio actualizado y de una organización informada sobre sus obligaciones legales.']","tiene encomendadas las funciones de supervisar el proceso de elaboración y presentación de la información financiera regulada y de supervisar la eficacia del sistema de control interno de ENDESA y los sistemas de gestión de riesgos, así como discutir con los auditores de cuentas o sociedades de auditoría las debilidades significativas del sistema de control interno detectadas en el desarrollo de la auditoría","tiene encomendadas las funciones de supervisar el proceso de elaboración y presentación de la información financiera regulada y de supervisar la eficacia del sistema de control interno de ENDESA y los sistemas de gestión de riesgos, así como discutir con los auditores de cuentas o sociedades de auditoría las debilidades significativas del sistema de control interno detectadas en el desarrollo de la auditoría",1.0,1.0,1.0
¿Qué consecuencia tiene que el plan incentivo anual se centre en la mejora de los resultados financieros?,"['Su reutilización no es posible pero sí su reciclaje, por lo que el 97% son reciclados por empresas especializadas.', 'Esta decisión se adoptó en línea con las recomendaciones de gobierno corporativo en materia de rotación del auditor externo, a propuesta de la comisión de auditoría y como resultado de un concurso de selección desarrollado con plena transparencia.', 'Debt Valuation Adjustment (DVA): ajuste a la valoración similar al CVA, pero en este caso como consecuencia del riesgo propio del Grupo que asumen sus contrapartidas en los derivados OTC.', 'Ofrece a los usuarios una imagen tridimensional del objeto que se inspecciona, con lo que se ofrece una visión clara acerca del alcance y naturaleza de los posibles defectos.', 'Llevamos años siendo cada vez más y más eficientes, por eso también cada vez es más difícil mejorar.']",también cada vez es más difícil mejorar,su principal métrica es el beneficio de explotación antes de partidas excepcionales del Grupo,0.0,0.5,0.0
¿Por qué son lo que son? ,"['Su reutilización no es posible pero sí su reciclaje, por lo que el 97% son reciclados por empresas especializadas.', 'Esta decisión se adoptó en línea con las recomendaciones de gobierno corporativo en materia de rotación del auditor externo, a propuesta de la comisión de auditoría y como resultado de un concurso de selección desarrollado con plena transparencia.', 'Debt Valuation Adjustment (DVA): ajuste a la valoración similar al CVA, pero en este caso como consecuencia del riesgo propio del Grupo que asumen sus contrapartidas en los derivados OTC.', 'Ofrece a los usuarios una imagen tridimensional del objeto que se inspecciona, con lo que se ofrece una visión clara acerca del alcance y naturaleza de los posibles defectos.', 'Llevamos años siendo cada vez más y más eficientes, por eso también cada vez es más difícil mejorar.']","Su reutilización no es posible pero sí su reciclaje, por lo que el 97% son reciclados por empresas especializadas","durante todos estos años hemos sabido como nadie adelantarnos, innovar y prepararnos, en definitiva, para el cambio",0.0,0.6666666666666666,0.0
¿Por qué la filial en EE.UU fue la principal impulsora del crecimiento en términos de ventas?,"['Cuando observamos las ventas de Dermatología, el equilibrio es incluso mayor, con el 49,2 % procedente de Europa y el 50,8 % de EE. UU. Nuestra filial en EE. UU. fue la principal impulsora del crecimiento en términos de ventas (con una variación de un año a otro del +35,4 %), pues sigue disfrutando de una posición de liderazgo en la venta de uno de los productos estratégicos de la compañía, Acticlate. Todos nuestros productos de Dermatología presentaron crecimiento en EE. UU. en comparación con el mismo periodo de 2014.', 'Importante crecimiento de los ROF (+15,9% interanual), gracias al muy buen desempeño de la Unidad de Global Markets, fundamentalmente durante la primera parte del ejercicio.', 'El Grupo es uno de los mayores fabricantes en Europa, el mayor de Estados Unidos, el único en el continente africano, y en la actualidad está aumentado sus cuotas de mercado en Asia y Oceanía gracias a las ventas de los productos fabricados en la nueva planta de Malasia.', 'Desde la fusión, sigue creciendo todos los meses respecto al mismo mes del año anterior, con lo que encadena, a cierre del Ejercicio 2014, 27 meses de crecimiento ininterrumpido.', 'La compañía de Bankinter especializada en préstamos al consumo y tarjetas de crédito se ha consolidado como una de las principales palancas de crecimiento del banco gracias a sus excepcionales resultados durante 2017.']","sigue disfrutando de una posición de liderazgo en la venta de uno de los productos estratégicos de la compañía, Acticlate","sigue disfrutando de una posición de liderazgo en la venta de uno de los productos estratégicos de la compañía, Acticlate",1.0,1.0,1.0
"¿Por qué las medidas del Banco Sabadell mejoran la conciliación de la vida laboral y familiar y /o personal de su plantilla, mediante la contratación de servicios o compra de productos a  través del portal para empleados?","['Asimismo, Banco Sabadell ofrece un amplio abanico de medidas orientadas a mejorar la conciliación de la vida laboral y familiar y/o personal de su plantilla, mediante la contratación de servicios o compra de productos a través del portal para empleados, que les ofrece no solamente un ahorro económico sino también de tiempo, ya que reciben los productos en su lugar de trabajo y se ahorran el desplazamiento o el hacer la gestión fuera del horario laboral.', 'Los trabajadores y trabajadoras tienen a su disposición un conjunto de beneficios sociales pactados por Banco Sabadell y los representantes sindicales en el acuerdo sobre medidas de conciliación de la vida familiar y personal con la laboral. Todos estos beneficios han sido comunicados a la totalidad de la plantilla y están recogidos en el portal del empleado de la intranet, por lo que son ampliamente conocidos por los trabajadores y trabajadoras, que los vienen solicitando y disfrutando desde hace tiempo.', 'Quiero felicitar a los más de 200.000 profesionales que trabajan en el Grupo Santander, puesto que los logros alcanzados en 2017 no hubieran sido posibles sin la aportación de cada uno de ellos. tenemos el objetivo de consolidarnos como el mejor banco comercial para nuestros empleados, clientes, accionistas y la sociedad.', 'Gas Natural Fenosa promueve la conciliación de la vida profesional y personal gracias al importante conjunto de medidas de flexibilización laboral, servicios y beneficios adaptados a las necesidades de los empleados.', 'Llevará a cabo actividades que aporten valor y ayuden a reforzar la relación personal con determinados clientes, por lo que será una oficina evolucionada que permitirá al Banco testar un nuevo modelo de atención y servicio.']",reciben los productos en su lugar de trabajo y se ahorran el desplazamiento o el hacer la gestión fuera del horario laboral,reciben los productos en su lugar de trabajo y se ahorran el desplazamiento o el hacer la gestión fuera del horario laboral,1.0,0.8333333333333334,1.0
¿Por qué es posible ofrecer una visión clara acerca del alcance y naturaleza de los posibles defectos?,"['Ofrece a los usuarios una imagen tridimensional del objeto que se inspecciona, con lo que se ofrece una visión clara acerca del alcance y naturaleza de los posibles defectos.', 'Una de las grandes ventajas de este sistema es su transparencia, ya que estas ideas son visibles de forma inmediata para toda la plantilla de modo que pueden ser votadas o enriquecidas con opiniones o aportaciones complementarias.', 'Como consecuencia de las conclusiones que ofreció este informe, se han identificado los puntos significativos y las mejoras que deben abordarse en los próximos años.', 'Este enfoque es importante, ya que nos permite contar con los conocimientos adecuados que faciliten unas conversaciones productivas con el equipo directivo. Si no entendemos su trabajo, no podemos analizar su labor ni ofrecer orientaciones útiles.', '• Construir un Prosegur más ágil, rápido, consistente y homogéneo, gracias a la simplificación de procesos y estructuras que redunden en una mejor toma de decisiones']",Ofrece a los usuarios una imagen tridimensional del objeto que se inspecciona,Ofrece a los usuarios una imagen tridimensional del objeto que se inspecciona,0.75,1.0,1.0
"¿Por qué la aplicación global de job posting interno de BBVA, denominada ‘apúntate+’,  favorece el desarrollo y la transparencia en los procesos de promoción interna?","['Además, BBVA cuenta con una aplicación global de job posting interno, denominada ‘apúntate+’, como medio para favorecer el desarrollo y la transparencia en los procesos de promoción interna, ya que en ella se publican las diferentes posiciones disponibles a las que el empleado puede acceder.', 'Nueva aplicación móvil BBVA España, con un diseño que refleja la expresión del lema de BBVA, Creando Oportunidades, ya que sigue permitiendo realizar cualquier operación desde cualquier lugar, de una forma fácil y sencilla, pero aprovechando cada vez más todas las oportunidades que ofrecen las nuevas tecnologías y el big data.', 'Una de las grandes ventajas de este sistema es su transparencia, ya que estas ideas son visibles de forma inmediata para toda la plantilla de modo que pueden ser votadas o enriquecidas con opiniones o aportaciones complementarias.', 'El I+D+i dentro de la compañía no se limita sólo a un departamento sino que se encuentra en cada fase de producción por lo que la plantilla participa de él.', 'Esto redunda en una mejora de la autoestima, incrementando el orgullo de pertenencia a la empresa, y, por consiguiente, en la atracción y retención del talento.']",en ella se publican las diferentes posiciones disponibles a las que el empleado puede acceder,en ella se publican las diferentes posiciones disponibles a las que el empleado puede acceder,1.0,1.0,1.0
¿Por qué razón los datos de 2014 no incluyen las emisiones correspondientes a la plataforma logística de Cabanillas?,"['Su reutilización no es posible pero sí su reciclaje, por lo que el 97% son reciclados por empresas especializadas.', 'Esta decisión se adoptó en línea con las recomendaciones de gobierno corporativo en materia de rotación del auditor externo, a propuesta de la comisión de auditoría y como resultado de un concurso de selección desarrollado con plena transparencia.', 'La baja contable de los activos de un plan puede producirse cuando estos activos son mayores que la obligación proyectada y el Grupo no puede recuperar ningún superávit a través de reembolsos del instrumento en que está materializado el compromiso de prestación definida como consecuencia de requisitos de solvencia y/o control.', 'Debt Valuation Adjustment (DVA): ajuste a la valoración similar al CVA, pero en este caso como consecuencia del riesgo propio del Grupo que asumen sus contrapartidas en los derivados OTC.', 'También podrá proponerse la separación de consejeros independientes como consecuencia de ofertas públicas de adquisición, fusiones u otras operaciones corporativas similares que supongan un cambio en la estructura de capital de la sociedad, cuando tales cambios en la estructura del consejo de administración vengan propiciados por el criterio de proporcionalidad señalado en la recomendación 16.']","esta decisión se adoptó en línea con las recomendaciones de gobierno corporativo en materia de rotación del auditor externo, a propuesta de la comisión de auditoría y como resultado de un concurso de selección desarrollado con plena transparencia",aún no se han realizado mediciones desde su apertura,0.0,0.875,0.0
"¿Cuál ha sido la causa del crecimiento de las comisiones netas a 1.148,6 millones de euros (1.022,8 millones de euros sin considerar TSB), conllevando un aumento del 14,5% (10,6% sin considerar TSB) en términos interanuales (T4)?","['Las comisiones netas ascendieron a 1.148,6 millones de euros (1.022,8 millones de euros sin considerar TSB) y crecieron un 14,5% (10,6% sin considerar TSB) en términos interanuales (T4). Este crecimiento se manifestó como consecuencia principalmente de la evolución positiva de las comisiones de comercialización de fondos de pensiones y seguros, que crecen un 48,9% respeto al ejercicio anterior.', 'Los otros gastos por operaciones (3.918 millones de euros) crecen un 19,9% interanual en el año debido al incremento generalizado de precios en algún país de la región comentado anteriormente así como a la mayor actividad comercial y los gastos asociados a la mayor capacidad de tráfico, tanto de voz como de datos.', 'Los ingresos del periodo enero-diciembre de 2014 ascienden a 1.719 millones de euros y aumentan un 7,8% interanual, debido al crecimiento tanto del negocio móvil como del fijo.', 'Sin considerar esta venta, el beneficio neto ha crecido un 25,4% principalmente debido al buen desempeño del margen financiero y las comisiones cobradas y por un adecuado control de los gastos de administración y promoción.', 'En ellos se incluye la ampliación de capital con derecho de suscripción preferente por 1.607 millones de euros llevada a cabo en el mes de abril de 2015, como consecuencia de la adquisición de TSB (T16).']","principalmente de la evolución positiva de las comisiones de comercialización de fondos de pensiones y seguros, que crecen un 48,9% respeto al ejercicio anterior","se manifestó como consecuencia principalmente de la evolución positiva de las comisiones de comercialización de fondos de pensiones y seguros, que crecen un 48,9% respeto al ejercicio anterior",0.75,1.0,1.0
"¿Por qué se incluye en el epígrafe de ""Préstamos y partidas a cobrar"" del balance consolidado?","['Cuando el grupo actúa como arrendador de un bien, la suma de los valores actuales de los importes que recibirá del arrendatario se registra como una financiación prestada a terceros, por lo que se incluye en el epígrafe de ""Préstamos y partidas a cobrar"" del balance consolidado. Esta financiación incorpora el precio de ejercicio de la opción de compra a favor del arrendatario al vencimiento del contrato en los casos en que dicho precio de ejercicio sea suficientemente inferior al valor razonable del bien a la fecha de vencimiento de la opción, de modo que sea razonablemente probable que vaya a ejercerse.', 'Asimismo, y tal y como se describe en la nota 31.2.o, el Grupo aplica la contabilidad de coberturas al objeto de mitigar la volatilidad que se produciría en la cuenta de pérdidas y ganancias consolidada como consecuencia de la existencia de transacciones relevantes en moneda extranjera.', 'Debido a posibles interpretaciones que pueden hacerse de la normativa fiscal aplicable a algunas operaciones realizadas en el sector bancario, podrían existir determinados pasivos por impuestos de carácter contingente. Sin embargo, la posibilidad de que se materialicen estos pasivos es remota y, en cualquier caso, la deuda tributaria que de ellos pudiera derivarse no afectaría significativamente a las presentes Cuentas anuales consolidadas.', 'El Grupo se acogió a la exención contemplada en la NIIF 1 ""Adopción por primera vez de las NIIF"" relativa a diferencias de conversión acumuladas, por lo que aquellas diferencias de conversión reconocidas en las cuentas anuales consolidadas que se hubieran generado con anterioridad al 1 de enero de 2004 se muestran en cuentas de reservas.', 'Este dato no incluye CDS por aproximadamente 2.293 millones de euros de nominal que cubren préstamos, dado que contablemente se catalogan como garantías financieras en lugar de como derivados de crédito al no tener impacto su variación de valor sobre resultados ni sobre reservas para evitar asimetrías contables. 18.']","Cuando el grupo actúa como arrendador de un bien, la suma de los valores actuales de los importes que recibirá del arrendatario se registra como una financiación prestada a terceros","Cuando el grupo actúa como arrendador de un bien, la suma de los valores actuales de los importes que recibirá del arrendatario se registra como una financiación prestada a terceros",1.0,1.0,1.0
"¿Qué explica el aumento de la plantilla de un 2,6%?","['Su reutilización no es posible pero sí su reciclaje, por lo que el 97% son reciclados por empresas especializadas.', 'Esta decisión se adoptó en línea con las recomendaciones de gobierno corporativo en materia de rotación del auditor externo, a propuesta de la comisión de auditoría y como resultado de un concurso de selección desarrollado con plena transparencia.', 'Debt Valuation Adjustment (DVA): ajuste a la valoración similar al CVA, pero en este caso como consecuencia del riesgo propio del Grupo que asumen sus contrapartidas en los derivados OTC.', 'Ofrece a los usuarios una imagen tridimensional del objeto que se inspecciona, con lo que se ofrece una visión clara acerca del alcance y naturaleza de los posibles defectos.', 'Llevamos años siendo cada vez más y más eficientes, por eso también cada vez es más difícil mejorar.']","Llevamos años siendo cada vez más y más eficientes, por lo que también cada vez es más difícil mejorar",se han puesto en marcha nuevas líneas y que ha aumentado la producción,0.0,0.3333333333333333,0.0
¿Qué efecto tiene que Atresmedia sea consciente de la decisiva labor de las empresas para la consecución de estas importantes metas?,"['Atresmedia es consciente de la decisiva labor de las empresas para la consecución de estas importantes metas y, por ese motivo, apoya con sus políticas, iniciativas y capacidad de difusión, la consecución de aquellos ODS en los que la contribución de la Compañía puede ser mayor y de especial incidencia.', 'Esta estrategia marcará, previsiblemente, la pauta del posicionamiento futuro en este complejo sector respecto al resto de operadores audiovisuales, dado que permite una mayor especialización y una significativa disminución del riesgo de negocio para Atresmedia.', 'Esta tendencia se sustentó en una mejora de las variables macroeconómicas, pero se potenció innegablemente gracias al esfuerzo por retener el precio que inició Atresmedia desde hace un par de años, estrategia por la que parecen por fin haber optado el resto de operadores principales del mercado.', 'Señale si existen colaboraciones con terceros para proteger o restaurar áreas de hábitat distintas de aquellas en las que la organización ha supervisado o ejecutado medidas de restauración protección y el estado final. Atresmedia desarrolla su actividad en zonas urbanas que no afectan a espacios naturales por lo que no produce impactos en la biodiversidad', 'El evento fue posible gracias a la colaboración de Atresmedia y una de las principales distribuidoras con las que trabaja, Warner Bros.']","apoya con sus políticas, iniciativas y capacidad de difusión, la consecución de aquellos ODS en los que la contribución de la Compañía puede ser mayor y de especial incidencia","apoya con sus políticas, iniciativas y capacidad de difusión, la consecución de aquellos ODS en los que la contribución de la Compañía puede ser mayor y de especial incidencia",1.0,1.0,1.0
¿Qué razones la llevan a estar convencida de que lograrán el éxito?,"['Estoy segura de que lo conseguiremos porque contamos con un equipo dispuesto a esforzarse al máximo para dar el mejor servicio a los clientes.', 'Gracias a nuestra visión estratégica y a un importante rigor en la gestión, acompañada por unos sólidos valores, aquilatados por el fuerte componente familiar, hemos superado con éxito una compleja etapa en la que hemos logrado alcanzar la mayor parte de los objetivos propuestos, afrontando el futuro con solvencia y optimismo.', 'Durante muchas generaciones hemos aplicado nuestro conocimiento y experiencia para innovar y reinventar la manera de hacer banca, manteniendo las fortalezas que nos han acompañado siempre. Estoy convencida de que lograremos el éxito porque:  nuestro crecimiento, rentabilidad y fortaleza de balance demuestran que nuestra estrategia está funcionando;  nuestro tamaño, diversificación y predictibilidad nos aportan una base sólida para innovar;  nuestra cultura —nuestro foco constante en ser un banco responsable— reforzará la confianza de las personas en nuestra marca.', 'Personas a las que quiero hacer llegar desde aquí mi más sincero agradecimiento, pues su contribución y compromiso han sido, y son, piedra angular para la consecución de nuestros objetivos y para nuestro futuro.', 'Una de las grandes ventajas de este sistema es su transparencia, ya que estas ideas son visibles de forma inmediata para toda la plantilla de modo que pueden ser votadas o enriquecidas con opiniones o aportaciones complementarias.']","nuestro crecimiento, rentabilidad y fortaleza de balance demuestran que nuestra estrategia está funcionando;  nuestro tamaño, diversificación y predictibilidad nos aportan una base sólida para innovar;  nuestra cultura —nuestro foco constante en ser un banco responsable— reforzará la confianza de las personas en nuestra marca","nuestro crecimiento, rentabilidad y fortaleza de balance demuestran que nuestra estrategia está funcionando;  nuestro tamaño, diversificación y predictibilidad nos aportan una base sólida para innovar;  nuestra cultura —nuestro foco constante en ser un banco responsable— reforzará la confianza de las personas en nuestra marca",1.0,1.0,1.0
¿Por qué este enfoque es importante?,"['Este enfoque es importante, ya que nos permite contar con los conocimientos adecuados que faciliten unas conversaciones productivas con el equipo directivo. Si no entendemos su trabajo, no podemos analizar su labor ni ofrecer orientaciones útiles.', 'Una de las grandes ventajas de este sistema es su transparencia, ya que estas ideas son visibles de forma inmediata para toda la plantilla de modo que pueden ser votadas o enriquecidas con opiniones o aportaciones complementarias.', 'Ofrece a los usuarios una imagen tridimensional del objeto que se inspecciona, con lo que se ofrece una visión clara acerca del alcance y naturaleza de los posibles defectos.', 'Este sistema supone un importante avance en el impacto medioambiental ya que los sistemas de purificación propuestos eliminan impurezas, productos químicos e imperfecciones sin perjudicar la calidad del agua consumible por el cliente, reduciendo además espacio de almacenaje, costes económicos y tiempo por la gestión logística del producto.', 'Creemos firmemente que estamos bien preparados para afrontar este reto y marcar la diferencia. Entre otros motivos, porque gestionamos el ciclo de vida completo de los medicamentos, desde la formulación hasta la adherencia, lo que nos sitúa en una posición excelente para diseñar medicamentos que funcionan, ayudan y se adaptan a las necesidades de los pacientes.']","nos permite contar con los conocimientos adecuados que faciliten unas conversaciones productivas con el equipo directivo. Si no entendemos su trabajo, no podemos analizar su labor ni ofrecer orientaciones útiles",nos permite contar con los conocimientos adecuados que faciliten unas conversaciones productivas con el equipo directivo,0.75,1.0,1.0
¿Qué efecto ha producido la situación climatológica del país?,"['Su reutilización no es posible pero sí su reciclaje, por lo que el 97% son reciclados por empresas especializadas.', 'Esta decisión se adoptó en línea con las recomendaciones de gobierno corporativo en materia de rotación del auditor externo, a propuesta de la comisión de auditoría y como resultado de un concurso de selección desarrollado con plena transparencia.', 'La baja contable de los activos de un plan puede producirse cuando estos activos son mayores que la obligación proyectada y el Grupo no puede recuperar ningún superávit a través de reembolsos del instrumento en que está materializado el compromiso de prestación definida como consecuencia de requisitos de solvencia y/o control.', 'Debt Valuation Adjustment (DVA): ajuste a la valoración similar al CVA, pero en este caso como consecuencia del riesgo propio del Grupo que asumen sus contrapartidas en los derivados OTC.', 'También podrá proponerse la separación de consejeros independientes como consecuencia de ofertas públicas de adquisición, fusiones u otras operaciones corporativas similares que supongan un cambio en la estructura de capital de la sociedad, cuando tales cambios en la estructura del consejo de administración vengan propiciados por el criterio de proporcionalidad señalado en la recomendación 16.']",el 97% son reciclados por empresas especializadas,"el ebitda se ha visto afectado por el incremento significativo del coste de la energía, registrado principalmente desde el mes de septiembre ",0.0,0.0,0.0
¿Qué acciones tuvieron lugar a raíz del Día de la Propiedad Intelectual?,"['Con motivo del Día de la Propiedad Intelectual se lanzaron unas cortinillas especiales para homenajear a los creadores culturales y se realizó una acción interna de concienciación entre los empleados de Atresmedia.', 'Además, se ha procedido a revisar el estado actual de las instalaciones obteniendo como resultado unas propuestas de mejora de ahorro y eficiencia energética.', 'Desde el pasado año, Grupo DIA viene desarrollando un ambicioso proyecto que supone la reingeniería y digitalización de los principales procesos del área comercial de la Compañía. Como resultado del proyecto, se están obteniendo beneficios, tales como la optimización y estandarización de procesos, digitalización completa de la información, trazabilidad de la misma y la reducción del time to market. La solución elegida para la digitalización de los procesos es la herramienta AuraPortal, uno de los software BPM (Business Process Management) líderes en el sector, que permite modelar, implementar y ejecutar procesos de forma automática.', 'Como consecuencia de los compromisos adquiridos en el Plan de Recapitalización, la actividad de la entidad en los mercados financieros se mantuvo reducida.', 'El evento fue posible gracias a la colaboración de Atresmedia y una de las principales distribuidoras con las que trabaja, Warner Bros.']",se lanzaron unas cortinillas especiales para homenajear a los creadores culturales y se realizó una acción interna de concienciación entre los empleados de Atresmedia,se lanzaron unas cortinillas especiales para homenajear a los creadores culturales y se realizó una acción interna de concienciación entre los empleados de Atresmedia,1.0,1.0,1.0
"¿Por qué fueron un completo éxito tanto el proceso de pruebas, como el de la pura migración y de la fase de estabilización posterior correspondiente a la ola de Iberclear? ","['Tanto el proceso de pruebas, como el de la pura migración y de la fase de estabilización posterior correspondiente a la ola de Iberclear fueron un completo éxito, ya que no se produjeron impactos relevantes en la plataforma.', 'Gracias a nuestra visión estratégica y a un importante rigor en la gestión, acompañada por unos sólidos valores, aquilatados por el fuerte componente familiar, hemos superado con éxito una compleja etapa en la que hemos logrado alcanzar la mayor parte de los objetivos propuestos, afrontando el futuro con solvencia y optimismo.', 'Afortunadamente, no hubo que lamentar daños personales, ya que los clientes fueron evacuados de las zonas afectadas de una manera rápida, eficaz y segura.', 'Estas cifras unidas a una baja rotación voluntaria del 5,3 % dan como resultado un elevado índice de estabilidad.', 'Nuestra trayectoria avala ese propósito de estabilidad, porque mantenemos el nombre, no nos hemos fusionado con nadie y no hemos comprado nada en España.']",no se produjeron impactos relevantes en la plataforma,no se produjeron impactos relevantes en la plataforma,1.0,1.0,1.0
"¿A consecuencia de qué operación, entraron a formar parte del grupo accionistas institucionales americanos de Brasil y EEUU?","['La OPA, cuyo importe máximo era aproximadamente de 200 millones de euros, se financió en un 50% mediante recursos financieros propios y en otro 50% mediante la emisión de nuevas acciones de la matriz, suscritas, de forma preferente, por los accionistas de Autometal a través de una colocación acelerada en el mercado. Como consecuencia de la operación, accionistas institucionales americanos (de Brasil y EE.UU.) entraron a formar parte del grupo.', 'Esta operación es positiva para los accionistas, ya que se estima que mejora el beneficio por acción (BPA) desde 2016.', 'Realización de una oferta de adquisición de minoritarios de Banco Santander Brasil, aceptada por títulos representativos del 13,65% del capital social, con lo que la participación de Grupo Santander pasó a ser del 88,30% del capital', 'Dicha oferta fue aceptada por títulos que representan un 13,65% del capital social de Banco Santander Brasil por lo que la participación de Grupo Santander en Banco Santander Brasil pasó a ser del 88,3% de su capital social.', 'Destacan operaciones como la financiación en la compra del 20% de Gas Natural por Global Infrastructure Partners y el asesoramiento y financiación al consorcio entre Vinci, ADP y Astaldi para la construcción de la nueva terminal internacional del de Chile. En el mercado de capitales de deuda, Santander se posiciona como líder en el ranking latinoamericano, ya que ha estado presente en las principales operaciones de la región.']","esta operación es positiva para los accionistas, ya que se estima que mejora el beneficio por acción (BPA) desde 2016","La OPA, cuyo importe máximo era aproximadamente de 200 millones de euros, se financió en un 50% mediante recursos financieros propios y en otro 50% mediante la emisión de nuevas acciones de la matriz, suscritas, de forma preferente, por los accionistas de Autometal a través de una colocación acelerada en el mercado",0.25,1.0,1.0
¿A qué se debe el aumento en un 2% del consumo global de combustible del transporte primario y secundario ha aumentado?,"['En concreto, la renovación de la flota con 30 nuevos vehículos con consumos más bajos y adaptados a la más reciente norma anticontaminación Euro VI, la incorporación de camiones combinados de gran capacidad como los megatrailers o el uso de camiones híbridos, han permitido registrar ahorros de combustible de 448.715 litros de combustible y más de 1200 Tn de CO2 no emitidas a la atmfera. A pesar de las mejoras en este sentido, el consumo global de combustible del transporte primario y secundario ha aumentado en un 2%, debido al aumento de la frecuencia de reparto que exigen los nuevos modelos comerciales.', 'Europa ha tenido una primera mitad del año con fuerte incremento del consumo aparente, debido al incremento en la utilización por parte de los clientes finales pero también debido a la recuperación de stocks en la cadena de suministro.', 'Sin embargo el consumo total de electricidad y de gasóleo ha subido ligeramente en 2015 como consecuencia del incremento del número de coberturas y de la producción de programas especiales informativos derivados de la actualidad y especialmente de las elecciones Municipales, Autonómicas y Generales celebradas en 2015.', 'La plantilla aumentó un 2,6% dado que se han puesto en marcha nuevas líneas y que ha aumentado la producción.', 'A pesar de los esfuerzos, este año el consumo energético fue superior al de 2015 debido a una mayor producción.']",al aumento de la frecuencia de reparto que exigen los nuevos modelos comerciales,al aumento de la frecuencia de reparto que exigen los nuevos modelos comerciales,1.0,0.3333333333333333,1.0
"El análisis de escenarios es una herramienta muy útil para la alta dirección, ¿por qué?","['El análisis de escenarios es una herramienta muy útil para la alta dirección ya que permite testar la resistencia del Banco ante entornos o escenarios estresados, así como poner en marcha conjuntos de medidas que disminuyan el perfil de riesgo del Banco ante dichos escenarios.', 'El análisis de escenarios es una herramienta muy útil para la alta dirección ya que permite testar la resistencia del Banco ante entornos o escenarios estresados, así como poner en marcha conjuntos de medidas que disminuyan el perfil de riesgo del banco ante dichos escenarios.', 'Este enfoque es importante, ya que nos permite contar con los conocimientos adecuados que faciliten unas conversaciones productivas con el equipo directivo. Si no entendemos su trabajo, no podemos analizar su labor ni ofrecer orientaciones útiles.', 'El Consejo de Administración es el órgano responsable del establecimiento de las directrices generales sobre la distribución organizativa de las funciones de gestión y control de riesgos así como de determinar las principales líneas estratégicas al respecto. Por ello, es el órgano responsable de aprobar el marco estratégico de riesgos (desarrollado en colaboración entre el consejero delegado, director de riesgos y director financiero) y de asegurar que éste es consistente con los objetivos estratégicos de la entidad a corto y largo plazo, así como con el plan de negocio, la planificación de capital, la capacidad de riesgo y los programas de compensación.', 'Y también han de ser flexibles, porque la gestión de riesgos tiene que adaptarse rápidamente a nuevos entornos y escenarios imprevistos.']","permite testar la resistencia del Banco ante entornos o escenarios estresados, así como poner en marcha conjuntos de medidas que disminuyan el perfil de riesgo del Banco ante dichos escenarios","permite testar la resistencia del Banco ante entornos o escenarios estresados, así como poner en marcha conjuntos de medidas que disminuyan el perfil de riesgo del banco ante dichos escenarios",1.0,1.0,1.0
¿Por qué este sistema supone un avance importante en el impacto medioambiental?,"['Este sistema supone un importante avance en el impacto medioambiental ya que los sistemas de purificación propuestos eliminan impurezas, productos químicos e imperfecciones sin perjudicar la calidad del agua consumible por el cliente, reduciendo además espacio de almacenaje, costes económicos y tiempo por la gestión logística del producto.', 'Gracias a estas reformas y a la plataforma EcoTool, se ha conseguido evitar la emisión a la atmósfera de un total de 9.816 toneladas de CO2.', 'Además, se ha procedido a revisar el estado actual de las instalaciones obteniendo como resultado unas propuestas de mejora de ahorro y eficiencia energética.', 'El total del alcance 1 y 2, foco principal de las emisiones de la entidad al representar el 63,4% de su huella total, han experimentado un descenso del 5% gracias a las diferentes medidas de eficiencia energética que se han ido implantando durante los últimos años, como el cambio de luminarias a sistema LED, las mejoras en domótica y climatización, y la renovación de equipamientos por otros más ecoeficientes, entre otras.', 'Somos conscientes del impacto de nuestra actividad en la sociedad y, por ello, buscamos procesos más eficientes e innovadores, apoyándonos en las nuevas tecnologías, que nos permitan contribuir de forma positiva a lograr un entorno más sostenible.']","los sistemas de purificación propuestos eliminan impurezas, productos químicos e imperfecciones sin perjudicar la calidad del agua consumible por el cliente, reduciendo además espacio de almacenaje, costes económicos y tiempo por la gestión logística del producto","los sistemas de purificación propuestos eliminan impurezas, productos químicos e imperfecciones sin perjudicar la calidad del agua consumible por el cliente, reduciendo además espacio de almacenaje, costes económicos y tiempo por la gestión logística del producto",1.0,1.0,1.0
"¿A qué se debe el incremento del margen bruto de explotación en un 10,5% respecto al cierre de 2013?","['Su reutilización no es posible pero sí su reciclaje, por lo que el 97% son reciclados por empresas especializadas.', 'Esta decisión se adoptó en línea con las recomendaciones de gobierno corporativo en materia de rotación del auditor externo, a propuesta de la comisión de auditoría y como resultado de un concurso de selección desarrollado con plena transparencia.', 'Debt Valuation Adjustment (DVA): ajuste a la valoración similar al CVA, pero en este caso como consecuencia del riesgo propio del Grupo que asumen sus contrapartidas en los derivados OTC.', 'Ofrece a los usuarios una imagen tridimensional del objeto que se inspecciona, con lo que se ofrece una visión clara acerca del alcance y naturaleza de los posibles defectos.', 'Llevamos años siendo cada vez más y más eficientes, por eso también cada vez es más difícil mejorar.']","a la valoración similar al CVA, pero en este caso como consecuencia del riesgo propio del Grupo que asumen sus contrapartidas en los derivados OTC","al impacto de los activos adquiridos a finales de 2013 y principios de 2014, y gracias al plan iniciado en ejercicios anteriores para implantar una serie de medidas de mejora de la eficiencia y optimización de los costes de explotación, en las que el Grupo continuará haciendo hincapié",0.0,0.4,0.0
¿Qué efecto han tenido las facilidades de acceso al crédito que ha impulsado el Fondo de Garantía del Crédito?,"['Su reutilización no es posible pero sí su reciclaje, por lo que el 97% son reciclados por empresas especializadas.', 'Esta decisión se adoptó en línea con las recomendaciones de gobierno corporativo en materia de rotación del auditor externo, a propuesta de la comisión de auditoría y como resultado de un concurso de selección desarrollado con plena transparencia.', 'La baja contable de los activos de un plan puede producirse cuando estos activos son mayores que la obligación proyectada y el Grupo no puede recuperar ningún superávit a través de reembolsos del instrumento en que está materializado el compromiso de prestación definida como consecuencia de requisitos de solvencia y/o control.', 'Debt Valuation Adjustment (DVA): ajuste a la valoración similar al CVA, pero en este caso como consecuencia del riesgo propio del Grupo que asumen sus contrapartidas en los derivados OTC.', 'También podrá proponerse la separación de consejeros independientes como consecuencia de ofertas públicas de adquisición, fusiones u otras operaciones corporativas similares que supongan un cambio en la estructura de capital de la sociedad, cuando tales cambios en la estructura del consejo de administración vengan propiciados por el criterio de proporcionalidad señalado en la recomendación 16.']",el 97% son reciclados por empresas especializadas,"Los estímulos gubernamentales parecen estar fomentando el crecimiento por medio tanto del consumo privado, que está redundando en una mejora de la confianza de los consumidores, como de la inversión, la cual está aumentando",0.0,0.6666666666666666,0.0
¿Cuál es la razón de que se considere adecuado expresar agradecimiento a las personas que han contribuido al beneficio de la empresa?,"['Personas a las que quiero hacer llegar desde aquí mi más sincero agradecimiento, pues su contribución y compromiso han sido, y son, piedra angular para la consecución de nuestros objetivos y para nuestro futuro.', 'Applus+ cuenta con profesionales de gran talento, comprometidos y apasionados, que han contribuido al crecimiento y a la diversificación del negocio durante muchos años y por este motivo me gustaría expresarles mi agradecimiento por la gran labor que han realizado.', 'También, en la relación con sus propietarios, la Compañía refleja sus valores corporativos ya que les ofrece un canal directo con la Compañía para la resolución de incidencias, ofrecer respuesta ágil a sus inquietudes y necesidades de información, con el objetivo de reforzar el vínculo y el orgullo de pertenencia, a través de la aportación de valor al negocio entendida en su más amplio sentido.', 'Esta operación es positiva para los accionistas, ya que se estima que mejora el beneficio por acción (BPA) desde 2016.', 'Esto redunda en una mejora de la autoestima, incrementando el orgullo de pertenencia a la empresa, y, por consiguiente, en la atracción y retención del talento.']",se estima que mejora el beneficio por acción (BPA) desde 2016,"Applus+ cuenta con profesionales de gran talento, comprometidos y apasionados, que han contribuido al crecimiento y a la diversificación del negocio durante muchos años",0.0,0.6666666666666666,1.0
¿A qué es debido que el flujo libre de caja para el accionista del Grupo aumentase 630 millones de euros en 2017?,"['El flujo libre de caja para el accionista del Grupo aumentó 630 millones de euros en 2017, debido al incremento del EBITDAR y del EBITDA antes de partidas excepcionales y a una ligera reducción neta de las inversiones en inmovilizado (CAPEX). El CAPEX neto es la adquisición y venta de inmovilizado material e inmaterial (2017: 1.184 millones de euros; 2016: 1.301 millones de euros).', 'El resultado financiero ha contribuido con 62,3 millones de euros a la cuenta de resultados del Grupo. Respecto al año anterior el resultado financiero desciende un 26,5% debido al diferente impacto de los resultados no recurrentes (pérdida de 15,5 millones de euros en 2016 respecto a beneficios de 22,3 millones de euros en 2015).', 'Esta operación es positiva para los accionistas, ya que se estima que mejora el beneficio por acción (BPA) desde 2016.', 'La plantilla aumentó un 2,6% dado que se han puesto en marcha nuevas líneas y que ha aumentado la producción.', 'Como resultado de los puntos mencionados anteriormente, el Grupo ha obtenido un beneficio después de impuestos de 17.526 miles de euros.']",al incremento del EBITDAR y del EBITDA antes de partidas excepcionales y a una ligera reducción neta de las inversiones en inmovilizado (CAPEX),al incremento del EBITDAR y del EBITDA antes de partidas excepcionales y a una ligera reducción neta de las inversiones en inmovilizado (CAPEX),1.0,0.75,1.0
¿Qué facilita acelerar la transformación?,"['Nuestra evolución en los últimos años y nuestras fortalezas nos permiten acelerar nuestra transformación', '• Construir un Prosegur más ágil, rápido, consistente y homogéneo, gracias a la simplificación de procesos y estructuras que redunden en una mejor toma de decisiones', 'Gracias a la introducción de tecnologías innovadoras y el desarrollo de nuevas soluciones y procesos de negocio, buscamos convertirnos en un Grupo más efectivo, eficiente y orientado al cliente.', 'También se ha mejorado la interfaz gráfica general, con lo que se consigue una mejor experiencia de usuario.', 'En el mes de abril, con la campaña ""Cien Respuestas Inmediatas"" se comunicó que BS da un paso más en el acompañamiento, en dos sentidos: dando respuestas de crédito de forma inmediata e in situ (donde quiera que esté el cliente del segmento negocios). A partir de esa ventaja, se persigue no solo mejorar la percepción de marca, sino también incrementar la consideración/captación de nuevos negocios. Por ello, se concentran los esfuerzos en capitalizar esas ventajas diferenciales de servicio y ello sirvió para dar un paso más en la construcción de imagen de una entidad en evolución.']",Nuestra evolución en los últimos años y nuestras fortalezas nos permiten acelerar nuestra transformación,Nuestra evolución en los últimos años y nuestras fortalezas,1.0,1.0,1.0
¿Qué supone para Bankia que el cliente sea el mayor activo?,"['En Bankia, el cliente es el mayor activo y, por ello, ofrecerle un alto grado de profesionalidad y un servicio de calidad es objetivo fundamental.', 'Llevará a cabo actividades que aporten valor y ayuden a reforzar la relación personal con determinados clientes, por lo que será una oficina evolucionada que permitirá al Banco testar un nuevo modelo de atención y servicio.', 'Los resultados obtenidos constatan una sólida consolidación del negocio doméstico con una mejora significativa del margen de clientes. Esto ha sido posible gracias a una gestión proactiva de precios (tanto en intereses como en comisiones) junto con una mejora en las cuotas de mercado, siempre manteniendo una elevada calidad de servicio. El Banco ha sido capaz de fortalecer su margen de intereses y es la entidad con mejor comportamiento en el margen de clientes en España. Todo ello junto con una sólida posición de solvencia y liquidez.', 'Asimismo, Banco Sabadell ofrece un amplio abanico de medidas orientadas a mejorar la conciliación de la vida laboral y familiar y/o personal de su plantilla, mediante la contratación de servicios o compra de productos a través del portal para empleados, que les ofrece no solamente un ahorro económico sino también de tiempo, ya que reciben los productos en su lugar de trabajo y se ahorran el desplazamiento o el hacer la gestión fuera del horario laboral.', 'En los segmentos más altos la relación humana y el asesoramiento seguirán siendo una parte troncal de nuestra propuesta de valor, por lo que la red física seguirá teniendo un papel central, pero dedicará más tiempo a la venta, a la captación y al asesoramiento y mucho menos a las tareas operativas.']",ofrecerle un alto grado de profesionalidad y un servicio de calidad es objetivo fundamental,ofrecerle un alto grado de profesionalidad y un servicio de calidad es objetivo fundamental,1.0,1.0,1.0
¿Por qué razón les anima a leer el informe con atención y detenimiento?,"['Me resulta complicado abarcar en esta carta todos los aspectos de interés que pueden encontrar en el presente informe, por lo que les animo a leerlo con atención y detenimiento.', 'No quiero extenderme mucho en esto porque la consejera delegada lo explica con detalle en este mismo informe, pero sí quiero poner énfasis en la calidad de los resultados.', 'Como consecuencia de las conclusiones que ofreció este informe, se han identificado los puntos significativos y las mejoras que deben abordarse en los próximos años.', 'Personas a las que quiero hacer llegar desde aquí mi más sincero agradecimiento, pues su contribución y compromiso han sido, y son, piedra angular para la consecución de nuestros objetivos y para nuestro futuro.', '• A raíz del trabajo de Piecitos Colorados, se percibe un cambio de actitud de los alumnos respecto a su sentido de la responsabilidad y compromiso hacia la escuela.']",Me resulta complicado abarcar en esta carta todos los aspectos de interés que pueden encontrar en el presente informe,Me resulta complicado abarcar en esta carta todos los aspectos de interés que pueden encontrar en el presente informe,1.0,1.0,1.0
"¿Por qué motivo en el año 2015 la tasa efectiva ha ascendido al 24,2%, frente a un 13,4% en 2014?","['A pesar de la disminución del tipo de gravamen teórico la tasa efectiva del ejercicio 2015 ha ascendido al 24,2%, frente a un 13,4% en ejercicio 2014, como consecuencia de que en el ejercicio 2014 se incluían como disminuciones no recurrentes del impuesto teórico básicamente la revaluación de los impuestos diferidos por la reforma tributaria en España y la aplicación de la deducción por reinversión de beneficios extraordinarios por la plusvalía de la enajenación de Gas Natural Fenosa Telecomunicaciones.', 'La tasa del mes de diciembre fue inferior a la esperada, debido a la baja de los precios del petróleo, alimentos y servicios (principalmente la caída de los precios de los alimentos con una baja del 4%).', 'La tasa de morosidad se ha reducido desde el 1,35% en 2016 al 1,13% a diciembre de 2017, gracias a un entorno macroeconómico más favorable y la aplicación de políticas prudentes.', 'Por otro lado, los gastos financieros se han reducido significativamente como resultado de fructíferas negociaciones con los bancos que permitieron minorar el tipo de interés medio satisfecho por la Compañía, el cual se situó en 3,2% frente al 3,5% del año 2016, así como incrementar los plazos de vencimiento de los instrumentos de deuda con los que actualmente se financia.', 'En diciembre de 2015, la inflación interanual se situó próxima a cero (0,2%), debido a los bajos precios de la energía y de los alimentos, mientras que la inflación, excluidos la energía y los alimentos, repuntó hasta el 1,4%.']",en el ejercicio 2014 se incluían como disminuciones no recurrentes del impuesto teórico básicamente la revaluación de los impuestos diferidos por la reforma tributaria en España y la aplicación de la deducción por reinversión de beneficios extraordinarios por la plusvalía de la enajenación de Gas Natural Fenosa Telecomunicaciones,en el ejercicio 2014 se incluían como disminuciones no recurrentes del impuesto teórico básicamente la revaluación de los impuestos diferidos por la reforma tributaria en España y la aplicación de la deducción por reinversión de beneficios extraordinarios por la plusvalía de la enajenación de Gas Natural Fenosa Telecomunicaciones,0.5,1.0,1.0
¿Por qué BBVA ha reforzado su posición de mercado en el negocio de corporate finance?,"['En el negocio de corporate finance, ha existido una elevada actividad en el año 2017 y se ha llevado a cabo una gran labor de marketing, gracias a la cual BBVA ha obtenido numerosos mandatos, reforzando su posición de mercado en este negocio.', 'La compañía ha ido ganando volumen merced a un modelo de negocio único en su sector, que le ha permitido aumentar su rentabilidad pese a los ciclos económicos adversos y ganarse la confianza del mercado.', 'Los resultados obtenidos constatan una sólida consolidación del negocio doméstico con una mejora significativa del margen de clientes. Esto ha sido posible gracias a una gestión proactiva de precios (tanto en intereses como en comisiones) junto con una mejora en las cuotas de mercado, siempre manteniendo una elevada calidad de servicio. El Banco ha sido capaz de fortalecer su margen de intereses y es la entidad con mejor comportamiento en el margen de clientes en España. Todo ello junto con una sólida posición de solvencia y liquidez.', 'Además, BBVA cuenta con una aplicación global de job posting interno, denominada ‘apúntate+’, como medio para favorecer el desarrollo y la transparencia en los procesos de promoción interna, ya que en ella se publican las diferentes posiciones disponibles a las que el empleado puede acceder.', 'Por último cabe señalar los menores niveles de deterioro del valor de los activos financieros con respecto a los del ejercicio previo, cuando se registraron dotaciones a saneamientos como consecuencia de las bajadas de rating de las compañías de oil & gas en Estados Unidos, sobre todo durante los tres primeros meses de ese año.rela Ción C on el Cliente 2017 P.69 Relación con el cliente experiencia de cliente El principal foco de atención de BBVA es satisfacer las necesidades de sus clientes y conectar con ellos de una manera más atractiva, combinando al mismo tiempo innovación, tecnología y experiencia.']","ha existido una elevada actividad en el año 2017 y se ha llevado a cabo una gran labor de marketing, gracias a la cual BBVA ha obtenido numerosos mandatos, reforzando su posición de mercado en este negocio",ha existido una elevada actividad en el año 2017 y se ha llevado a cabo una gran labor de marketing,0.75,1.0,1.0
¿Qué consecuencias tendría una deuda financiera debida al importe de la financiación externa?,"['Su reutilización no es posible pero sí su reciclaje, por lo que el 97% son reciclados por empresas especializadas.', 'Esta decisión se adoptó en línea con las recomendaciones de gobierno corporativo en materia de rotación del auditor externo, a propuesta de la comisión de auditoría y como resultado de un concurso de selección desarrollado con plena transparencia.', 'La baja contable de los activos de un plan puede producirse cuando estos activos son mayores que la obligación proyectada y el Grupo no puede recuperar ningún superávit a través de reembolsos del instrumento en que está materializado el compromiso de prestación definida como consecuencia de requisitos de solvencia y/o control.', 'Debt Valuation Adjustment (DVA): ajuste a la valoración similar al CVA, pero en este caso como consecuencia del riesgo propio del Grupo que asumen sus contrapartidas en los derivados OTC.', 'También podrá proponerse la separación de consejeros independientes como consecuencia de ofertas públicas de adquisición, fusiones u otras operaciones corporativas similares que supongan un cambio en la estructura de capital de la sociedad, cuando tales cambios en la estructura del consejo de administración vengan propiciados por el criterio de proporcionalidad señalado en la recomendación 16.']",el 97% son reciclados por empresas especializadas,un cambio en los tipos de interés a la fecha de cierre no afectaría significativamente a los resultados consolidados,0.0,0.5,0.0
¿Por qué gran parte de las líneas están en proceso de ejecución?,"['Gran parte de las líneas están en proceso de ejecución, dado que muchos de los objetivos propuestos se han trazado a 2015.', 'Gracias al mejor aprovechamiento del Big Data es posible el desarrollo de modelos estadísticos de propensión al consumo de productos y servicios, con refresco diario de la información, lo que redunda en una adecuación de la oferta y por tanto de la eficacia en las acciones comerciales.', 'Creemos firmemente que estamos bien preparados para afrontar este reto y marcar la diferencia. Entre otros motivos, porque gestionamos el ciclo de vida completo de los medicamentos, desde la formulación hasta la adherencia, lo que nos sitúa en una posición excelente para diseñar medicamentos que funcionan, ayudan y se adaptan a las necesidades de los pacientes.', 'El análisis de escenarios es una herramienta muy útil para la alta dirección ya que permite testar la resistencia del Banco ante entornos o escenarios estresados, así como poner en marcha conjuntos de medidas que disminuyan el perfil de riesgo del Banco ante dichos escenarios.', 'Operamos en una industria global y altamente competitiva por lo que no sólo debemos adaptarnos de forma continuada a los requisitos de nuestros clientes sino que consideramos el desarrollo conjunto una oportunidad de ventaja competitiva.']",muchos de los objetivos propuestos se han trazado a 2015,muchos de los objetivos propuestos se han trazado a 2015,0.75,1.0,1.0
¿A qué se debió el crecimiento de LAS VENTAS? ,"['En 2017 las ventas han aumentado un 4,3% como consecuencia de una ligera recuperación de la situación general económica y también del sector de la construcción.', 'Sin considerar esta venta, el beneficio neto ha crecido un 25,4% principalmente debido al buen desempeño del margen financiero y las comisiones cobradas y por un adecuado control de los gastos de administración y promoción.', 'La compañía ha ido ganando volumen merced a un modelo de negocio único en su sector, que le ha permitido aumentar su rentabilidad pese a los ciclos económicos adversos y ganarse la confianza del mercado.', 'LAS VENTAS crecieron debido a la incorporación de Oliveri (en 2013 sólo un mes) y Garofalo (desde el mes de junio). El impacto de los nuevos negocios es de 103 millones de euros. Ambas compañías son parte importante en la estrategia del Grupo y tienen un desarrollo específico para ampliar su distribución en mercados que entendemos complementarios.', 'El resultado antes de impuestos, que refleja mejor la evolución del negocio, crece un 8% gracias al aumento de volúmenes, la buena gestión de márgenes y el control de costes.']",a la incorporación de Oliveri (en 2013 sólo un mes) y Garofalo (desde el mes de junio). El impacto de los nuevos negocios es de 103 millones de euros. Ambas compañías son parte importante en la estrategia del Grupo y tienen un desarrollo específico para ampliar su distribución en mercados que entendemos complementarios,a la incorporación de Oliveri (en 2013 sólo un mes) y Garofalo (desde el mes de junio),0.75,0.7142857142857143,1.0
¿El Día Mundial del Cáncer de Mama qué ha implicado?,"['Además, con motivo del Día Mundial del Cáncer de Mama, se emitieron en televisión piezas con consejos para prevenir esta enfermedad.', 'También queremos que nuestros proyectos de responsabilidad social sean cada vez más cercanos a ellos y a sus familias, y por esto buscamos que en cada uno de ellos puedan participar y estar con nosotros. Pongo como ejemplos, el lanzamiento de nuestra Superliga DIA en España, la carrera en apoyo a los niños con cáncer en Sao Paulo, la ayuda a jóvenes madres en riesgo de exclusión en Portugal o la campaña de recogida de ropa de abrigo en Argentina entre otras muchas acciones.', 'Simultáneamente, hemos comenzado a trabajar en la cuarta edición, que supondrá una importante ampliación del alcance del programa, ya que también abarcará cuestiones adicionales de sostenibilidad ambiental.', 'Además de las acciones que llevamos a cabo con nuestros interlocutores, los pacientes y la comunidad sanitaria, 2015 nos sirvió para reorientar toda nuestra organización al objetivo de ofrecer soluciones innovadoras para los pacientes en Dermatología a través de nuestro know-how acumulado y nuestra competencia técnica en este campo. Gracias a una amplia gama de acciones internas y externas, no solo nos encontramos hoy en una mejor posición para conseguir este objetivo, sino que podemos hacerlo escuchando mejor las aportaciones de los pacientes, los médicos y la comunidad científica.', 'En su firme compromiso por sensibilizar a la sociedad para paliar las situaciones que afectan a los más desfavorecidos, ‘12 Meses’ ha culminado en 2015 su campaña ‘Balón solidario’ de ‘Los Manolos’ -Manu Carreño y Manolo Lamapuesta en marcha el año anterior en colaboración con el Banco de Alimentos y la Fundación Solidaridad Carrefour, con un rotundo éxito: más de 230.000 meriendas distribuidas entre niños en riesgo de exclusión social obtenidas a raíz de la venta de miles de ejemplares del balón solidario en 173 centros Carrefour de toda España.']",se emitieron en televisión piezas con consejos para prevenir esta enfermedad,se emitieron en televisión piezas con consejos para prevenir esta enfermedad,1.0,0.5,1.0
¿Qué ha motivado el enfoque en la red comercial y la adopción de una estrategia de precios con tipos de interés más atractivos?,"['Esta tendencia se sustentó en una mejora de las variables macroeconómicas, pero se potenció innegablemente gracias al esfuerzo por retener el precio que inició Atresmedia desde hace un par de años, estrategia por la que parecen por fin haber optado el resto de operadores principales del mercado.', 'La contratación de préstamos al consumo consolida su crecimiento con un incremento de volumen del 46,42% respecto al año anterior gracias al foco en la red comercial y a la estrategia aplicada en la política de precios con tipos de interés más atractivos.', 'Si en lugar de por concepto, analizamos el margen de intereses por áreas geográficas cabe destacar: – Favorable evolución en Reino Unido (+16,5%) y EE.UU. (+11,2%) que aumentan a doble dígito gracias al esfuerzo realizado en reducir el coste de los depósitos minoristas en el primer caso y a la mayor actividad en consumo (SCUSA) en el segundo.', 'Los resultados obtenidos constatan una sólida consolidación del negocio doméstico con una mejora significativa del margen de clientes. Esto ha sido posible gracias a una gestión proactiva de precios (tanto en intereses como en comisiones) junto con una mejora en las cuotas de mercado, siempre manteniendo una elevada calidad de servicio. El Banco ha sido capaz de fortalecer su margen de intereses y es la entidad con mejor comportamiento en el margen de clientes en España. Todo ello junto con una sólida posición de solvencia y liquidez.', 'Por otro lado, los gastos financieros se han reducido significativamente como resultado de fructíferas negociaciones con los bancos que permitieron minorar el tipo de interés medio satisfecho por la Compañía, el cual se situó en 3,2% frente al 3,5% del año 2016, así como incrementar los plazos de vencimiento de los instrumentos de deuda con los que actualmente se financia.']","La contratación de préstamos al consumo consolida su crecimiento con un incremento de volumen del 46,42% respecto al año anterior","La contratación de préstamos al consumo consolida su crecimiento con un incremento de volumen del 46,42% respecto al año anterior",1.0,1.0,1.0
¿Qué efecto ha tenido el éxito de su oferta de novelas?,"['Su reutilización no es posible pero sí su reciclaje, por lo que el 97% son reciclados por empresas especializadas.', 'Esta decisión se adoptó en línea con las recomendaciones de gobierno corporativo en materia de rotación del auditor externo, a propuesta de la comisión de auditoría y como resultado de un concurso de selección desarrollado con plena transparencia.', 'La baja contable de los activos de un plan puede producirse cuando estos activos son mayores que la obligación proyectada y el Grupo no puede recuperar ningún superávit a través de reembolsos del instrumento en que está materializado el compromiso de prestación definida como consecuencia de requisitos de solvencia y/o control.', 'Debt Valuation Adjustment (DVA): ajuste a la valoración similar al CVA, pero en este caso como consecuencia del riesgo propio del Grupo que asumen sus contrapartidas en los derivados OTC.', 'También podrá proponerse la separación de consejeros independientes como consecuencia de ofertas públicas de adquisición, fusiones u otras operaciones corporativas similares que supongan un cambio en la estructura de capital de la sociedad, cuando tales cambios en la estructura del consejo de administración vengan propiciados por el criterio de proporcionalidad señalado en la recomendación 16.']",el 97% son reciclados por empresas especializadas,"Es la temática líder absoluto en las tardes de lunes a viernes (4,4%), por encima incluso de algunas generalistas",0.0,0.0,0.0
¿Cuál es el efecto de que el Grupo se acogiera a la exención de la NIIF 1 sobre diferencias de conversión acumuladas?,"['Su reutilización no es posible pero sí su reciclaje, por lo que el 97% son reciclados por empresas especializadas.', 'Esta decisión se adoptó en línea con las recomendaciones de gobierno corporativo en materia de rotación del auditor externo, a propuesta de la comisión de auditoría y como resultado de un concurso de selección desarrollado con plena transparencia.', 'La baja contable de los activos de un plan puede producirse cuando estos activos son mayores que la obligación proyectada y el Grupo no puede recuperar ningún superávit a través de reembolsos del instrumento en que está materializado el compromiso de prestación definida como consecuencia de requisitos de solvencia y/o control.', 'Debt Valuation Adjustment (DVA): ajuste a la valoración similar al CVA, pero en este caso como consecuencia del riesgo propio del Grupo que asumen sus contrapartidas en los derivados OTC.', 'También podrá proponerse la separación de consejeros independientes como consecuencia de ofertas públicas de adquisición, fusiones u otras operaciones corporativas similares que supongan un cambio en la estructura de capital de la sociedad, cuando tales cambios en la estructura del consejo de administración vengan propiciados por el criterio de proporcionalidad señalado en la recomendación 16.']",el 97% son reciclados por empresas especializadas,aquellas diferencias de conversión reconocidas en las cuentas anuales consolidadas que se hubieran generado con anterioridad al 1 de enero de 2004 se muestran en cuentas de reservas,0.0,0.25,0.0
¿Qué efecto han tenido los puntos que se han mencionado previamente?,"['Su reutilización no es posible pero sí su reciclaje, por lo que el 97% son reciclados por empresas especializadas.', 'Esta decisión se adoptó en línea con las recomendaciones de gobierno corporativo en materia de rotación del auditor externo, a propuesta de la comisión de auditoría y como resultado de un concurso de selección desarrollado con plena transparencia.', 'Debt Valuation Adjustment (DVA): ajuste a la valoración similar al CVA, pero en este caso como consecuencia del riesgo propio del Grupo que asumen sus contrapartidas en los derivados OTC.', 'Ofrece a los usuarios una imagen tridimensional del objeto que se inspecciona, con lo que se ofrece una visión clara acerca del alcance y naturaleza de los posibles defectos.', 'Llevamos años siendo cada vez más y más eficientes, por eso también cada vez es más difícil mejorar.']",también cada vez es más difícil mejorar,el Grupo ha obtenido un beneficio después de impuestos de 17.526 miles de euros,0.0,0.5,0.5
¿Por qué se ha registrado una disminución del porcentaje de ebitda certificado?,"['En 2015, a pesar de avanzar en la certificación de nuevos sistemas de gestión ambiental conforme a ISO 14001 y a los requisitos internos, se ha registrado una disminución del porcentaje de ebitda certificado, como consecuencia de la incorporación de nuevas actividades en Chile donde se está trabajando en adaptarlas a los referenciales internacionales y a los requerimientos internos en materia de gestión ambiental. En materia de cambio climático este año se ha mantenido el avance de los diferentes proyectos encaminados a la determinación de nuestra huella de carbono e identificación de los riesgos y oportunidades derivados del cambio climático.', 'El ebitda disminuye un 20,9% debido al impacto de una menor demanda y un efecto negativo de los tipos de cambio (–46 millones de euros).', 'El EBITDA ajustado descendió un 9,4% en 2017 hasta EUR568.6m, una caída del 8,9% a divisa constante. Este descenso tuvo su reflejo en una erosión de 65 puntos básicos en el margen EBITDA ajustado, que fue del 6,6% en el año como resultado de la política de precios implementada en España en la segunda mitad del año.', 'Estricto control de costes, con una disminución del 0,6% gracias al plan de eficiencia y de productividad.', 'En los tres últimos años, la Compañía ha logrado unos sólidos resultados financieros que han hecho que el BPA ajustado de 2016 alcance los 90,2 céntimos de euro. En consecuencia, los derechos asignados en 2014 bajo el plan de acciones por desempeño, se consolidarán en 2016 en su nivel máximo en lo que respecta al parámetro de BPA. El precio de la acción registró un fuerte crecimiento en los dos primeros años y medio de los tres que integran el período de desempeño, aunque sufrió una importante caída tras el resultado del referéndum sobre la UE celebrado en el Reino Unido.']",consecuencia de la incorporación de nuevas actividades en Chile donde se está trabajando en adaptarlas a los referenciales internacionales y a los requerimientos internos en materia de gestión ambiental,consecuencia de la incorporación de nuevas actividades en Chile donde se está trabajando en adaptarlas a los referenciales internacionales y a los requerimientos internos en materia de gestión ambiental,1.0,1.0,1.0
¿Cuál es la consecuencia de que su reutilización no sea posible pero sí su reciclaje?,"['Su reutilización no es posible pero sí su reciclaje, por lo que el 97% son reciclados por empresas especializadas.', 'Esta decisión se adoptó en línea con las recomendaciones de gobierno corporativo en materia de rotación del auditor externo, a propuesta de la comisión de auditoría y como resultado de un concurso de selección desarrollado con plena transparencia.', 'Debt Valuation Adjustment (DVA): ajuste a la valoración similar al CVA, pero en este caso como consecuencia del riesgo propio del Grupo que asumen sus contrapartidas en los derivados OTC.', 'Ofrece a los usuarios una imagen tridimensional del objeto que se inspecciona, con lo que se ofrece una visión clara acerca del alcance y naturaleza de los posibles defectos.', 'Llevamos años siendo cada vez más y más eficientes, por eso también cada vez es más difícil mejorar.']",el 97% son reciclados por empresas especializadas,el 97% son reciclados por empresas especializadas,0.75,1.0,1.0
¿Qué hizo que el evento fuera posible?,"['El evento fue posible gracias a la colaboración de Atresmedia y una de las principales distribuidoras con las que trabaja, Warner Bros.', 'Estoy segura de que lo conseguiremos porque contamos con un equipo dispuesto a esforzarse al máximo para dar el mejor servicio a los clientes.', 'Participando personas con discapacidad gracias a una beca David Feduchy.', 'Personas a las que quiero hacer llegar desde aquí mi más sincero agradecimiento, pues su contribución y compromiso han sido, y son, piedra angular para la consecución de nuestros objetivos y para nuestro futuro.', 'Gracias a nuestra visión estratégica y a un importante rigor en la gestión, acompañada por unos sólidos valores, aquilatados por el fuerte componente familiar, hemos superado con éxito una compleja etapa en la que hemos logrado alcanzar la mayor parte de los objetivos propuestos, afrontando el futuro con solvencia y optimismo.']","la colaboración de Atresmedia y una de las principales distribuidoras con las que trabaja, Warner Bros.","la colaboración de Atresmedia y una de las principales distribuidoras con las que trabaja, Warner Bros",1.0,1.0,1.0
¿Qué supone que todos los beneficios hayan sido comunicados a la totalidad de la plantilla?,"['Su reutilización no es posible pero sí su reciclaje, por lo que el 97% son reciclados por empresas especializadas.', 'Esta decisión se adoptó en línea con las recomendaciones de gobierno corporativo en materia de rotación del auditor externo, a propuesta de la comisión de auditoría y como resultado de un concurso de selección desarrollado con plena transparencia.', 'Debt Valuation Adjustment (DVA): ajuste a la valoración similar al CVA, pero en este caso como consecuencia del riesgo propio del Grupo que asumen sus contrapartidas en los derivados OTC.', 'Ofrece a los usuarios una imagen tridimensional del objeto que se inspecciona, con lo que se ofrece una visión clara acerca del alcance y naturaleza de los posibles defectos.', 'Llevamos años siendo cada vez más y más eficientes, por eso también cada vez es más difícil mejorar.']",también cada vez es más difícil mejorar,"son ampliamente conocidos por los trabajadores y trabajadoras, que los vienen solicitando y disfrutando desde hace tiempo",0.0,0.0,0.0
¿Qué ha provocado la reducción del volumen de dichas operaciones y los límites establecidos?,"['Su reutilización no es posible pero sí su reciclaje, por lo que el 97% son reciclados por empresas especializadas.', 'Esta decisión se adoptó en línea con las recomendaciones de gobierno corporativo en materia de rotación del auditor externo, a propuesta de la comisión de auditoría y como resultado de un concurso de selección desarrollado con plena transparencia.', 'Debt Valuation Adjustment (DVA): ajuste a la valoración similar al CVA, pero en este caso como consecuencia del riesgo propio del Grupo que asumen sus contrapartidas en los derivados OTC.', 'Ofrece a los usuarios una imagen tridimensional del objeto que se inspecciona, con lo que se ofrece una visión clara acerca del alcance y naturaleza de los posibles defectos.', 'Llevamos años siendo cada vez más y más eficientes, por eso también cada vez es más difícil mejorar.']",también cada vez es más difícil mejorar,"En las operaciones de trading de electricidad y de derechos de emisión de CO2 realizadas por Gas Natural Fenosa, el riesgo es poco significativo",0.25,0.25,0.5
¿Qué ha favorecido la mejoría de la economía mundial en los últimos meses del 2016?,"['La vinculación del sector del seguro con el entorno macroeconómico resulta indudable. En este sentido, la economía mundial mejoró en los últimos meses del 2016 gracias a la recuperación de economías avanzadas como las de Estados Unidos, Europa y China, marcando una tendencia de aceleración que se prevé continúe durante el 2017. En conjunto, la economía global creció un 3,1%, cifra inferior a la del 2015, pero superior a la prevista a principios de año.', 'En 2017 continuó mejorando el mercado de la vivienda y la situación financiera de los hogares gracias al buen cuadro macroeconómico y en particular a la evolución del empleo.', 'Esta tendencia favorable se produjo a pesar de haberse generado menores comisiones de mantenimiento de cuentas debido a la suspensión de su cobro al segmento retail, impuesta por el Consejo de Estado turco, y de los altos ingresos generados en el 2016 por el programa de millas Miles & Smiles.', 'Estados Unidos, por su parte, experimentó cierta ralentización en su crecimiento, con un incremento anual del PIB del 1,6%, pero con un satisfactorio cuadro macroeconómico: prácticamente pleno empleo, inflación controlada, incremento del número de asalariados con mejoras en los salarios medios y un índice de confianza de los consumidores positivo gracias al impulso fiscal anunciado por el nuevo presidente.', 'Es cierto que se ha registrado una desaceleración de la actividad en la segunda parte de 2015 respecto a lo observado en el primer semestre debido a la ralentización de la demanda mundial, el agotamiento de algunos factores cíclicos y el aumento de la incertidumbre, en parte ligada al ciclo electoral español, pero las previsiones indican que se alcanzará un incremento del PIB de alrededor de un 2,7% para 2016.']","la recuperación de economías avanzadas como las de Estados Unidos, Europa y China, marcando una tendencia de aceleración que se prevé continúe durante el 2017","la recuperación de economías avanzadas como las de Estados Unidos, Europa y China, marcando una tendencia de aceleración que se prevé continúe durante el 2017",1.0,1.0,1.0
"¿Qué se pretende conseguir manteniendo el nombre, sin fusiones ni comprando empresas en España?","['Nuestra trayectoria avala ese propósito de estabilidad, porque mantenemos el nombre, no nos hemos fusionado con nadie y no hemos comprado nada en España.', 'Un crecimiento que hemos alcanzado sin realizar ampliaciones de capital y gracias a una política prudente de distribución del dividendo.', 'La compañía ha ido ganando volumen merced a un modelo de negocio único en su sector, que le ha permitido aumentar su rentabilidad pese a los ciclos económicos adversos y ganarse la confianza del mercado.', 'Quiero felicitar a los más de 200.000 profesionales que trabajan en el Grupo Santander, puesto que los logros alcanzados en 2017 no hubieran sido posibles sin la aportación de cada uno de ellos. tenemos el objetivo de consolidarnos como el mejor banco comercial para nuestros empleados, clientes, accionistas y la sociedad.', 'Nueva aplicación móvil BBVA España, con un diseño que refleja la expresión del lema de BBVA, Creando Oportunidades, ya que sigue permitiendo realizar cualquier operación desde cualquier lugar, de una forma fácil y sencilla, pero aprovechando cada vez más todas las oportunidades que ofrecen las nuevas tecnologías y el big data.']",Nuestra trayectoria avala ese propósito de estabilidad,Nuestra trayectoria avala ese propósito de estabilidad,1.0,1.0,1.0
¿Qué se ha conseguido a raíz del trabajo de Piecitos Colorados?,"['• A raíz del trabajo de Piecitos Colorados, se percibe un cambio de actitud de los alumnos respecto a su sentido de la responsabilidad y compromiso hacia la escuela.', 'Estoy segura de que lo conseguiremos porque contamos con un equipo dispuesto a esforzarse al máximo para dar el mejor servicio a los clientes.', 'Gracias a esta medida, hemos mejorado la densidad de dichos envíos en un 1,5% respecto al año anterior.', 'Gran parte de las líneas están en proceso de ejecución, dado que muchos de los objetivos propuestos se han trazado a 2015.', 'Esta operación es positiva para los accionistas, ya que se estima que mejora el beneficio por acción (BPA) desde 2016.']",se percibe un cambio de actitud de los alumnos respecto a su sentido de la responsabilidad y compromiso hacia la escuela,se percibe un cambio de actitud de los alumnos respecto a su sentido de la responsabilidad y compromiso hacia la escuela,1.0,0.3333333333333333,1.0
¿Qué les ha permitido alcanzar un crecimiento sin realizar ampliaciones de capital? ,"['Su reutilización no es posible pero sí su reciclaje, por lo que el 97% son reciclados por empresas especializadas.', 'Esta decisión se adoptó en línea con las recomendaciones de gobierno corporativo en materia de rotación del auditor externo, a propuesta de la comisión de auditoría y como resultado de un concurso de selección desarrollado con plena transparencia.', 'Debt Valuation Adjustment (DVA): ajuste a la valoración similar al CVA, pero en este caso como consecuencia del riesgo propio del Grupo que asumen sus contrapartidas en los derivados OTC.', 'Ofrece a los usuarios una imagen tridimensional del objeto que se inspecciona, con lo que se ofrece una visión clara acerca del alcance y naturaleza de los posibles defectos.', 'Llevamos años siendo cada vez más y más eficientes, por eso también cada vez es más difícil mejorar.']","Llevamos años siendo cada vez más y más eficientes, por ello también cada vez es más difícil mejorar",una política prudente de distribución del dividendo,0.0,0.5,0.25
¿Qué ha supuesto la mejora de los sistemas de control del resultado de las campañas?,"['Su reutilización no es posible pero sí su reciclaje, por lo que el 97% son reciclados por empresas especializadas.', 'Esta decisión se adoptó en línea con las recomendaciones de gobierno corporativo en materia de rotación del auditor externo, a propuesta de la comisión de auditoría y como resultado de un concurso de selección desarrollado con plena transparencia.', 'La baja contable de los activos de un plan puede producirse cuando estos activos son mayores que la obligación proyectada y el Grupo no puede recuperar ningún superávit a través de reembolsos del instrumento en que está materializado el compromiso de prestación definida como consecuencia de requisitos de solvencia y/o control.', 'Debt Valuation Adjustment (DVA): ajuste a la valoración similar al CVA, pero en este caso como consecuencia del riesgo propio del Grupo que asumen sus contrapartidas en los derivados OTC.', 'También podrá proponerse la separación de consejeros independientes como consecuencia de ofertas públicas de adquisición, fusiones u otras operaciones corporativas similares que supongan un cambio en la estructura de capital de la sociedad, cuando tales cambios en la estructura del consejo de administración vengan propiciados por el criterio de proporcionalidad señalado en la recomendación 16.']",el 97% son reciclados por empresas especializadas,la medición de la eficiencia y eficacia de estas iniciativas,0.0,1.0,0.0
¿A qué se debe que Gas Natural Fenosa promueva la conciliación profesional y personal?,"['Gas Natural Fenosa promueve la conciliación de la vida profesional y personal gracias al importante conjunto de medidas de flexibilización laboral, servicios y beneficios adaptados a las necesidades de los empleados.', 'Contar la historia de Gas Natural Fenosa es contar una historia de pasión, fe, trabajo y visión de progreso, porque la energía es progreso.', 'La innovación es uno de los motores del desarrollo de Gas Natural Fenosa, por lo que destina una parte importante de sus recursos y sus esfuerzos a las actividades de I+D+i, tratando de buscar una optimización de los recursos, de desarrollar nuevas tecnologías y de mantenerse al corriente de los avances tecnológicos en los sectores en los que opera.', 'Asimismo, Banco Sabadell ofrece un amplio abanico de medidas orientadas a mejorar la conciliación de la vida laboral y familiar y/o personal de su plantilla, mediante la contratación de servicios o compra de productos a través del portal para empleados, que les ofrece no solamente un ahorro económico sino también de tiempo, ya que reciben los productos en su lugar de trabajo y se ahorran el desplazamiento o el hacer la gestión fuera del horario laboral.', 'Gracias a la colaboración con los diferentes departamentos, todos los empleados -e incluso las nuevas incorporaciones- participan en talleres de sensibilización ambiental.']","al importante conjunto de medidas de flexibilización laboral, servicios y beneficios adaptados a las necesidades de los empleados","al importante conjunto de medidas de flexibilización laboral, servicios y beneficios adaptados a las necesidades de los empleados",1.0,0.8,1.0
¿Cuál es el motivo de que se busque que en cada uno de ellos puedan participar y acompañarles?,"['Estoy segura de que lo conseguiremos porque contamos con un equipo dispuesto a esforzarse al máximo para dar el mejor servicio a los clientes.', 'Me resulta complicado abarcar en esta carta todos los aspectos de interés que pueden encontrar en el presente informe, por lo que les animo a leerlo con atención y detenimiento.', 'Y también han de ser flexibles, porque la gestión de riesgos tiene que adaptarse rápidamente a nuevos entornos y escenarios imprevistos.', 'Este enfoque es importante, ya que nos permite contar con los conocimientos adecuados que faciliten unas conversaciones productivas con el equipo directivo. Si no entendemos su trabajo, no podemos analizar su labor ni ofrecer orientaciones útiles.', 'Esta nueva revolución está creando también nuevos desafíos sociales y de sostenibilidad, por lo que debemos estar preparados para hacerles frente.']",estamos seguros de que lo conseguiremos porque contamos con un equipo dispuesto a esforzarse al máximo para dar el mejor servicio a los clientes,queremos que nuestros proyectos de responsabilidad social sean cada vez más cercanos a ellos y a sus familias,0.0,0.75,0.5
¿Por qué han de ser también flexibles?,"['Y también han de ser flexibles, porque la gestión de riesgos tiene que adaptarse rápidamente a nuevos entornos y escenarios imprevistos.', 'Una de las grandes ventajas de este sistema es su transparencia, ya que estas ideas son visibles de forma inmediata para toda la plantilla de modo que pueden ser votadas o enriquecidas con opiniones o aportaciones complementarias.', 'Vivimos una parte cada vez más importante de nuestra vida a través de la conectividad y los servicios digitales, por eso, sabemos que la responsabilidad que asumimos en este ámbito condiciona el éxito a futuro. Así lo ven también nuestros grupos de interés, en particular inversores y analistas, que consideran que la seguridad y la privacidad es una de las temáticas más importantes en nuestro compromiso hacia el cliente (ver capítulo Materialidad).', 'La capacidad de maximizar la utilización de nuestros activos durante su vida  útil es un factor importante dado que nuestra actividad requiere de importantes  inversiones.', 'Gracias al mejor aprovechamiento del Big Data es posible el desarrollo de modelos estadísticos de propensión al consumo de productos y servicios, con refresco diario de la información, lo que redunda en una adecuación de la oferta y por tanto de la eficacia en las acciones comerciales.']",la gestión de riesgos tiene que adaptarse rápidamente a nuevos entornos y escenarios imprevistos,la gestión de riesgos tiene que adaptarse rápidamente a nuevos entornos y escenarios imprevistos,1.0,1.0,1.0
¿Qué propició la celebración del octavo centenario de la Universidad de Salamanca?,"['Con motivo de la celebración del octavo centenario de la Universidad de Salamanca, la Fundación ACS y dicha Universidad firmaron, el día 27 de octubre de 2017, un Convenio de Colaboración para la mejora de la accesibilidad en el Edificio Histórico de la Universidad (Escuelas Mayores) y en el Colegio Mayor Fonseca.', 'En 2015 Universitas Telefónica, nuestra universidad corporativa, capacitó en su campus de Barcelona a 2.046 ejecutivos gracias a programas presenciales de liderazgo y estrategia focalizados en la transformación digital.', 'Quiero felicitar a los más de 200.000 profesionales que trabajan en el Grupo Santander, puesto que los logros alcanzados en 2017 no hubieran sido posibles sin la aportación de cada uno de ellos. tenemos el objetivo de consolidarnos como el mejor banco comercial para nuestros empleados, clientes, accionistas y la sociedad.', 'Somos lo que somos porque durante todos estos años hemos sabido como nadie adelantarnos, innovar y prepararnos, en definitiva, para el cambio.', 'Nuestra evolución en los últimos años y nuestras fortalezas nos permiten acelerar nuestra transformación']","la Fundación ACS y dicha Universidad firmaron, el día 27 de octubre de 2017, un Convenio de Colaboración para la mejora de la accesibilidad en el Edificio Histórico de la Universidad (Escuelas Mayores) y en el Colegio Mayor Fonseca","la Fundación ACS y dicha Universidad firmaron, el día 27 de octubre de 2017, un Convenio de Colaboración para la mejora de la accesibilidad en el Edificio Histórico de la Universidad (Escuelas Mayores) y en el Colegio Mayor Fonseca",1.0,1.0,1.0
¿Por qué representa un factor claro de vulnerabilidad financiera ante cambios en el sentimiento inversor este nivel de deuda pública?,"['Este nivel de deuda pública representa un factor claro de vulnerabilidad financiera ante cambios en el sentimiento inversor, ya que implica unas necesidades de financiación elevadas del sector público y limita el margen de actuación de la política fiscal en un eventual escenario de desaceleración.', 'Como consecuencia de la intervención del BCe en los mercados, la excepcionalidad en el área euro es tal que los tipos de interés negativos de la deuda pública se han convertido en habituales.', 'Como consecuencia de este hecho, es previsible que a lo largo de los próximos trimestres se limite aún más el nivel de activos comprometidos en operaciones de financiación a largo plazo.', 'El impacto de esta reforma global sobre la actividad económica es objeto de interés creciente, ya que representa un posible freno para el crecimiento económico.', 'Entre el conjunto de desequilibrios financieros acumulados por la economía española, el excesivo endeudamiento de las empresas tiene especial relevancia por cuanto supone un freno a la recuperación de la inversión y por consiguiente a la recuperación del empleo.']",implica unas necesidades de financiación elevadas del sector público y limita el margen de actuación de la política fiscal en un eventual escenario de desaceleración,implica unas necesidades de financiación elevadas del sector público y limita el margen de actuación de la política fiscal en un eventual escenario de desaceleración,0.75,1.0,1.0
¿Estas medidas qué han permitido?,"['También se ha mejorado la interfaz gráfica general, con lo que se consigue una mejor experiencia de usuario.', 'Gracias a estas y otras mejoras, las incidencias en todas las plataformas se han reducido en un 61% con respecto al año anterior.', 'Durante 2014, la compañía ha realizado esfuerzos para incrementar la privacidad y seguridad de los datos, tanto de los empleados y colaboradores, como de los usuarios registrados y espectadores en general, para lo cual ha revisado y actualizado los procedimientos vigentes y ha añadido nuevos procedimientos. En particular, destaca la normalización de los aspectos relacionados con la contratación de servicios en la nube y el uso de tecnología en movilidad por parte de los empleados. Gracias al buen funcionamiento del sistema de control interno, en 2014 no se ha producido ningún expediente sancionador en materia de privacidad y protección de datos personales.', 'Este sistema, sus políticas y sus procedimientos están basados en el respeto a los Derechos Humanos y han sido desarrollados gracias al conocimiento y cercanía con toda la cadena de suministro.', 'Gracias a esta medida, hemos mejorado la densidad de dichos envíos en un 1,5% respecto al año anterior.']","hemos mejorado la densidad de dichos envíos en un 1,5% respecto al año anterior","hemos alcanzado una reducción del 6% en el consumo de energía eléctrica por prenda puesta en el mercado y de un 3% con respecto a las ventas, en comparación con 2016",0.0,1.0,1.0
¿Qué ha supuesto para Inditex la contribución de todos sus empleados?,"['Su reutilización no es posible pero sí su reciclaje, por lo que el 97% son reciclados por empresas especializadas.', 'Esta decisión se adoptó en línea con las recomendaciones de gobierno corporativo en materia de rotación del auditor externo, a propuesta de la comisión de auditoría y como resultado de un concurso de selección desarrollado con plena transparencia.', 'La baja contable de los activos de un plan puede producirse cuando estos activos son mayores que la obligación proyectada y el Grupo no puede recuperar ningún superávit a través de reembolsos del instrumento en que está materializado el compromiso de prestación definida como consecuencia de requisitos de solvencia y/o control.', 'Debt Valuation Adjustment (DVA): ajuste a la valoración similar al CVA, pero en este caso como consecuencia del riesgo propio del Grupo que asumen sus contrapartidas en los derivados OTC.', 'También podrá proponerse la separación de consejeros independientes como consecuencia de ofertas públicas de adquisición, fusiones u otras operaciones corporativas similares que supongan un cambio en la estructura de capital de la sociedad, cuando tales cambios en la estructura del consejo de administración vengan propiciados por el criterio de proporcionalidad señalado en la recomendación 16.']",el 97% son reciclados por empresas especializadas,"ha logrado unos resultados especialmente positivos en los ejercicios 2015 y 2016, que han permitido repartir más de 79 millones de euros entre más de 84.000 personas en 50 países",0.0,0.5,0.0
"¿A qué se achaca que los ingresos de terminales registrasen un significativo crecimiento interanual en el cuarto trimestre (+41,0%; +3,8% en el año)?","['Los ingresos de terminales registran un significativo crecimiento interanual en el cuarto trimestre (+41,0%; +3,8% en el año) debido a la mayor actividad comercial de venta de equipos de gama alta.', 'Los ingresos del periodo enero-diciembre de 2014 ascienden a 1.719 millones de euros y aumentan un 7,8% interanual, debido al crecimiento tanto del negocio móvil como del fijo.', 'Importante crecimiento de los ROF (+15,9% interanual), gracias al muy buen desempeño de la Unidad de Global Markets, fundamentalmente durante la primera parte del ejercicio.', 'Telefónica Colombia (Variaciones interanuales en términos orgánicos) En el año 2014, Telefónica Colombia muestra unos sólidos resultados tanto en términos operativos (crecimiento de accesos en todos los servicios), como en términos financieros (sostenido incremento interanual de los ingresos y de doble dígito en OIBDA gracias a las eficiencias logradas).', 'La plantilla aumentó un 2,6% dado que se han puesto en marcha nuevas líneas y que ha aumentado la producción.']",a la mayor actividad comercial de venta de equipos de gama alta,a la mayor actividad comercial de venta de equipos de gama alta,1.0,,1.0
¿Qué explica que sea cada vez más difícil mejorar?,"['Llevamos años siendo cada vez más y más eficientes, por eso también cada vez es más difícil mejorar.', 'Nuestra evolución en los últimos años y nuestras fortalezas nos permiten acelerar nuestra transformación', 'El factor climático tiene cada vez mayor importancia, por lo que impulsar y fomentar acciones para proteger el medioambiente y luchar contra su degradación adquieren una importancia capital.', 'Este nivel es el inferior al del año pasado debido a la incorporación del perímetro de banca mayorista global.', 'El entorno para la actividad bancaria está siendo desafiante, ya que a la evolución anterior se unen unos tipos de interés extraordinariamente bajos en los países desarrollados, crecimientos de volúmenes reducidos, fuerte presión competitiva por parte tanto de entidades bancarias como no bancarias, y un entorno regulatorio exigente.']",Llevamos años siendo cada vez más y más eficientes,Llevamos años siendo cada vez más y más eficientes,1.0,0.5,1.0
"¿A qué factores atribuimos el crecimiento del beneficio neto en un 25,4%?","['Sin considerar esta venta, el beneficio neto ha crecido un 25,4% principalmente debido al buen desempeño del margen financiero y las comisiones cobradas y por un adecuado control de los gastos de administración y promoción.', 'El resultado antes de impuestos, que refleja mejor la evolución del negocio, crece un 8% gracias al aumento de volúmenes, la buena gestión de márgenes y el control de costes.', 'Resultado bruto de explotación (EBITDA)el margen bruto de explotación se incrementa un 10,5% respecto al cierre de 2013, debido al impacto de los activos adquiridos a finales de 2013 y principios de 2014, y gracias al plan iniciado en ejercicios anteriores para implantar una serie de medidas de mejora de la eficiencia y optimización de los costes de explotación, en las que el Grupo continuará haciendo hincapié.', 'La aplicación de la NIC29 tiene un impacto positivo en el ebitda de 10 millones de euros.', 'Importante crecimiento de los ROF (+15,9% interanual), gracias al muy buen desempeño de la Unidad de Global Markets, fundamentalmente durante la primera parte del ejercicio.']",principalmente debido al buen desempeño del margen financiero y las comisiones cobradas y por un adecuado control de los gastos de administración y promoción,al buen desempeño del margen financiero y las comisiones cobradas y por un adecuado control de los gastos de administración y promoción,0.75,0.75,1.0
"¿Qué consecuencia tiene que los delincuentes, terroristas o gobiernos extranjeros ataquen a los sistemas del Grupo?","['Su reutilización no es posible pero sí su reciclaje, por lo que el 97% son reciclados por empresas especializadas.', 'Esta decisión se adoptó en línea con las recomendaciones de gobierno corporativo en materia de rotación del auditor externo, a propuesta de la comisión de auditoría y como resultado de un concurso de selección desarrollado con plena transparencia.', 'Debt Valuation Adjustment (DVA): ajuste a la valoración similar al CVA, pero en este caso como consecuencia del riesgo propio del Grupo que asumen sus contrapartidas en los derivados OTC.', 'Ofrece a los usuarios una imagen tridimensional del objeto que se inspecciona, con lo que se ofrece una visión clara acerca del alcance y naturaleza de los posibles defectos.', 'Llevamos años siendo cada vez más y más eficientes, por eso también cada vez es más difícil mejorar.']",el 97% son reciclados por empresas especializadas,"El Grupo podría hacer frente a pérdidas financieras, la suspensión de las operaciones o el menoscabo de la reputación de sus marcas",0.0,0.5,0.25
¿Qué consecuencias tiene que el nuevo Consejero Independiente Senior no sea Vicepresidente?,"['Su reutilización no es posible pero sí su reciclaje, por lo que el 97% son reciclados por empresas especializadas.', 'Esta decisión se adoptó en línea con las recomendaciones de gobierno corporativo en materia de rotación del auditor externo, a propuesta de la comisión de auditoría y como resultado de un concurso de selección desarrollado con plena transparencia.', 'La baja contable de los activos de un plan puede producirse cuando estos activos son mayores que la obligación proyectada y el Grupo no puede recuperar ningún superávit a través de reembolsos del instrumento en que está materializado el compromiso de prestación definida como consecuencia de requisitos de solvencia y/o control.', 'Debt Valuation Adjustment (DVA): ajuste a la valoración similar al CVA, pero en este caso como consecuencia del riesgo propio del Grupo que asumen sus contrapartidas en los derivados OTC.', 'También podrá proponerse la separación de consejeros independientes como consecuencia de ofertas públicas de adquisición, fusiones u otras operaciones corporativas similares que supongan un cambio en la estructura de capital de la sociedad, cuando tales cambios en la estructura del consejo de administración vengan propiciados por el criterio de proporcionalidad señalado en la recomendación 16.']",el 97% son reciclados por empresas especializadas,la asignación adicional por desempeñar las funciones de Consejero Independiente Senior se ha reducido a 30.000 €,0.0,0.5,0.0
"¿Por qué motivo contar la historia de Gas Natural Fenosa es contar una historia de pasión, fe, trabajo y visión de progreso?","['Contar la historia de Gas Natural Fenosa es contar una historia de pasión, fe, trabajo y visión de progreso, porque la energía es progreso.', 'La innovación es uno de los motores del desarrollo de Gas Natural Fenosa, por lo que destina una parte importante de sus recursos y sus esfuerzos a las actividades de I+D+i, tratando de buscar una optimización de los recursos, de desarrollar nuevas tecnologías y de mantenerse al corriente de los avances tecnológicos en los sectores en los que opera.', 'Gas Natural Fenosa promueve la conciliación de la vida profesional y personal gracias al importante conjunto de medidas de flexibilización laboral, servicios y beneficios adaptados a las necesidades de los empleados.', 'Personas a las que quiero hacer llegar desde aquí mi más sincero agradecimiento, pues su contribución y compromiso han sido, y son, piedra angular para la consecución de nuestros objetivos y para nuestro futuro.', 'Después de un primer trimestre exigente como empresa cotizada y a pesar de las dificultades experimentadas por la industria del petróleo y el gas, que es una parte importante de nuestra actividad, me complace anunciar que, gracias a la gestión y dirección de Fernando Basabe y de su equipo, el Grupo ha logrado obtener resultados conforme a nuestras expectativas.']",la energía es progreso,la energía es progreso,0.25,1.0,1.0
¿Qué se deriva de este documento?,"['Su reutilización no es posible pero sí su reciclaje, por lo que el 97% son reciclados por empresas especializadas.', 'Esta decisión se adoptó en línea con las recomendaciones de gobierno corporativo en materia de rotación del auditor externo, a propuesta de la comisión de auditoría y como resultado de un concurso de selección desarrollado con plena transparencia.', 'Debt Valuation Adjustment (DVA): ajuste a la valoración similar al CVA, pero en este caso como consecuencia del riesgo propio del Grupo que asumen sus contrapartidas en los derivados OTC.', 'Ofrece a los usuarios una imagen tridimensional del objeto que se inspecciona, con lo que se ofrece una visión clara acerca del alcance y naturaleza de los posibles defectos.', 'Llevamos años siendo cada vez más y más eficientes, por eso también cada vez es más difícil mejorar.']",el 97% son reciclados por empresas especializadas,Inditex rechaza cualquier tipo de discriminación,0.0,0.5,0.5
¿Qué ha facilitado esta intervención?,"['Su reutilización no es posible pero sí su reciclaje, por lo que el 97% son reciclados por empresas especializadas.', 'Esta decisión se adoptó en línea con las recomendaciones de gobierno corporativo en materia de rotación del auditor externo, a propuesta de la comisión de auditoría y como resultado de un concurso de selección desarrollado con plena transparencia.', 'La baja contable de los activos de un plan puede producirse cuando estos activos son mayores que la obligación proyectada y el Grupo no puede recuperar ningún superávit a través de reembolsos del instrumento en que está materializado el compromiso de prestación definida como consecuencia de requisitos de solvencia y/o control.', 'Debt Valuation Adjustment (DVA): ajuste a la valoración similar al CVA, pero en este caso como consecuencia del riesgo propio del Grupo que asumen sus contrapartidas en los derivados OTC.', 'También podrá proponerse la separación de consejeros independientes como consecuencia de ofertas públicas de adquisición, fusiones u otras operaciones corporativas similares que supongan un cambio en la estructura de capital de la sociedad, cuando tales cambios en la estructura del consejo de administración vengan propiciados por el criterio de proporcionalidad señalado en la recomendación 16.']",el 97% son reciclados por empresas especializadas,se ha atendido a cerca de 70.000 personas en consultas externas y de salud mental,0.0,0.5,0.5
¿Qué implicaciones tiene que 4 millones de nuevos clientes hayan confiado en ellos?,"['Su reutilización no es posible pero sí su reciclaje, por lo que el 97% son reciclados por empresas especializadas.', 'Esta decisión se adoptó en línea con las recomendaciones de gobierno corporativo en materia de rotación del auditor externo, a propuesta de la comisión de auditoría y como resultado de un concurso de selección desarrollado con plena transparencia.', 'La baja contable de los activos de un plan puede producirse cuando estos activos son mayores que la obligación proyectada y el Grupo no puede recuperar ningún superávit a través de reembolsos del instrumento en que está materializado el compromiso de prestación definida como consecuencia de requisitos de solvencia y/o control.', 'Debt Valuation Adjustment (DVA): ajuste a la valoración similar al CVA, pero en este caso como consecuencia del riesgo propio del Grupo que asumen sus contrapartidas en los derivados OTC.', 'También podrá proponerse la separación de consejeros independientes como consecuencia de ofertas públicas de adquisición, fusiones u otras operaciones corporativas similares que supongan un cambio en la estructura de capital de la sociedad, cuando tales cambios en la estructura del consejo de administración vengan propiciados por el criterio de proporcionalidad señalado en la recomendación 16.']",el 97% son reciclados por empresas especializadas,la cifra total de clientes del Banco es ya de 125 millones,0.0,0.0,0.0
¿Por qué el número de consejeros independientes debe representar al menos un tercio del total?,"['El número de consejeros independientes debe representar al menos un tercio del total, ya que hay un accionista que controla más del 30 % del capital social.', 'También podrá proponerse la separación de consejeros independientes como consecuencia de ofertas públicas de adquisición, fusiones u otras operaciones corporativas similares que supongan un cambio en la estructura de capital de la sociedad, cuando tales cambios en la estructura del consejo de administración vengan propiciados por el criterio de proporcionalidad señalado en la recomendación 16.', 'En lo que respecta al cargo de Consejero Independiente Senior, sus funciones las desempeñaba anteriormente el Vicepresidente y estaban incluidas en su remuneración (una asignación anual de 350.000 €). Dado que el nuevo Consejero Independiente Senior no es Vicepresidente, la asignación adicional por desempeñar las funciones de Consejero Independiente Senior se ha reducido a 30.000 €.', 'No quiero extenderme mucho en esto porque la consejera delegada lo explica con detalle en este mismo informe, pero sí quiero poner énfasis en la calidad de los resultados.', 'El Consejo de Administración a 31 de diciembre 2016, se compone de 13 miembros, ya que después de celebrada la Junta General se produjo la dimisión de dos Consejeros dominicales, éstas bajas están pendientes de cubrir a finales de diciembre.']",hay un accionista que controla más del 30 % del capital social,hay un accionista que controla más del 30 % del capital social,0.75,1.0,1.0
¿A qué se debe que tengan como objetivo ser la aerolínea líder en precio y servicio a través del Atlántico Norte?,"['Nuestro objetivo es ser la aerolínea líder en precio y servicio a través del Atlántico Norte gracias a una red de corto radio rentable y sostenible. Nuestra estrategia tiene como pilares fundamentales una marca y un servicio sólidos y enfocados en el cliente, una red con atractivas conexiones y una base de costes competitiva y resiliente. Creemos que Aer Lingus está bien posicionada para seguir creciendo exitosamente aprovechando las ventajas de formar parte del Grupo IAG y para alcanzar nuestros objetivos.', 'Los equipos han seguido trabajando en la homogeneización de la flota en tres ámbitos: configuración de la cabina, sistemas de aviónica y equipamiento para casos de emergencia. La homogeneización se ha extendido a todas las nuevas aeronaves, incluidos los nuevos Airbus A320neo y los Airbus A350. El objetivo del programa sigue siendo reducir los gastos de explotación gracias a la simplificación de la flota y a inversiones en inmovilizado ágiles y flexibles.', 'Santander quiere proporcionar a sus clientes una experiencia de servicio excelente y, por ello, durante este año ha puesto en marcha nuevas iniciativas que pretenden mejorar los procesos desde la visión del cliente incorporando los beneficios que supone la transformación digital.', 'Gracias a la introducción de tecnologías innovadoras y el desarrollo de nuevas soluciones y procesos de negocio, buscamos convertirnos en un Grupo más efectivo, eficiente y orientado al cliente.', 'Gran parte de las líneas están en proceso de ejecución, dado que muchos de los objetivos propuestos se han trazado a 2015.']",a una red de corto radio rentable y sostenible,a una red de corto radio rentable y sostenible,1.0,0.3333333333333333,0.5
¿Qué consecuencia ha tenido el suceso pasado?,"['Su reutilización no es posible pero sí su reciclaje, por lo que el 97% son reciclados por empresas especializadas.', 'Esta decisión se adoptó en línea con las recomendaciones de gobierno corporativo en materia de rotación del auditor externo, a propuesta de la comisión de auditoría y como resultado de un concurso de selección desarrollado con plena transparencia.', 'Debt Valuation Adjustment (DVA): ajuste a la valoración similar al CVA, pero en este caso como consecuencia del riesgo propio del Grupo que asumen sus contrapartidas en los derivados OTC.', 'Ofrece a los usuarios una imagen tridimensional del objeto que se inspecciona, con lo que se ofrece una visión clara acerca del alcance y naturaleza de los posibles defectos.', 'Llevamos años siendo cada vez más y más eficientes, por eso también cada vez es más difícil mejorar.']",también cada vez es más difícil mejorar,El Grupo tiene una obligación presente (ya sea legal o implícita),0.25,0.5,0.25
"¿Qué implica el hecho de que todas las unidades y empleados deban conocer y entender los riesgos en que incurren en su actividad diaria y ser responsables de su identificación, valoración, gestión y reporte?","['Esta cultura de riesgos se define a través de cinco principios que han de formar parte de la gestión del día a día de todos los empleados del Grupo: Responsabilidad, porque todas las unidades y empleados (con independencia de la función que desempeñen) deben conocer y entender los riesgos en que incurren en su actividad diaria y ser responsables de su identificación, valoración, gestión y reporte', 'El riesgo operacional es inherente a todos los productos, actividades, procesos y sistemas, y se genera en todas las áreas de negocio y de soporte, siendo por esta razón, responsabilidad de todos los empleados la gestión y control de los riesgos generados en su ámbito de actuación.', 'En los últimos ejercicios el Grupo ha desarrollado e implantado las mejoras estructurales y operativas necesarias para reforzar y consolidar la visión integral de los riesgos, basada en información completa, precisa y recurrente, permitiéndole a la alta dirección valorar y decidir en consecuencia.', 'Y también han de ser flexibles, porque la gestión de riesgos tiene que adaptarse rápidamente a nuevos entornos y escenarios imprevistos.', 'En el ámbito local, las direcciones de riesgos locales deberán contar con la estructura y los medios necesarios para llevar a cabo su actividad según se ha descrito anteriormente, ya que son las encargadas de la ejecución de los distintos controles establecidos, asumiendo la responsabilidad de informar de los resultados de los mismos tanto a sus interlocutores a nivel local (negocio, supervisión de riesgos, reguladores y supervisores, etc), como a sus interlocutores a nivel corporativo.']",Esta cultura de riesgos se define a través de cinco principios que han de formar parte de la gestión del día a día de todos los empleados del Grupo: Responsabilidad,Responsabilidad,0.5,1.0,1.0
¿Por qué la red física seguirá teniendo un papel central?,"['En los segmentos más altos la relación humana y el asesoramiento seguirán siendo una parte troncal de nuestra propuesta de valor, por lo que la red física seguirá teniendo un papel central, pero dedicará más tiempo a la venta, a la captación y al asesoramiento y mucho menos a las tareas operativas.', 'Vivimos una parte cada vez más importante de nuestra vida a través de la conectividad y los servicios digitales, por eso, sabemos que la responsabilidad que asumimos en este ámbito condiciona el éxito a futuro. Así lo ven también nuestros grupos de interés, en particular inversores y analistas, que consideran que la seguridad y la privacidad es una de las temáticas más importantes en nuestro compromiso hacia el cliente (ver capítulo Materialidad).', 'Los cambios también han afectado a la distribución que debe adaptarse a los nuevos gustos. Aparecen nuevas opciones frente a la distribución tradicional como la compra por internet (super on line) donde el crecimiento es muy relevante y las posiciones de los principales actores en muchas ocasiones es distinta a la que tiene la distribución tradicional. Como resultado, hemos asistido a operaciones de fusión/concentración en algunos mercados relevantes.', 'En este sentido, en la actualidad, el Internet de las cosas nos permite ofrecer a las ciudades soluciones digitales y eficientes que convergen en una plataforma integral y abierta, gracias a las cuales se pueden reducir costes, aumentar ingresos, mejorar la administración de recursos urbanos y la calidad de vida de sus habitantes.', 'Esta práctica está cada vez más extendida dentro del Grupo, por ello, durante 2016, 41.085 de nuestras estaciones base eran compartidas.']",En los segmentos más altos la relación humana y el asesoramiento seguirán siendo una parte troncal de nuestra propuesta de valor,En los segmentos más altos la relación humana y el asesoramiento seguirán siendo una parte troncal de nuestra propuesta de valor,1.0,0.6666666666666666,1.0
¿Por qué Rafael Naranjo Olmedo dejó su cargo el día 21 de abril de 2014?,"['Igualmente la Junta General de Accionistas acordó a propuesta del Consejo de Administración y, previa propuesta de la Comisión de Nombramientos y Retribuciones, ratificar y nombrar Consejeros por un plazo de cuatro años, tal y como se recoge en los Estatutos Sociales a las siguientes personas: Rafael Miranda Robredo, que fue nombrado Consejero Externo Independiente por cooptación, y Presidente de Acerinox, el día 23 de abril de 2014 en sustitución del anterior Presidente Rafael Naranjo Olmedo, que dejo el cargo el día 21 de abril de 2014 por motivos de salud.', 'El Consejo de Administración a 31 de diciembre 2016, se compone de 13 miembros, ya que después de celebrada la Junta General se produjo la dimisión de dos Consejeros dominicales, éstas bajas están pendientes de cubrir a finales de diciembre.', 'En 2014 ha continuado la caída en ventas como consecuencia de la situación general económica y en particular del sector de la construcción.', 'La tasa del mes de diciembre fue inferior a la esperada, debido a la baja de los precios del petróleo, alimentos y servicios (principalmente la caída de los precios de los alimentos con una baja del 4%).', 'Este nivel es el inferior al del año pasado debido a la incorporación del perímetro de banca mayorista global.']",consecuencia de la situación general económica y en particular del sector de la construcción,motivos de salud,0.0,0.3333333333333333,1.0
¿Qué ha provocado la situación general económica y en particular del sector de la construcción?,"['Su reutilización no es posible pero sí su reciclaje, por lo que el 97% son reciclados por empresas especializadas.', 'Esta decisión se adoptó en línea con las recomendaciones de gobierno corporativo en materia de rotación del auditor externo, a propuesta de la comisión de auditoría y como resultado de un concurso de selección desarrollado con plena transparencia.', 'La baja contable de los activos de un plan puede producirse cuando estos activos son mayores que la obligación proyectada y el Grupo no puede recuperar ningún superávit a través de reembolsos del instrumento en que está materializado el compromiso de prestación definida como consecuencia de requisitos de solvencia y/o control.', 'Debt Valuation Adjustment (DVA): ajuste a la valoración similar al CVA, pero en este caso como consecuencia del riesgo propio del Grupo que asumen sus contrapartidas en los derivados OTC.', 'También podrá proponerse la separación de consejeros independientes como consecuencia de ofertas públicas de adquisición, fusiones u otras operaciones corporativas similares que supongan un cambio en la estructura de capital de la sociedad, cuando tales cambios en la estructura del consejo de administración vengan propiciados por el criterio de proporcionalidad señalado en la recomendación 16.']",el 97% son reciclados por empresas especializadas,En 2014 ha continuado la caída en ventas,0.0,1.0,0.0
¿Qué consecuencia tuvo la intervención del BCe en los mercados?,"['Su reutilización no es posible pero sí su reciclaje, por lo que el 97% son reciclados por empresas especializadas.', 'Esta decisión se adoptó en línea con las recomendaciones de gobierno corporativo en materia de rotación del auditor externo, a propuesta de la comisión de auditoría y como resultado de un concurso de selección desarrollado con plena transparencia.', 'La baja contable de los activos de un plan puede producirse cuando estos activos son mayores que la obligación proyectada y el Grupo no puede recuperar ningún superávit a través de reembolsos del instrumento en que está materializado el compromiso de prestación definida como consecuencia de requisitos de solvencia y/o control.', 'Debt Valuation Adjustment (DVA): ajuste a la valoración similar al CVA, pero en este caso como consecuencia del riesgo propio del Grupo que asumen sus contrapartidas en los derivados OTC.', 'También podrá proponerse la separación de consejeros independientes como consecuencia de ofertas públicas de adquisición, fusiones u otras operaciones corporativas similares que supongan un cambio en la estructura de capital de la sociedad, cuando tales cambios en la estructura del consejo de administración vengan propiciados por el criterio de proporcionalidad señalado en la recomendación 16.']",el 97% son reciclados por empresas especializadas,la excepcionalidad en el área euro es tal que los tipos de interés negativos de la deuda pública se han convertido en habituales,0.0,0.3333333333333333,0.0
¿Qué ha provocado la recuperación del empleo?,"['Su reutilización no es posible pero sí su reciclaje, por lo que el 97% son reciclados por empresas especializadas.', 'Esta decisión se adoptó en línea con las recomendaciones de gobierno corporativo en materia de rotación del auditor externo, a propuesta de la comisión de auditoría y como resultado de un concurso de selección desarrollado con plena transparencia.', 'Debt Valuation Adjustment (DVA): ajuste a la valoración similar al CVA, pero en este caso como consecuencia del riesgo propio del Grupo que asumen sus contrapartidas en los derivados OTC.', 'Ofrece a los usuarios una imagen tridimensional del objeto que se inspecciona, con lo que se ofrece una visión clara acerca del alcance y naturaleza de los posibles defectos.', 'Llevamos años siendo cada vez más y más eficientes, por eso también cada vez es más difícil mejorar.']",el 97% son reciclados por empresas especializadas,un freno a la recuperación de la inversión,0.0,0.0,0.0
¿Qué ha supuesto el estudio?,"['Su reutilización no es posible pero sí su reciclaje, por lo que el 97% son reciclados por empresas especializadas.', 'Esta decisión se adoptó en línea con las recomendaciones de gobierno corporativo en materia de rotación del auditor externo, a propuesta de la comisión de auditoría y como resultado de un concurso de selección desarrollado con plena transparencia.', 'Debt Valuation Adjustment (DVA): ajuste a la valoración similar al CVA, pero en este caso como consecuencia del riesgo propio del Grupo que asumen sus contrapartidas en los derivados OTC.', 'Ofrece a los usuarios una imagen tridimensional del objeto que se inspecciona, con lo que se ofrece una visión clara acerca del alcance y naturaleza de los posibles defectos.', 'Llevamos años siendo cada vez más y más eficientes, por eso también cada vez es más difícil mejorar.']",el 97% son reciclados por empresas especializadas,"se han incluido 35 nuevos indicadores clave de riesgo (KRI), se han modificado 26 KRI existentes, y se han eliminado 18 KRI",0.0,0.5,0.5
"¿Por qué para el sector del automóvil a nivel global, 2015 tampoco ha sido un ejercicio  positivo?","['Para el sector del automóvil a nivel global, 2015 tampoco ha sido un ejercicio  positivo, ya que la producción mundial de vehículos ligeros creció por debajo del 2%.  En el pasado año, el comportamiento de los mercados en Norteamérica y Europa fue positivo, pero no fue así en importantes mercados emergentes como Brasil y Rusia  que acumulan ya varios años de caídas. El mercado chino, verdadero motor del sector  de automoción en los últimos años, tuvo un comportamiento mucho más plano en 2015, aunque un buen dato del último trimestre compensó los malos datos del verano.', 'En 2014 ha continuado la caída en ventas como consecuencia de la situación general económica y en particular del sector de la construcción.', 'Al cierre del ejercicio 2014, la actividad en las autopistas del Grupo presenta una evolución positiva, gracias a los incrementos registrados en los principales países en los que opera, incluyendo España –donde hay claras señales de recuperación de la actividad económica– y Francia –país caracterizado por un cierto estancamiento en el crecimiento en el ejercicio anterior–.', 'La vinculación del sector del seguro con el entorno macroeconómico resulta indudable. En este sentido, la economía mundial mejoró en los últimos meses del 2016 gracias a la recuperación de economías avanzadas como las de Estados Unidos, Europa y China, marcando una tendencia de aceleración que se prevé continúe durante el 2017. En conjunto, la economía global creció un 3,1%, cifra inferior a la del 2015, pero superior a la prevista a principios de año.', 'Estas ventas han supuesto un ingreso de 2.412 millones de euros en el ejercicio 2016, un 16,4% inferior al del ejercicio 2015 como consecuencia de la caída en las unidades físicas vendidas y del menor precio medio de venta.']",la producción mundial de vehículos ligeros creció por debajo del 2%.,la producción mundial de vehículos ligeros creció por debajo del 2%,1.0,0.5,1.0
¿Por qué se felicita a los más de 200.000 empleados del Grupo Santander?,"['Quiero felicitar a los más de 200.000 profesionales que trabajan en el Grupo Santander, puesto que los logros alcanzados en 2017 no hubieran sido posibles sin la aportación de cada uno de ellos. tenemos el objetivo de consolidarnos como el mejor banco comercial para nuestros empleados, clientes, accionistas y la sociedad.', 'Santander es uno de los bancos más rentables y eficientes gracias al talento y trabajo de nuestros equipos, que han conseguido unos resultados excelentes, haciendo las cosas de manera más sencilla, personal y justa.', 'Santander quiere proporcionar a sus clientes una experiencia de servicio excelente y, por ello, durante este año ha puesto en marcha nuevas iniciativas que pretenden mejorar los procesos desde la visión del cliente incorporando los beneficios que supone la transformación digital.', 'Los trabajadores y trabajadoras tienen a su disposición un conjunto de beneficios sociales pactados por Banco Sabadell y los representantes sindicales en el acuerdo sobre medidas de conciliación de la vida familiar y personal con la laboral. Todos estos beneficios han sido comunicados a la totalidad de la plantilla y están recogidos en el portal del empleado de la intranet, por lo que son ampliamente conocidos por los trabajadores y trabajadoras, que los vienen solicitando y disfrutando desde hace tiempo.', 'Desde el año 2008, y a consecuencia de estas continuas actividades de racionalización, se ha obtenido una reducción de aproximadamente 1.600 empleados en todo el Grupo, equivalentes al 20% de la plantilla global.']",los logros alcanzados en 2017 no hubieran sido posibles sin la aportación de cada uno de ellos,los logros alcanzados en 2017 no hubieran sido posibles sin la aportación de cada uno de ellos,1.0,0.5,1.0
¿Qué se ha adoptado como como resultado del concurso de selección?,"['Esta decisión se adoptó en línea con las recomendaciones de gobierno corporativo en materia de rotación del auditor externo, a propuesta de la comisión de auditoría y como resultado de un concurso de selección desarrollado con plena transparencia.', 'Nuevas reglas que aceptamos de buen grado pues son iguales para todos y Bankinter tiene plena capacidad para cumplir con ellas como el que más.', 'Como consecuencia de las conclusiones que ofreció este informe, se han identificado los puntos significativos y las mejoras que deben abordarse en los próximos años.', 'Además, se ha procedido a revisar el estado actual de las instalaciones obteniendo como resultado unas propuestas de mejora de ahorro y eficiencia energética.', 'Como consecuencia de este cambio, se procedió al nombramiento de doña Patricia Estany como Consejera Coordinadora, a la que se han atribuido, además de las funciones previstas legalmente, todas las que recoge el artículo 15 del Reglamento del Consejo de Administración, cuyo contenido se ajusta a la Recomendación 34 del Código de Buen Gobierno.']","se procedió al nombramiento de doña Patricia Estany como Consejera Coordinadora, a la que se han atribuido, además de las funciones previstas legalmente, todas las que recoge el artículo 15 del Reglamento del Consejo de Administración, cuyo contenido se ajusta a la Recomendación 34 del Código de Buen Gobierno","Esta decisión se adoptó en línea con las recomendaciones de gobierno corporativo en materia de rotación del auditor externo, a propuesta de la comisión de auditoría",0.25,1.0,1.0
¿A qué se debió que el beneficio antes de impuestos fuera de 31 millones de euros?,"['El beneficio antes de impuestos en 2015 fue de 31 millones de euros, gracias a la muy escasa morosidad (un 1%, diez veces menos que el promedio del sector), un balance equilibrado y un nivel de gastos de estructura muy bajo.', 'Como resultado de los puntos mencionados anteriormente, el Grupo ha obtenido un beneficio después de impuestos de 17.526 miles de euros.', 'El resultado antes de impuestos, que refleja mejor la evolución del negocio, crece un 8% gracias al aumento de volúmenes, la buena gestión de márgenes y el control de costes.', 'La aplicación de la NIC29 tiene un impacto positivo en el ebitda de 10 millones de euros.', 'El beneficio antes de impuestos crece menos que los anteriores márgenes, debido a (i)n un aumento de los costes financieros asociados a la elevada volatilidad de tipo de cambio del US$ durante el ejercicio (el Grupo realiza una parte significativa de sus compras en US$) y (ii) a una peor evolución de los resultados no recurrentes, con una menor generación de ingresos procedente de la venta activos frente a las que se verificaron en 2016 (venta de inmuebles y venta del negocio de Puerto Rico, principalmente).']","a la muy escasa morosidad (un 1%, diez veces menos que el promedio del sector), un balance equilibrado y un nivel de gastos de estructura muy bajo","a la muy escasa morosidad (un 1%, diez veces menos que el promedio del sector), un balance equilibrado y un nivel de gastos de estructura muy bajo",1.0,0.8333333333333334,1.0
¿Qué ha dado como resultado lo acordado en la Junta General de Accionistas 2016?,"['Su reutilización no es posible pero sí su reciclaje, por lo que el 97% son reciclados por empresas especializadas.', 'Esta decisión se adoptó en línea con las recomendaciones de gobierno corporativo en materia de rotación del auditor externo, a propuesta de la comisión de auditoría y como resultado de un concurso de selección desarrollado con plena transparencia.', 'La baja contable de los activos de un plan puede producirse cuando estos activos son mayores que la obligación proyectada y el Grupo no puede recuperar ningún superávit a través de reembolsos del instrumento en que está materializado el compromiso de prestación definida como consecuencia de requisitos de solvencia y/o control.', 'Debt Valuation Adjustment (DVA): ajuste a la valoración similar al CVA, pero en este caso como consecuencia del riesgo propio del Grupo que asumen sus contrapartidas en los derivados OTC.', 'También podrá proponerse la separación de consejeros independientes como consecuencia de ofertas públicas de adquisición, fusiones u otras operaciones corporativas similares que supongan un cambio en la estructura de capital de la sociedad, cuando tales cambios en la estructura del consejo de administración vengan propiciados por el criterio de proporcionalidad señalado en la recomendación 16.']",el 97% son reciclados por empresas especializadas,Las cuentas del ejercicio 2017 han sido auditadas por Price Waterhouse Cooper,0.0,1.0,0.0
¿Qué efecto tienen los programas de liderazgo y estrategia focalizados en la transformación digital?,"['Su reutilización no es posible pero sí su reciclaje, por lo que el 97% son reciclados por empresas especializadas.', 'Esta decisión se adoptó en línea con las recomendaciones de gobierno corporativo en materia de rotación del auditor externo, a propuesta de la comisión de auditoría y como resultado de un concurso de selección desarrollado con plena transparencia.', 'La baja contable de los activos de un plan puede producirse cuando estos activos son mayores que la obligación proyectada y el Grupo no puede recuperar ningún superávit a través de reembolsos del instrumento en que está materializado el compromiso de prestación definida como consecuencia de requisitos de solvencia y/o control.', 'Debt Valuation Adjustment (DVA): ajuste a la valoración similar al CVA, pero en este caso como consecuencia del riesgo propio del Grupo que asumen sus contrapartidas en los derivados OTC.', 'También podrá proponerse la separación de consejeros independientes como consecuencia de ofertas públicas de adquisición, fusiones u otras operaciones corporativas similares que supongan un cambio en la estructura de capital de la sociedad, cuando tales cambios en la estructura del consejo de administración vengan propiciados por el criterio de proporcionalidad señalado en la recomendación 16.']",el 97% son reciclados por empresas especializadas,"En 2015 Universitas Telefónica, nuestra universidad corporativa, capacitó en su campus de Barcelona a 2.046 ejecutivos",0.0,0.0,0.0
¿Por qué el excesivo endeudamiento de las empresas es especialmente relevante?,"['Entre el conjunto de desequilibrios financieros acumulados por la economía española, el excesivo endeudamiento de las empresas tiene especial relevancia por cuanto supone un freno a la recuperación de la inversión y por consiguiente a la recuperación del empleo.', 'Este nivel de deuda pública representa un factor claro de vulnerabilidad financiera ante cambios en el sentimiento inversor, ya que implica unas necesidades de financiación elevadas del sector público y limita el margen de actuación de la política fiscal en un eventual escenario de desaceleración.', 'Atresmedia es consciente de la decisiva labor de las empresas para la consecución de estas importantes metas y, por ese motivo, apoya con sus políticas, iniciativas y capacidad de difusión, la consecución de aquellos ODS en los que la contribución de la Compañía puede ser mayor y de especial incidencia.', 'El impacto de esta reforma global sobre la actividad económica es objeto de interés creciente, ya que representa un posible freno para el crecimiento económico.']",por cuanto supone un freno a la recuperación de la inversión y por consiguiente a la recuperación del empleo,supone un freno a la recuperación de la inversión,0.75,0.5,1.0
¿Qué impacto ha tenido la integración de todos nuestros canales de venta?,"['Su reutilización no es posible pero sí su reciclaje, por lo que el 97% son reciclados por empresas especializadas.', 'Esta decisión se adoptó en línea con las recomendaciones de gobierno corporativo en materia de rotación del auditor externo, a propuesta de la comisión de auditoría y como resultado de un concurso de selección desarrollado con plena transparencia.', 'La baja contable de los activos de un plan puede producirse cuando estos activos son mayores que la obligación proyectada y el Grupo no puede recuperar ningún superávit a través de reembolsos del instrumento en que está materializado el compromiso de prestación definida como consecuencia de requisitos de solvencia y/o control.', 'Debt Valuation Adjustment (DVA): ajuste a la valoración similar al CVA, pero en este caso como consecuencia del riesgo propio del Grupo que asumen sus contrapartidas en los derivados OTC.', 'También podrá proponerse la separación de consejeros independientes como consecuencia de ofertas públicas de adquisición, fusiones u otras operaciones corporativas similares que supongan un cambio en la estructura de capital de la sociedad, cuando tales cambios en la estructura del consejo de administración vengan propiciados por el criterio de proporcionalidad señalado en la recomendación 16.']",el 97% son reciclados por empresas especializadas,en Inditex hemos trabajado en desarrollos tecnológicos que permitan aportar nuevas posibilidades a las necesidades de nuestros clientes,0.0,0.0,0.0
¿Qué implicaciones tiene la entrada en el accionariado de la compañía de logística de valores y gestión de efectivo sudafricana SBV Services?,"['Su reutilización no es posible pero sí su reciclaje, por lo que el 97% son reciclados por empresas especializadas.', 'Esta decisión se adoptó en línea con las recomendaciones de gobierno corporativo en materia de rotación del auditor externo, a propuesta de la comisión de auditoría y como resultado de un concurso de selección desarrollado con plena transparencia.', 'La baja contable de los activos de un plan puede producirse cuando estos activos son mayores que la obligación proyectada y el Grupo no puede recuperar ningún superávit a través de reembolsos del instrumento en que está materializado el compromiso de prestación definida como consecuencia de requisitos de solvencia y/o control.', 'Debt Valuation Adjustment (DVA): ajuste a la valoración similar al CVA, pero en este caso como consecuencia del riesgo propio del Grupo que asumen sus contrapartidas en los derivados OTC.', 'También podrá proponerse la separación de consejeros independientes como consecuencia de ofertas públicas de adquisición, fusiones u otras operaciones corporativas similares que supongan un cambio en la estructura de capital de la sociedad, cuando tales cambios en la estructura del consejo de administración vengan propiciados por el criterio de proporcionalidad señalado en la recomendación 16.']",el 97% son reciclados por empresas especializadas,ya contamos con presencia en los cinco continentes,0.0,0.5,0.0
¿A qué se debe que el resultado financiero haya descendido con respecto al año anterior?,"['Su reutilización no es posible pero sí su reciclaje, por lo que el 97% son reciclados por empresas especializadas.', 'Esta decisión se adoptó en línea con las recomendaciones de gobierno corporativo en materia de rotación del auditor externo, a propuesta de la comisión de auditoría y como resultado de un concurso de selección desarrollado con plena transparencia.', 'Debt Valuation Adjustment (DVA): ajuste a la valoración similar al CVA, pero en este caso como consecuencia del riesgo propio del Grupo que asumen sus contrapartidas en los derivados OTC.', 'Ofrece a los usuarios una imagen tridimensional del objeto que se inspecciona, con lo que se ofrece una visión clara acerca del alcance y naturaleza de los posibles defectos.', 'Llevamos años siendo cada vez más y más eficientes, por eso también cada vez es más difícil mejorar.']",también cada vez es más difícil mejorar,"al diferente impacto de los resultados no recurrentes (pérdida de 15,5 millones de euros en 2016 respecto a beneficios de 22,3 millones de euros en 2015)",0.25,0.5,0.0
¿Qué efecto se deriva de las  propuestas personalizadas tanto para los individuos como para las empresas?,"['Su reutilización no es posible pero sí su reciclaje, por lo que el 97% son reciclados por empresas especializadas.', 'Esta decisión se adoptó en línea con las recomendaciones de gobierno corporativo en materia de rotación del auditor externo, a propuesta de la comisión de auditoría y como resultado de un concurso de selección desarrollado con plena transparencia.', 'La baja contable de los activos de un plan puede producirse cuando estos activos son mayores que la obligación proyectada y el Grupo no puede recuperar ningún superávit a través de reembolsos del instrumento en que está materializado el compromiso de prestación definida como consecuencia de requisitos de solvencia y/o control.', 'Debt Valuation Adjustment (DVA): ajuste a la valoración similar al CVA, pero en este caso como consecuencia del riesgo propio del Grupo que asumen sus contrapartidas en los derivados OTC.', 'También podrá proponerse la separación de consejeros independientes como consecuencia de ofertas públicas de adquisición, fusiones u otras operaciones corporativas similares que supongan un cambio en la estructura de capital de la sociedad, cuando tales cambios en la estructura del consejo de administración vengan propiciados por el criterio de proporcionalidad señalado en la recomendación 16.']",el 97% son reciclados por empresas especializadas,Nuestra oferta integrada se compone de un amplio rango de productos y servicios que se anticipan y adaptan a las necesidades de nuestros clientes,0.0,0.5,0.0
¿Cuál es la causa que ha permitido organizar ofertas personalizadas y adaptadas a sus perfiles?,"['Su reutilización no es posible pero sí su reciclaje, por lo que el 97% son reciclados por empresas especializadas.', 'Esta decisión se adoptó en línea con las recomendaciones de gobierno corporativo en materia de rotación del auditor externo, a propuesta de la comisión de auditoría y como resultado de un concurso de selección desarrollado con plena transparencia.', 'Debt Valuation Adjustment (DVA): ajuste a la valoración similar al CVA, pero en este caso como consecuencia del riesgo propio del Grupo que asumen sus contrapartidas en los derivados OTC.', 'Ofrece a los usuarios una imagen tridimensional del objeto que se inspecciona, con lo que se ofrece una visión clara acerca del alcance y naturaleza de los posibles defectos.', 'Llevamos años siendo cada vez más y más eficientes, por eso también cada vez es más difícil mejorar.']","Su reutilización no es posible pero sí su reciclaje, por lo que el 97% son reciclados por empresas especializadas","Grupo DIA mantiene desde hace 18 años una herramienta de fidelización que le permite conocer las necesidades, gustos y preferencias de sus clientes",0.0,1.0,0.5
